{
  "run_id": "run-287bc5b46f6c",
  "run_dir": "H:\\Drive'\u0131m\\GitHub_Repo\\Deepsoil\\1DSRA\\output\\baseline_iter\\mrdf_explicit_gref_latched\\runs\\run-287bc5b46f6c",
  "stratawave_dt_s": 0.004999999999999893,
  "deepsoil_dt_s": 0.004999999999999893,
  "overlap_duration_s": 29.99499999999936,
  "overlap_samples": 6000,
  "stratawave_pga_m_s2": 3.2864015374271736,
  "deepsoil_pga_m_s2": 3.0161205902380765,
  "pga_ratio": 1.0896121156640366,
  "pga_pct_diff": 8.961211566403664,
  "surface_rmse_m_s2": 0.3900705061801255,
  "surface_nrmse": 0.12932855120013848,
  "surface_corrcoef": 0.6891394527706551,
  "psa_point_count": 80,
  "psa_rmse_m_s2": 1.2210350295832837,
  "psa_nrmse": 0.10858745860552839,
  "psa_max_abs_diff_m_s2": 5.873910705101899,
  "psa_pct_diff_at_peak": -1.8026200899600517,
  "psa_peak_period_s": 0.16941210201752382,
  "used_reference_psa_csv": true,
  "surface_psa_peak_period_diff_pct": 11.732494130275942,
  "arias_intensity_sw": 1.3906829403594536,
  "arias_intensity_ref": 0.7032394850645711,
  "arias_intensity_ratio": 1.9775381927420668,
  "xcorr_lag_samples": 2,
  "xcorr_lag_s": 0.009999999999999787,
  "xcorr_peak_coeff": 0.7433728581990451,
  "input_history_nrmse": 8.170042486602506e-07,
  "input_psa_nrmse": 0.014240944871516564,
  "applied_input_history_nrmse": 8.170042486602506e-07,
  "applied_input_psa_nrmse": 2.3215137809655103e-07,
  "input_dt_used_s": 0.004999999999999893,
  "input_pga_loaded_m_s2": 2.1467799709269246,
  "applied_input_pga_loaded_m_s2": 1.0733899854634623,
  "boundary_condition": "rigid",
  "motion_input_type": "outcrop",
  "damping_mode": "frequency_independent",
  "base_motion_semantics_ok": true,
  "reference_kind": "primary_gqh",
  "warnings": [],
  "profile": {
    "depth_points": 5,
    "compared_metrics": [
      "effective_stress_kpa",
      "pga_g",
      "max_displacement_m",
      "max_strain_pct",
      "max_stress_ratio",
      "mobilized_strength_kpa",
      "mobilized_friction_angle_deg"
    ],
    "gamma_max_nrmse": null,
    "ru_max_nrmse": null,
    "sigma_v_eff_min_nrmse": null,
    "effective_stress_kpa_nrmse": 0.614482167294058,
    "pga_g_nrmse": 0.06783217636336523,
    "max_displacement_m_nrmse": 0.3333763501327739,
    "max_strain_pct_nrmse": 0.17225164307971247,
    "max_stress_ratio_nrmse": 0.42924920767447045,
    "vs_m_s_nrmse": null,
    "implied_strength_kpa_nrmse": null,
    "normalized_implied_strength_nrmse": null,
    "implied_friction_angle_deg_nrmse": null,
    "mobilized_strength_nrmse": 0.03689382211194845,
    "mobilized_friction_angle_deg_nrmse": 0.4015178398713855
  },
  "hysteresis": {
    "layer_index": 0,
    "point_count": 240,
    "sw_gamma_peak": 2.903942472721743e-05,
    "ref_gamma_peak": 2.6860040502993477e-05,
    "gamma_peak_pct_diff": 8.11385308216891,
    "sw_tau_peak_kpa": 9.913749731862936,
    "ref_tau_peak_kpa": 10.957557413672664,
    "tau_peak_pct_diff": -9.52591569821283,
    "sw_loop_energy": 0.0002493620523458059,
    "ref_loop_energy": 0.00011449206940372935,
    "loop_energy_pct_diff": 117.79853717770554,
    "stress_path_nrmse": 0.32178990988031553
  },
  "layer_parity": {
    "row_count": 5,
    "gamma_max_nrmse": 0.1722516430797125,
    "tau_peak_kpa_nrmse": 0.03689382211194845,
    "secant_g_over_gmax_nrmse": 0.093444222258389,
    "worst_gamma_layer_index": 0,
    "worst_tau_layer_index": 1,
    "worst_secant_layer_index": 0,
    "rows": [
      {
        "layer_index": 0,
        "z_mid_m": 2.0,
        "sw_gamma_max": 5.3636293877e-05,
        "ref_gamma_max": 2.9259805780019977e-05,
        "gamma_max_pct_diff": 83.31049180656379,
        "sw_tau_peak_kpa": 11.988156456,
        "ref_tau_peak_kpa": 12.1,
        "tau_peak_pct_diff": -0.9243268099173486,
        "sw_secant_g_over_gmax": 0.68742785068,
        "ref_secant_g_over_gmax": 0.8113587690390948,
        "secant_g_over_gmax_pct_diff": -15.274490532205393,
        "stress_path_nrmse": 0.32178990988031553,
        "loop_energy_pct_diff": 117.79853717770554
      },
      {
        "layer_index": 1,
        "z_mid_m": 6.0,
        "sw_gamma_max": 0.00015428678529,
        "ref_gamma_max": 0.00010238136840577661,
        "gamma_max_pct_diff": 50.69810815431019,
        "sw_tau_peak_kpa": 41.616649217,
        "ref_tau_peak_kpa": 36.1,
        "tau_peak_pct_diff": 15.281576778393354,
        "sw_secant_g_over_gmax": 0.64321081985,
        "ref_secant_g_over_gmax": 0.6918075144227482,
        "secant_g_over_gmax_pct_diff": -7.024597674874622,
        "stress_path_nrmse": null,
        "loop_energy_pct_diff": null
      },
      {
        "layer_index": 2,
        "z_mid_m": 10.0,
        "sw_gamma_max": 0.00025129048986,
        "ref_gamma_max": 0.0001855473392878404,
        "gamma_max_pct_diff": 35.43200933222327,
        "sw_tau_peak_kpa": 60.136658568,
        "ref_tau_peak_kpa": 57.6,
        "tau_peak_pct_diff": 4.403921125,
        "sw_secant_g_over_gmax": 0.538353823,
        "ref_secant_g_over_gmax": 0.6090693643668219,
        "secant_g_over_gmax_pct_diff": -11.610424937451347,
        "stress_path_nrmse": null,
        "loop_energy_pct_diff": null
      },
      {
        "layer_index": 3,
        "z_mid_m": 14.0,
        "sw_gamma_max": 0.00032347770652,
        "ref_gamma_max": 0.0002599749714841779,
        "gamma_max_pct_diff": 24.42648023895905,
        "sw_tau_peak_kpa": 77.199572625,
        "ref_tau_peak_kpa": 74.7,
        "tau_peak_pct_diff": 3.3461480923694764,
        "sw_secant_g_over_gmax": 0.5009521123,
        "ref_secant_g_over_gmax": 0.5637519610572196,
        "secant_g_over_gmax_pct_diff": -11.13962400050002,
        "stress_path_nrmse": null,
        "loop_energy_pct_diff": null
      },
      {
        "layer_index": 4,
        "z_mid_m": 18.0,
        "sw_gamma_max": 0.00034495497237,
        "ref_gamma_max": 0.000301760267240939,
        "gamma_max_pct_diff": 14.314245385583655,
        "sw_tau_peak_kpa": 87.334673412,
        "ref_tau_peak_kpa": 84.9,
        "tau_peak_pct_diff": 2.8676954204946936,
        "sw_secant_g_over_gmax": 0.50644493848,
        "ref_secant_g_over_gmax": 0.5520070668117482,
        "secant_g_over_gmax_pct_diff": -8.253903087673013,
        "stress_path_nrmse": null,
        "loop_energy_pct_diff": null
      }
    ]
  },
  "backbone_diagnostic": {
    "row_count": 5,
    "tau_peak_kpa_nrmse": 0.00032434026175287247,
    "secant_g_over_gmax_nrmse": 0.001194232004210919,
    "backbone_loop_energy_nrmse": 1.4303591295408211,
    "worst_tau_layer_index": 0,
    "worst_secant_layer_index": 0,
    "rows": [
      {
        "layer_index": 0,
        "z_mid_m": 2.0,
        "material": "gqh",
        "reload_factor": 1.1,
        "ref_gamma_max": 2.9259805780019977e-05,
        "ref_tau_peak_kpa": 12.1,
        "ref_secant_g_over_gmax": 0.8113587690390948,
        "sw_backbone_tau_peak_kpa": 12.129743532742133,
        "sw_backbone_tau_pct_diff": 0.24581432018291677,
        "sw_backbone_secant_g_over_gmax": 0.8133531985746272,
        "sw_backbone_secant_pct_diff": 0.2458135182164175,
        "sw_backbone_tangent_g_over_gmax": 0.6822728945235856,
        "backbone_masing_loop_energy": 0.00027825684613537493,
        "backbone_masing_loop_energy_pct_diff": 143.0359129540821
      },
      {
        "layer_index": 1,
        "z_mid_m": 6.0,
        "material": "gqh",
        "reload_factor": 1.1,
        "ref_gamma_max": 0.00010238136840577661,
        "ref_tau_peak_kpa": 36.1,
        "ref_secant_g_over_gmax": 0.6918075144227482,
        "sw_backbone_tau_peak_kpa": 36.058119371991374,
        "sw_backbone_tau_pct_diff": -0.11601281996849651,
        "sw_backbone_secant_g_over_gmax": 0.6910049234884731,
        "sw_backbone_secant_pct_diff": -0.1160136190403829,
        "sw_backbone_tangent_g_over_gmax": 0.4973337230797821,
        "backbone_masing_loop_energy": 0.0037939241580697593,
        "backbone_masing_loop_energy_pct_diff": null
      },
      {
        "layer_index": 2,
        "z_mid_m": 10.0,