{
  "case": "rigid_within",
  "geo_run": "H:\\Drive'\u0131m\\GitHub_Repo\\Deepsoil\\1DSRA\\out\\boundary_semantics\\run-24be21e0eccb",
  "deepsoil_case": "C:\\DEEPSOIL\\Batch Output\\Batch_run_23\\profile_0\\Motion_Kocaeli",
  "surface_metrics_geo": {
    "input_pga_g": 0.21876097017380222,
    "surface_pga_g": 0.3800703517796116,
    "surface_to_input_pga_amp": 1.7373773369063576,
    "input_psa_peak_g": 0.7727544284663005,
    "surface_psa_peak_g": 1.7913724001216424,
    "surface_to_input_peak_psa_amp": 2.318165168819558,
    "surface_peak_period_s": 0.18983052393992603
  },
  "surface_metrics_deepsoil": {
    "input_pga_g": 0.2188357,
    "surface_pga_g": 0.5069620690623701,
    "surface_to_input_pga_amp": 2.316633296406254,
    "input_psa_peak_g": 0.7730184051898091,
    "surface_psa_peak_g": 2.6318912431648163,
    "surface_to_input_peak_psa_amp": 3.4046941515170963,
    "surface_peak_period_s": 0.18983052393992603
  },
  "profile_metrics": {
    "gamma_max": {
      "nrmse": 0.05839288453559579,
      "geo_values": [
        8.0225447639e-05,
        0.00024453002616,
        0.00044243817479,
        0.00057590353748,
        0.0005777644894
      ],
      "deepsoil_values": [
        5.584741845877537e-05,
        0.0002161367687372117,
        0.0004149935237441754,
        0.0005816889564633517,
        0.0006483253854254134
      ],
      "geo_over_deepsoil_mean_ratio": 1.103045917398213
    },
    "pga_g": {
      "nrmse": 0.16413326169951478,
      "geo_values": [
        0.4373714978447868,
        0.4072174447540085,
        0.34423146087270595,
        0.23996265450438334,
        0.0826368941631956
      ],
      "deepsoil_values": [
        0.5069620690623701,
        0.49234519975879915,
        0.4285666103523375,
        0.32279727801656954,
        0.17513227268719503
      ],
      "geo_over_deepsoil_mean_ratio": 0.7416565178676163
    },
    "max_displacement_m": {
      "nrmse": 0.15769933477221953,
      "geo_values": [
        0.006919118912983445,
        0.006471021912855104,
        0.005326696342013574,
        0.0034460033790784366,
        0.0011555289788078042
      ],
      "deepsoil_values": [
        0.007664623427635184,
        0.00744239642320793,
        0.006579046963529039,
        0.004919072868552338,
        0.0025933015417016537
      ],
      "geo_over_deepsoil_mean_ratio": 0.7455964573226906
    },
    "max_strain_pct": {
      "nrmse": 0.0583928845355958,
      "geo_values": [
        0.0080225447639,
        0.024453002616000002,
        0.044243817479,
        0.057590353748,
        0.05777644894
      ],
      "deepsoil_values": [
        0.005584741845877537,
        0.02161367687372117,
        0.04149935237441754,
        0.05816889564633517,
        0.06483253854254134
      ],
      "geo_over_deepsoil_mean_ratio": 1.103045917398213
    },
    "max_stress_ratio": {
      "nrmse": 0.22336332295175954,
      "geo_values": [
        0.7456551204612366,
        0.7304554024043179,
        0.6926615564867518,
        0.6233555623159961,
        0.5273366649711045
      ],
      "deepsoil_values": [
        1.001818851852742,
        0.9728551873508811,
        0.9166178205125458,
        0.8279510447075094,
        0.7116486541771494
      ],
      "geo_over_deepsoil_mean_ratio": 0.7489411133727373
    },
    "effective_stress_kpa": {
      "nrmse": 3.4648824731834145e-17,
      "geo_values": [
        20.38,
        61.14,
        101.89999999999999,
        142.66,
        183.42
      ],
      "deepsoil_values": [
        20.38,
        61.14,
        101.9,
        142.66,
        183.42
      ],
      "geo_over_deepsoil_mean_ratio": 1.0
    }
  }
}