{
  "run_id": "run-cbc25a371ce3",
  "run_dir": "H:\\Drive'\u0131m\\GitHub_Repo\\Deepsoil\\1DSRA\\output\\baseline_iter\\semantics_check\\baseline_rigid_within\\run-cbc25a371ce3",
  "stratawave_dt_s": 0.004999999999999893,
  "deepsoil_dt_s": 0.004999999999999893,
  "overlap_duration_s": 29.99499999999936,
  "overlap_samples": 6000,
  "stratawave_pga_m_s2": 5.522300975583227,
  "deepsoil_pga_m_s2": 3.0161205902380765,
  "pga_ratio": 1.8309284428005335,
  "pga_pct_diff": 83.09284428005334,
  "surface_rmse_m_s2": 0.9500091623223323,
  "surface_nrmse": 0.3149771814156823,
  "surface_corrcoef": 0.6792174079595885,
  "psa_point_count": 80,
  "psa_rmse_m_s2": 5.813989266318233,
  "psa_nrmse": 0.5170419385959609,
  "psa_max_abs_diff_m_s2": 22.991456957836686,
  "psa_pct_diff_at_peak": 101.30466192142345,
  "psa_peak_period_s": 0.16941210201752382,
  "used_reference_psa_csv": true,
  "surface_psa_peak_period_diff_pct": 11.732494130275942,
  "arias_intensity_sw": 6.5469548602893655,
  "arias_intensity_ref": 0.7032394850645711,
  "arias_intensity_ratio": 9.30970885357529,
  "xcorr_lag_samples": 2,
  "xcorr_lag_s": 0.009999999999999787,
  "xcorr_peak_coeff": 0.706955069816528,
  "input_history_nrmse": 8.170042486602506e-07,
  "input_psa_nrmse": 0.014240944871516564,
  "applied_input_history_nrmse": 8.170042486602506e-07,
  "applied_input_psa_nrmse": 2.3215137809655103e-07,
  "input_dt_used_s": 0.004999999999999893,
  "input_pga_loaded_m_s2": 2.1467799709269246,
  "applied_input_pga_loaded_m_s2": 2.1467799709269246,
  "boundary_condition": "rigid",
  "motion_input_type": "within",
  "damping_mode": "frequency_independent",
  "base_motion_semantics_ok": false,
  "reference_kind": "primary_gqh",
  "warnings": [],
  "profile": {
    "depth_points": 5,
    "compared_metrics": [
      "effective_stress_kpa",
      "pga_g",
      "max_displacement_m",
      "max_strain_pct",
      "max_stress_ratio",
      "mobilized_strength_kpa",
      "mobilized_friction_angle_deg"
    ],
    "gamma_max_nrmse": null,
    "ru_max_nrmse": null,
    "sigma_v_eff_min_nrmse": null,
    "effective_stress_kpa_nrmse": 0.0,
    "pga_g_nrmse": 0.7916184379672639,
    "max_displacement_m_nrmse": 0.5729094389890628,
    "max_strain_pct_nrmse": 1.1570488476939889,
    "max_stress_ratio_nrmse": 0.785116802150827,
    "vs_m_s_nrmse": null,
    "implied_strength_kpa_nrmse": null,
    "normalized_implied_strength_nrmse": null,
    "implied_friction_angle_deg_nrmse": null,
    "mobilized_strength_nrmse": 0.6153208838980619,
    "mobilized_friction_angle_deg_nrmse": 0.5413700179052776
  },
  "hysteresis": {
    "layer_index": 0,
    "point_count": 240,
    "gamma_peak_pct_diff": 75.83682167552692,
    "tau_peak_pct_diff": 67.91700139567813,
    "loop_energy_pct_diff": 709.6622296894088,
    "stress_path_nrmse": 0.5223920090704008
  },
  "artifacts": null
}