{
  "run_id": "run-dd9d454813dc",
  "run_dir": "H:\\Drive'\u0131m\\GitHub_Repo\\Deepsoil\\1DSRA\\output\\baseline_iter\\reload_follow_backbone_crossing_sweep\\rf_1p4\\run-dd9d454813dc",
  "stratawave_dt_s": 0.004999999999999893,
  "deepsoil_dt_s": 0.004999999999999893,
  "overlap_duration_s": 29.99499999999936,
  "overlap_samples": 6000,
  "stratawave_pga_m_s2": 3.0147199862990943,
  "deepsoil_pga_m_s2": 3.0161205902380765,
  "pga_ratio": 0.9995356273407916,
  "pga_pct_diff": -0.046437265920845336,
  "surface_rmse_m_s2": 0.3359601806627892,
  "surface_nrmse": 0.11138817915649192,
  "surface_corrcoef": 0.7547717471991556,
  "psa_point_count": 80,
  "psa_rmse_m_s2": 0.8185480552006571,
  "psa_nrmse": 0.07279402384636875,
  "psa_max_abs_diff_m_s2": 3.8646717565731414,
  "psa_pct_diff_at_peak": -8.473395727524105,
  "psa_peak_period_s": 0.16941210201752382,
  "used_reference_psa_csv": true,
  "surface_psa_peak_period_diff_pct": 11.732494130275942,
  "arias_intensity_sw": 1.2597890424855698,
  "arias_intensity_ref": 0.7032394850645711,
  "arias_intensity_ratio": 1.7914082886996832,
  "xcorr_lag_samples": 1,
  "xcorr_lag_s": 0.004999999999999893,
  "xcorr_peak_coeff": 0.7724952457070333,
  "input_history_nrmse": 3.9028023283585766e-05,
  "input_psa_nrmse": 0.014235105834099681,
  "applied_input_history_nrmse": 3.9028023283585766e-05,
  "applied_input_psa_nrmse": 0.00012773466201254687,
  "input_dt_used_s": 0.004999999999999893,
  "input_pga_loaded_m_s2": 2.146046870732979,
  "applied_input_pga_loaded_m_s2": 1.0730234353664896,
  "boundary_condition": "rigid",
  "motion_input_type": "outcrop",
  "damping_mode": "frequency_independent",
  "base_motion_semantics_ok": true,
  "reference_kind": "primary_gqh",
  "warnings": [],
  "profile": {
    "depth_points": 5,
    "compared_metrics": [
      "effective_stress_kpa",
      "pga_g",
      "max_displacement_m",
      "max_strain_pct",
      "max_stress_ratio",
      "mobilized_strength_kpa",
      "mobilized_friction_angle_deg"
    ],
    "gamma_max_nrmse": null,
    "ru_max_nrmse": null,
    "sigma_v_eff_min_nrmse": null,
    "effective_stress_kpa_nrmse": 0.614482167294058,
    "pga_g_nrmse": 0.03460579330752586,
    "max_displacement_m_nrmse": 0.35407510552672217,
    "max_strain_pct_nrmse": 0.13971033316644313,
    "max_stress_ratio_nrmse": 0.4553201108650113,
    "vs_m_s_nrmse": null,
    "implied_strength_kpa_nrmse": null,
    "normalized_implied_strength_nrmse": null,
    "implied_friction_angle_deg_nrmse": null,
    "mobilized_strength_nrmse": 0.02611219637486544,
    "mobilized_friction_angle_deg_nrmse": 0.4278803877197665
  },
  "hysteresis": {
    "layer_index": 0,
    "point_count": 240,
    "sw_gamma_peak": 3.248945009786788e-05,
    "ref_gamma_peak": 2.6860040502993477e-05,
    "gamma_peak_pct_diff": 20.95830642640699,
    "sw_tau_peak_kpa": 12.402510222163215,
    "ref_tau_peak_kpa": 10.957557413672664,
    "tau_peak_pct_diff": 13.186814852437488,
    "sw_loop_energy": 0.00020317724769048056,
    "ref_loop_energy": 0.00011449206940372935,
    "loop_energy_pct_diff": 77.45966925798484,
    "stress_path_nrmse": 0.3109961001730878
  },
  "layer_parity": {
    "row_count": 5,
    "gamma_max_nrmse": 0.13971033316644318,
    "tau_peak_kpa_nrmse": 0.02611219637486544,
    "secant_g_over_gmax_nrmse": 0.07744049764136066,
    "worst_gamma_layer_index": 0,
    "worst_tau_layer_index": 0,
    "worst_secant_layer_index": 4,
    "rows": [
      {
        "layer_index": 0,
        "z_mid_m": 2.0,
        "sw_gamma_max": 5.4978298056e-05,
        "ref_gamma_max": 2.9259805780019977e-05,
        "gamma_max_pct_diff": 87.89700269829495,
        "sw_tau_peak_kpa": 12.801582495,
        "ref_tau_peak_kpa": 12.1,
        "tau_peak_pct_diff": 5.798202438016531,
        "sw_secant_g_over_gmax": 0.74192003031,
        "ref_secant_g_over_gmax": 0.8113587690390948,
        "secant_g_over_gmax_pct_diff": -8.55832726271415,
        "stress_path_nrmse": 0.3109961001730878,
        "loop_energy_pct_diff": 77.45966925798484
      },
      {
        "layer_index": 1,
        "z_mid_m": 6.0,
        "sw_gamma_max": 0.00011385392207,
        "ref_gamma_max": 0.00010238136840577661,
        "gamma_max_pct_diff": 11.205704556275581,
        "sw_tau_peak_kpa": 34.082159452,
        "ref_tau_peak_kpa": 36.1,
        "tau_peak_pct_diff": -5.5895860055401725,
        "sw_secant_g_over_gmax": 0.69989272895,
        "ref_secant_g_over_gmax": 0.6918075144227482,
        "secant_g_over_gmax_pct_diff": 1.168708688282772,
        "stress_path_nrmse": null,
        "loop_energy_pct_diff": null
      },
      {
        "layer_index": 2,
        "z_mid_m": 10.0,
        "sw_gamma_max": 0.00024060838574,
        "ref_gamma_max": 0.0001855473392878404,
        "gamma_max_pct_diff": 29.674931833295197,
        "sw_tau_peak_kpa": 59.021548744,
        "ref_tau_peak_kpa": 57.6,
        "tau_peak_pct_diff": 2.467966569444443,
        "sw_secant_g_over_gmax": 0.53732537505,
        "ref_secant_g_over_gmax": 0.6090693643668219,
        "secant_g_over_gmax_pct_diff": -11.779280573634784,
        "stress_path_nrmse": null,
        "loop_energy_pct_diff": null
      },
      {
        "layer_index": 3,
        "z_mid_m": 14.0,
        "sw_gamma_max": 0.0002568308436,
        "ref_gamma_max": 0.0002599749714841779,
        "gamma_max_pct_diff": -1.2093963762081683,
        "sw_tau_peak_kpa": 70.478121094,
        "ref_tau_peak_kpa": 74.7,
        "tau_peak_pct_diff": -5.651778990629184,
        "sw_secant_g_over_gmax": 0.58240398779,
        "ref_secant_g_over_gmax": 0.5637519610572196,
        "secant_g_over_gmax_pct_diff": 3.3085519911632373,
        "stress_path_nrmse": null,
        "loop_energy_pct_diff": null
      },
      {
        "layer_index": 4,
        "z_mid_m": 18.0,
        "sw_gamma_max": 0.0003728394715,
        "ref_gamma_max": 0.000301760267240939,
        "gamma_max_pct_diff": 23.554858599826247,
        "sw_tau_peak_kpa": 85.305995005,
        "ref_tau_peak_kpa": 84.9,
        "tau_peak_pct_diff": 0.4782037750294394,
        "sw_secant_g_over_gmax": 0.45527490696,
        "ref_secant_g_over_gmax": 0.5520070668117482,
        "secant_g_over_gmax_pct_diff": -17.523717660074247,
        "stress_path_nrmse": null,
        "loop_energy_pct_diff": null
      }
    ]
  },
  "backbone_diagnostic": {
    "row_count": 5,
    "tau_peak_kpa_nrmse": 0.00032434026175287247,
    "secant_g_over_gmax_nrmse": 0.001194232004210919,
    "backbone_loop_energy_nrmse": 1.4303591295408211,
    "worst_tau_layer_index": 0,
    "worst_secant_layer_index": 0,
    "rows": [
      {
        "layer_index": 0,
        "z_mid_m": 2.0,
        "material": "gqh",
        "reload_factor": 1.4,
        "ref_gamma_max": 2.9259805780019977e-05,
        "ref_tau_peak_kpa": 12.1,
        "ref_secant_g_over_gmax": 0.8113587690390948,
        "sw_backbone_tau_peak_kpa": 12.129743532742133,
        "sw_backbone_tau_pct_diff": 0.24581432018291677,
        "sw_backbone_secant_g_over_gmax": 0.8133531985746272,
        "sw_backbone_secant_pct_diff": 0.2458135182164175,
        "sw_backbone_tangent_g_over_gmax": 0.6822728945235856,
        "backbone_masing_loop_energy": 0.00027825684613537493,
        "backbone_masing_loop_energy_pct_diff": 143.0359129540821
      },
      {
        "layer_index": 1,
        "z_mid_m": 6.0,
        "material": "gqh",
        "reload_factor": 1.4,
        "ref_gamma_max": 0.00010238136840577661,
        "ref_tau_peak_kpa": 36.1,
        "ref_secant_g_over_gmax": 0.6918075144227482,
        "sw_backbone_tau_peak_kpa": 36.058119371991374,
        "sw_backbone_tau_pct_diff": -0.11601281996849651,
        "sw_backbone_secant_g_over_gmax": 0.6910049234884731,
        "sw_backbone_secant_pct_diff": -0.1160136190403829,
        "sw_backbone_tangent_g_over_gmax": 0.4973337230797821,
        "backbone_masing_loop_energy": 0.0037939241580697593,
        "backbone_masing_loop_energy_pct_diff": null
      },
      {
        "layer_index": 2,