{
  "run_id": "run-2141d2709b7e",
  "run_dir": "H:\\Drive'\u0131m\\GitHub_Repo\\Deepsoil\\1DSRA\\output\\baseline_iter\\reload_branch_secant_sweep\\blend_0_5\\run-2141d2709b7e",
  "stratawave_dt_s": 0.004999999999999893,
  "deepsoil_dt_s": 0.004999999999999893,
  "overlap_duration_s": 29.99499999999936,
  "overlap_samples": 6000,
  "stratawave_pga_m_s2": 2.992939074470164,
  "deepsoil_pga_m_s2": 3.0161205902380765,
  "pga_ratio": 0.9923141283399141,
  "pga_pct_diff": -0.7685871660085936,
  "surface_rmse_m_s2": 0.3665577839646585,
  "surface_nrmse": 0.12153286746932737,
  "surface_corrcoef": 0.737725257966616,
  "psa_point_count": 80,
  "psa_rmse_m_s2": 1.080363488296227,
  "psa_nrmse": 0.09607744472681332,
  "psa_max_abs_diff_m_s2": 5.476097837449085,
  "psa_pct_diff_at_peak": -5.494099998393075,
  "psa_peak_period_s": 0.16941210201752382,
  "used_reference_psa_csv": true,
  "surface_psa_peak_period_diff_pct": 11.732494130275942,
  "arias_intensity_sw": 1.412960338413067,
  "arias_intensity_ref": 0.7032394850645711,
  "arias_intensity_ratio": 2.009216445352652,
  "xcorr_lag_samples": 1,
  "xcorr_lag_s": 0.004999999999999893,
  "xcorr_peak_coeff": 0.7587711277097249,
  "input_history_nrmse": 3.9028023283585766e-05,
  "input_psa_nrmse": 0.014235105834099681,
  "applied_input_history_nrmse": 0.057151003838187726,
  "applied_input_psa_nrmse": 0.1872332908040134,
  "input_dt_used_s": 0.004999999999999893,
  "input_pga_loaded_m_s2": 2.146046870732979,
  "applied_input_pga_loaded_m_s2": 1.0730234353664896,
  "boundary_condition": "",
  "motion_input_type": "",
  "damping_mode": "",
  "base_motion_semantics_ok": null,
  "reference_kind": "primary_gqh",
  "warnings": [],
  "profile": {
    "depth_points": 5,
    "compared_metrics": [
      "pga_g",
      "max_displacement_m",
      "max_strain_pct"
    ],
    "gamma_max_nrmse": null,
    "ru_max_nrmse": null,
    "sigma_v_eff_min_nrmse": null,
    "effective_stress_kpa_nrmse": null,
    "pga_g_nrmse": 0.043725171983308234,
    "max_displacement_m_nrmse": 0.3264484209954244,
    "max_strain_pct_nrmse": 0.17336026509689206,
    "max_stress_ratio_nrmse": null,
    "vs_m_s_nrmse": null,
    "implied_strength_kpa_nrmse": null,
    "normalized_implied_strength_nrmse": null,
    "implied_friction_angle_deg_nrmse": null,
    "mobilized_strength_nrmse": null,
    "mobilized_friction_angle_deg_nrmse": null
  },
  "hysteresis": {
    "layer_index": 0,
    "point_count": 240,
    "sw_gamma_peak": 2.6404591663272507e-05,
    "ref_gamma_peak": 2.6860040502993477e-05,
    "gamma_peak_pct_diff": -1.695637203786834,
    "sw_tau_peak_kpa": 10.260471982857595,
    "ref_tau_peak_kpa": 10.957557413672664,
    "tau_peak_pct_diff": -6.361686318387495,
    "sw_loop_energy": 0.0003149664122828454,
    "ref_loop_energy": 0.00011449206940372935,
    "loop_energy_pct_diff": 175.0988901879225,
    "stress_path_nrmse": 0.3047884583255449
  },
  "layer_parity": {
    "row_count": 5,
    "gamma_max_nrmse": 0.1733602650968921,
    "tau_peak_kpa_nrmse": 0.011394391591485373,
    "secant_g_over_gmax_nrmse": 0.10491676875351084,
    "worst_gamma_layer_index": 0,
    "worst_tau_layer_index": 4,
    "worst_secant_layer_index": 3,
    "rows": [
      {
        "layer_index": 0,
        "z_mid_m": 2.0,
        "sw_gamma_max": 5.1758320536e-05,
        "ref_gamma_max": 2.9259805780019977e-05,
        "gamma_max_pct_diff": 76.89222179097,
        "sw_tau_peak_kpa": 12.154810581,
        "ref_tau_peak_kpa": 12.1,
        "tau_peak_pct_diff": 0.4529800082644621,
        "sw_secant_g_over_gmax": 0.72809201461,
        "ref_secant_g_over_gmax": 0.8113587690390948,
        "secant_g_over_gmax_pct_diff": -10.262630738274877,
        "stress_path_nrmse": 0.3047884583255449,
        "loop_energy_pct_diff": 175.0988901879225
      },
      {
        "layer_index": 1,
        "z_mid_m": 6.0,
        "sw_gamma_max": 0.0001417664982,
        "ref_gamma_max": 0.00010238136840577661,
        "gamma_max_pct_diff": 38.46904022431604,
        "sw_tau_peak_kpa": 35.714893605,
        "ref_tau_peak_kpa": 36.1,
        "tau_peak_pct_diff": -1.0667767174515266,
        "sw_secant_g_over_gmax": 0.61073474002,
        "ref_secant_g_over_gmax": 0.6918075144227482,
        "secant_g_over_gmax_pct_diff": -11.718978576056113,
        "stress_path_nrmse": null,
        "loop_energy_pct_diff": null
      },
      {
        "layer_index": 2,
        "z_mid_m": 10.0,
        "sw_gamma_max": 0.00024342670659,
        "ref_gamma_max": 0.0001855473392878404,
        "gamma_max_pct_diff": 31.193854638018326,
        "sw_tau_peak_kpa": 56.970064705,
        "ref_tau_peak_kpa": 57.6,
        "tau_peak_pct_diff": -1.0936376649305604,
        "sw_secant_g_over_gmax": 0.52570289619,
        "ref_secant_g_over_gmax": 0.6090693643668219,
        "secant_g_over_gmax_pct_diff": -13.687516242667742,
        "stress_path_nrmse": null,
        "loop_energy_pct_diff": null
      },
      {
        "layer_index": 3,
        "z_mid_m": 14.0,
        "sw_gamma_max": 0.00033143624397,
        "ref_gamma_max": 0.0002599749714841779,
        "gamma_max_pct_diff": 27.48775086996068,
        "sw_tau_peak_kpa": 73.718848556,
        "ref_tau_peak_kpa": 74.7,
        "tau_peak_pct_diff": -1.313455748326647,
        "sw_secant_g_over_gmax": 0.4723761675,
        "ref_secant_g_over_gmax": 0.5637519610572196,
        "secant_g_over_gmax_pct_diff": -16.208510101829187,
        "stress_path_nrmse": null,
        "loop_energy_pct_diff": null
      },
      {
        "layer_index": 4,
        "z_mid_m": 18.0,
        "sw_gamma_max": 0.00035805652926,
        "ref_gamma_max": 0.000301760267240939,
        "gamma_max_pct_diff": 18.655955780325296,
        "sw_tau_peak_kpa": 83.120008494,
        "ref_tau_peak_kpa": 84.9,
        "tau_peak_pct_diff": -2.0965742120141364,
        "sw_secant_g_over_gmax": 0.4658340038,
        "ref_secant_g_over_gmax": 0.5520070668117482,
        "secant_g_over_gmax_pct_diff": -15.61086228650328,
        "stress_path_nrmse": null,
        "loop_energy_pct_diff": null
      }
    ]
  },
  "backbone_diagnostic": null,
  "reload_diagnostic": null,
  "envelope_diagnostic": null,
  "artifacts": {
    "output_dir": "H:\\Drive'\u0131m\\GitHub_Repo\\Deepsoil\\1DSRA\\output\\baseline_iter\\reload_branch_secant_sweep\\blend_0_5\\run-2141d2709b7e\\compare",
    "json_path": "H:\\Drive'\u0131m\\GitHub_Repo\\Deepsoil\\1DSRA\\output\\baseline_iter\\reload_branch_secant_sweep\\blend_0_5\\run-2141d2709b7e\\compare\\deepsoil_compare.json",
    "markdown_path": "H:\\Drive'\u0131m\\GitHub_Repo\\Deepsoil\\1DSRA\\output\\baseline_iter\\reload_branch_secant_sweep\\blend_0_5\\run-2141d2709b7e\\compare\\deepsoil_compare.md",
    "layer_parity_csv": "H:\\Drive'\u0131m\\GitHub_Repo\\Deepsoil\\1DSRA\\output\\baseline_iter\\reload_branch_secant_sweep\\blend_0_5\\run-2141d2709b7e\\compare\\layer_parity.csv",
    "backbone_diagnostic_csv": null,
    "hysteresis_envelope_csv": null
  }
}