{
  "run_id": "run-5245592c6ff1",
  "run_dir": "H:\\Drive'\u0131m\\GitHub_Repo\\Deepsoil\\1DSRA\\output\\baseline_iter\\reload_branch_secant_sweep\\blend_1_0\\run-5245592c6ff1",
  "stratawave_dt_s": 0.004999999999999893,
  "deepsoil_dt_s": 0.004999999999999893,
  "overlap_duration_s": 29.99499999999936,
  "overlap_samples": 6000,
  "stratawave_pga_m_s2": 3.2626917430244227,
  "deepsoil_pga_m_s2": 3.0161205902380765,
  "pga_ratio": 1.081751092308575,
  "pga_pct_diff": 8.175109230857482,
  "surface_rmse_m_s2": 0.4142320353559666,
  "surface_nrmse": 0.13733934800118772,
  "surface_corrcoef": 0.7001012471368495,
  "psa_point_count": 80,
  "psa_rmse_m_s2": 1.4213288585502732,
  "psa_nrmse": 0.12639972224657925,
  "psa_max_abs_diff_m_s2": 7.10783018398773,
  "psa_pct_diff_at_peak": -0.8205970158051598,
  "psa_peak_period_s": 0.16941210201752382,
  "used_reference_psa_csv": true,
  "surface_psa_peak_period_diff_pct": 11.732494130275942,
  "arias_intensity_sw": 1.6116851607687768,
  "arias_intensity_ref": 0.7032394850645711,
  "arias_intensity_ratio": 2.2918012924441986,
  "xcorr_lag_samples": 2,
  "xcorr_lag_s": 0.009999999999999787,
  "xcorr_peak_coeff": 0.7328110708565648,
  "input_history_nrmse": 3.9028023283585766e-05,
  "input_psa_nrmse": 0.014235105834099681,
  "applied_input_history_nrmse": 0.057151003838187726,
  "applied_input_psa_nrmse": 0.1872332908040134,
  "input_dt_used_s": 0.004999999999999893,
  "input_pga_loaded_m_s2": 2.146046870732979,
  "applied_input_pga_loaded_m_s2": 1.0730234353664896,
  "boundary_condition": "",
  "motion_input_type": "",
  "damping_mode": "",
  "base_motion_semantics_ok": null,
  "reference_kind": "primary_gqh",
  "warnings": [],
  "profile": {
    "depth_points": 5,
    "compared_metrics": [
      "pga_g",
      "max_displacement_m",
      "max_strain_pct"
    ],
    "gamma_max_nrmse": null,
    "ru_max_nrmse": null,
    "sigma_v_eff_min_nrmse": null,
    "effective_stress_kpa_nrmse": null,
    "pga_g_nrmse": 0.06755483372692458,
    "max_displacement_m_nrmse": 0.30911549476227596,
    "max_strain_pct_nrmse": 0.207668850485193,
    "max_stress_ratio_nrmse": null,
    "vs_m_s_nrmse": null,
    "implied_strength_kpa_nrmse": null,
    "normalized_implied_strength_nrmse": null,
    "implied_friction_angle_deg_nrmse": null,
    "mobilized_strength_nrmse": null,
    "mobilized_friction_angle_deg_nrmse": null
  },
  "hysteresis": {
    "layer_index": 0,
    "point_count": 240,
    "sw_gamma_peak": 3.0354342701278553e-05,
    "ref_gamma_peak": 2.6860040502993477e-05,
    "gamma_peak_pct_diff": 13.009296087605104,
    "sw_tau_peak_kpa": 10.777000484153767,
    "ref_tau_peak_kpa": 10.957557413672664,
    "tau_peak_pct_diff": -1.647784471506402,
    "sw_loop_energy": 0.0003520069668900683,
    "ref_loop_energy": 0.00011449206940372935,
    "loop_energy_pct_diff": 207.45096033577533,
    "stress_path_nrmse": 0.31974495069278847
  },
  "layer_parity": {
    "row_count": 5,
    "gamma_max_nrmse": 0.20766885048519304,
    "tau_peak_kpa_nrmse": 0.02863956846660597,
    "secant_g_over_gmax_nrmse": 0.09926854491987024,
    "worst_gamma_layer_index": 0,
    "worst_tau_layer_index": 0,
    "worst_secant_layer_index": 3,
    "rows": [
      {
        "layer_index": 0,
        "z_mid_m": 2.0,
        "sw_gamma_max": 5.6201801716e-05,
        "ref_gamma_max": 2.9259805780019977e-05,
        "gamma_max_pct_diff": 92.07851938093631,
        "sw_tau_peak_kpa": 13.156078458,
        "ref_tau_peak_kpa": 12.1,
        "tau_peak_pct_diff": 8.72792114049587,
        "sw_secant_g_over_gmax": 0.72944353458,
        "ref_secant_g_over_gmax": 0.8113587690390948,
        "secant_g_over_gmax_pct_diff": -10.096055849141594,
        "stress_path_nrmse": 0.31974495069278847,
        "loop_energy_pct_diff": 207.45096033577533
      },
      {
        "layer_index": 1,
        "z_mid_m": 6.0,
        "sw_gamma_max": 0.00014855658277,
        "ref_gamma_max": 0.00010238136840577661,
        "gamma_max_pct_diff": 45.101188901102894,
        "sw_tau_peak_kpa": 38.377766036,
        "ref_tau_peak_kpa": 36.1,
        "tau_peak_pct_diff": 6.30960120775622,
        "sw_secant_g_over_gmax": 0.62342025555,
        "ref_secant_g_over_gmax": 0.6918075144227482,
        "secant_g_over_gmax_pct_diff": -9.885301539375629,
        "stress_path_nrmse": null,
        "loop_energy_pct_diff": null
      },
      {
        "layer_index": 2,
        "z_mid_m": 10.0,
        "sw_gamma_max": 0.00026018041392,
        "ref_gamma_max": 0.0001855473392878404,
        "gamma_max_pct_diff": 40.223198520988205,
        "sw_tau_peak_kpa": 60.657774708,
        "ref_tau_peak_kpa": 57.6,
        "tau_peak_pct_diff": 5.308636645833327,
        "sw_secant_g_over_gmax": 0.52197100191,
        "ref_secant_g_over_gmax": 0.6090693643668219,
        "secant_g_over_gmax_pct_diff": -14.30023697668128,
        "stress_path_nrmse": null,
        "loop_energy_pct_diff": null
      },
      {
        "layer_index": 3,
        "z_mid_m": 14.0,
        "sw_gamma_max": 0.0003458205605,
        "ref_gamma_max": 0.0002599749714841779,
        "gamma_max_pct_diff": 33.02071292699292,
        "sw_tau_peak_kpa": 77.750648755,
        "ref_tau_peak_kpa": 74.7,
        "tau_peak_pct_diff": 4.083867141900933,
        "sw_secant_g_over_gmax": 0.4758020849,
        "ref_secant_g_over_gmax": 0.5637519610572196,
        "secant_g_over_gmax_pct_diff": -15.60081068140052,
        "stress_path_nrmse": null,
        "loop_energy_pct_diff": null
      },
      {
        "layer_index": 4,
        "z_mid_m": 18.0,
        "sw_gamma_max": 0.00036370932263,
        "ref_gamma_max": 0.000301760267240939,
        "gamma_max_pct_diff": 20.52922870047636,
        "sw_tau_peak_kpa": 87.044989963,
        "ref_tau_peak_kpa": 84.9,
        "tau_peak_pct_diff": 2.5264899446407543,
        "sw_secant_g_over_gmax": 0.4763290233,
        "ref_secant_g_over_gmax": 0.5520070668117482,
        "secant_g_over_gmax_pct_diff": -13.709614978091716,
        "stress_path_nrmse": null,
        "loop_energy_pct_diff": null
      }
    ]
  },
  "backbone_diagnostic": null,
  "reload_diagnostic": null,
  "envelope_diagnostic": null,
  "artifacts": {
    "output_dir": "H:\\Drive'\u0131m\\GitHub_Repo\\Deepsoil\\1DSRA\\output\\baseline_iter\\reload_branch_secant_sweep\\blend_1_0\\run-5245592c6ff1\\compare",
    "json_path": "H:\\Drive'\u0131m\\GitHub_Repo\\Deepsoil\\1DSRA\\output\\baseline_iter\\reload_branch_secant_sweep\\blend_1_0\\run-5245592c6ff1\\compare\\deepsoil_compare.json",
    "markdown_path": "H:\\Drive'\u0131m\\GitHub_Repo\\Deepsoil\\1DSRA\\output\\baseline_iter\\reload_branch_secant_sweep\\blend_1_0\\run-5245592c6ff1\\compare\\deepsoil_compare.md",
    "layer_parity_csv": "H:\\Drive'\u0131m\\GitHub_Repo\\Deepsoil\\1DSRA\\output\\baseline_iter\\reload_branch_secant_sweep\\blend_1_0\\run-5245592c6ff1\\compare\\layer_parity.csv",
    "backbone_diagnostic_csv": null,
    "hysteresis_envelope_csv": null
  }
}