{
  "run_id": "run-ddb29e8fd1ab",
  "run_dir": "H:\\Drive'\u0131m\\GitHub_Repo\\Deepsoil\\1DSRA\\output\\baseline_iter\\reload_1p8\\run-ddb29e8fd1ab",
  "stratawave_dt_s": 0.004999999999999893,
  "deepsoil_dt_s": 0.004999999999999893,
  "overlap_duration_s": 29.989999999999363,
  "overlap_samples": 5999,
  "stratawave_pga_m_s2": 2.9665213308226654,
  "deepsoil_pga_m_s2": 3.0161205902380765,
  "pga_ratio": 0.9835552797272287,
  "pga_pct_diff": -1.644472027277132,
  "surface_rmse_m_s2": 0.33630401532211496,
  "surface_nrmse": 0.11150217813267306,
  "surface_corrcoef": 0.7744932890484363,
  "psa_point_count": 80,
  "psa_rmse_m_s2": 0.9131958240955423,
  "psa_nrmse": 0.08121111298629827,
  "psa_max_abs_diff_m_s2": 4.6755441496972185,
  "psa_pct_diff_at_peak": -0.7454746344721984,
  "psa_peak_period_s": 0.16941210201752382,
  "used_reference_psa_csv": true,
  "surface_psa_peak_period_diff_pct": 11.732494130275942,
  "arias_intensity_sw": 1.3482598129617227,
  "arias_intensity_ref": 0.7032391887594881,
  "arias_intensity_ratio": 1.9172137083828464,
  "xcorr_lag_samples": 0,
  "xcorr_lag_s": 0.0,
  "xcorr_peak_coeff": 0.7744932757668004,
  "input_history_nrmse": 0.021913421177076252,
  "input_psa_nrmse": 0.014235384034179578,
  "applied_input_history_nrmse": 0.021913421177076252,
  "applied_input_psa_nrmse": 0.00012250314068310337,
  "input_dt_used_s": 0.004999999999999893,
  "input_pga_loaded_m_s2": 2.1460672722560035,
  "applied_input_pga_loaded_m_s2": 1.0730336361280017,
  "boundary_condition": "rigid",
  "motion_input_type": "outcrop",
  "damping_mode": "frequency_independent",
  "base_motion_semantics_ok": true,
  "reference_kind": "primary_gqh",
  "warnings": [],
  "profile": {
    "depth_points": 5,
    "compared_metrics": [
      "effective_stress_kpa",
      "pga_g",
      "max_displacement_m",
      "max_strain_pct",
      "max_stress_ratio",
      "mobilized_strength_kpa",
      "mobilized_friction_angle_deg"
    ],
    "gamma_max_nrmse": null,
    "ru_max_nrmse": null,
    "sigma_v_eff_min_nrmse": null,
    "effective_stress_kpa_nrmse": 0.614482167294058,
    "pga_g_nrmse": 0.04965114422394772,
    "max_displacement_m_nrmse": 0.3421158645962643,
    "max_strain_pct_nrmse": 0.15064009116332533,
    "max_stress_ratio_nrmse": 0.4602808284493018,
    "vs_m_s_nrmse": null,
    "implied_strength_kpa_nrmse": null,
    "normalized_implied_strength_nrmse": null,
    "implied_friction_angle_deg_nrmse": null,
    "mobilized_strength_nrmse": 0.018328614332104556,
    "mobilized_friction_angle_deg_nrmse": 0.4329093789251071
  },
  "hysteresis": {
    "layer_index": 0,
    "point_count": 240,
    "sw_gamma_peak": 3.1243043827733074e-05,
    "ref_gamma_peak": 2.6860040502993477e-05,
    "gamma_peak_pct_diff": 16.31793267121516,
    "sw_tau_peak_kpa": 11.468212295414551,
    "ref_tau_peak_kpa": 10.957557413672664,
    "tau_peak_pct_diff": 4.660298481344942,
    "sw_loop_energy": 0.00029303561965025063,
    "ref_loop_energy": 0.00011449206940372935,
    "loop_energy_pct_diff": 155.9440327844276,
    "stress_path_nrmse": 0.30551730774683855
  },
  "layer_parity": {
    "row_count": 5,
    "gamma_max_nrmse": 0.15064009116332536,
    "tau_peak_kpa_nrmse": 0.018328614332104556,
    "secant_g_over_gmax_nrmse": 0.09699925241132379,
    "worst_gamma_layer_index": 0,
    "worst_tau_layer_index": 4,
    "worst_secant_layer_index": 3,
    "rows": [
      {
        "layer_index": 0,
        "z_mid_m": 2.0,
        "sw_gamma_max": 5.1206189516e-05,
        "ref_gamma_max": 2.9259805780019977e-05,
        "gamma_max_pct_diff": 75.00522696895713,
        "sw_tau_peak_kpa": 12.138509536,
        "ref_tau_peak_kpa": 12.1,
        "tau_peak_pct_diff": 0.31826062809918326,
        "sw_secant_g_over_gmax": 0.73118557301,
        "ref_secant_g_over_gmax": 0.8113587690390948,
        "secant_g_over_gmax_pct_diff": -9.88134954454799,
        "stress_path_nrmse": 0.30551730774683855,
        "loop_energy_pct_diff": 155.9440327844276
      },
      {
        "layer_index": 1,
        "z_mid_m": 6.0,
        "sw_gamma_max": 0.00013924999239,
        "ref_gamma_max": 0.00010238136840577661,
        "gamma_max_pct_diff": 36.01106779321301,
        "sw_tau_peak_kpa": 35.597518841,
        "ref_tau_peak_kpa": 36.1,
        "tau_peak_pct_diff": -1.3919145678670317,
        "sw_secant_g_over_gmax": 0.61655995647,
        "ref_secant_g_over_gmax": 0.6918075144227482,
        "secant_g_over_gmax_pct_diff": -10.87695007411645,
        "stress_path_nrmse": null,
        "loop_energy_pct_diff": null
      },
      {
        "layer_index": 2,
        "z_mid_m": 10.0,
        "sw_gamma_max": 0.00023971310603,
        "ref_gamma_max": 0.0001855473392878404,
        "gamma_max_pct_diff": 29.19242439695242,
        "sw_tau_peak_kpa": 56.558660754,
        "ref_tau_peak_kpa": 57.6,
        "tau_peak_pct_diff": -1.807880635416666,
        "sw_secant_g_over_gmax": 0.52660191097,
        "ref_secant_g_over_gmax": 0.6090693643668219,
        "secant_g_over_gmax_pct_diff": -13.539911580112665,
        "stress_path_nrmse": null,
        "loop_energy_pct_diff": null
      },
      {
        "layer_index": 3,
        "z_mid_m": 14.0,
        "sw_gamma_max": 0.00031853940398,
        "ref_gamma_max": 0.0002599749714841779,
        "gamma_max_pct_diff": 22.526950252742456,
        "sw_tau_peak_kpa": 72.887660428,
        "ref_tau_peak_kpa": 74.7,
        "tau_peak_pct_diff": -2.426157392235608,
        "sw_secant_g_over_gmax": 0.48376860605,
        "ref_secant_g_over_gmax": 0.5637519610572196,
        "secant_g_over_gmax_pct_diff": -14.187685459616779,
        "stress_path_nrmse": null,
        "loop_energy_pct_diff": null
      },
      {
        "layer_index": 4,
        "z_mid_m": 18.0,
        "sw_gamma_max": 0.00034788098139,
        "ref_gamma_max": 0.000301760267240939,
        "gamma_max_pct_diff": 15.2838922667828,
        "sw_tau_peak_kpa": 82.1642563,
        "ref_tau_peak_kpa": 84.9,
        "tau_peak_pct_diff": -3.222312956419317,
        "sw_secant_g_over_gmax": 0.47663309634,
        "ref_secant_g_over_gmax": 0.5520070668117482,
        "secant_g_over_gmax_pct_diff": -13.654529987648338,
        "stress_path_nrmse": null,
        "loop_energy_pct_diff": null
      }
    ]
  },
  "backbone_diagnostic": {
    "row_count": 5,
    "tau_peak_kpa_nrmse": 0.00032434026175287247,
    "secant_g_over_gmax_nrmse": 0.001194232004210919,
    "backbone_loop_energy_nrmse": 1.4303591295408211,
    "worst_tau_layer_index": 0,
    "worst_secant_layer_index": 0,
    "rows": [
      {
        "layer_index": 0,
        "z_mid_m": 2.0,
        "material": "gqh",
        "reload_factor": 1.8,
        "ref_gamma_max": 2.9259805780019977e-05,
        "ref_tau_peak_kpa": 12.1,
        "ref_secant_g_over_gmax": 0.8113587690390948,
        "sw_backbone_tau_peak_kpa": 12.129743532742133,
        "sw_backbone_tau_pct_diff": 0.24581432018291677,
        "sw_backbone_secant_g_over_gmax": 0.8133531985746272,
        "sw_backbone_secant_pct_diff": 0.2458135182164175,
        "sw_backbone_tangent_g_over_gmax": 0.6822728945235856,
        "backbone_masing_loop_energy": 0.00027825684613537493,
        "backbone_masing_loop_energy_pct_diff": 143.0359129540821
      },
      {
        "layer_index": 1,
        "z_mid_m": 6.0,
        "material": "gqh",
        "reload_factor": 1.8,
        "ref_gamma_max": 0.00010238136840577661,
        "ref_tau_peak_kpa": 36.1,
        "ref_secant_g_over_gmax": 0.6918075144227482,
        "sw_backbone_tau_peak_kpa": 36.058119371991374,
        "sw_backbone_tau_pct_diff": -0.11601281996849651,
        "sw_backbone_secant_g_over_gmax": 0.6910049234884731,
        "sw_backbone_secant_pct_diff": -0.1160136190403829,
        "sw_backbone_tangent_g_over_gmax": 0.4973337230797821,
        "backbone_masing_loop_energy": 0.0037939241580697593,
        "backbone_masing_loop_energy_pct_diff": null
      },
      {
        "layer_index": 2,
        "z_mid_m": 10.0,
        "material": "gqh",