{
  "run_id": "run-792565cd63e9",
  "run_dir": "H:\\Drive'\u0131m\\GitHub_Repo\\Deepsoil\\1DSRA\\output\\baseline_iter\\adaptive_reload_direct05_rf_sweep\\rf_1p1\\run-792565cd63e9",
  "stratawave_dt_s": 0.004999999999999893,
  "deepsoil_dt_s": 0.004999999999999893,
  "overlap_duration_s": 29.99499999999936,
  "overlap_samples": 6000,
  "stratawave_pga_m_s2": 2.6319951878757135,
  "deepsoil_pga_m_s2": 3.0161205902380765,
  "pga_ratio": 0.8726425582565841,
  "pga_pct_diff": -12.73574417434159,
  "surface_rmse_m_s2": 0.3319933605356176,
  "surface_nrmse": 0.11007297308017877,
  "surface_corrcoef": 0.7399228921809883,
  "psa_point_count": 80,
  "psa_rmse_m_s2": 0.7949266290499692,
  "psa_nrmse": 0.07069335468275209,
  "psa_max_abs_diff_m_s2": 2.8370209404527706,
  "psa_pct_diff_at_peak": -14.688002308817232,
  "psa_peak_period_s": 0.16941210201752382,
  "used_reference_psa_csv": true,
  "surface_psa_peak_period_diff_pct": 11.732494130275942,
  "arias_intensity_sw": 1.1666029500857393,
  "arias_intensity_ref": 0.7032394850645711,
  "arias_intensity_ratio": 1.658898532949444,
  "xcorr_lag_samples": 1,
  "xcorr_lag_s": 0.004999999999999893,
  "xcorr_peak_coeff": 0.7626599850519972,
  "input_history_nrmse": 3.9028023283585766e-05,
  "input_psa_nrmse": 0.014235105834099681,
  "applied_input_history_nrmse": 3.9028023283585766e-05,
  "applied_input_psa_nrmse": 0.00012773466201254687,
  "input_dt_used_s": 0.004999999999999893,
  "input_pga_loaded_m_s2": 2.146046870732979,
  "applied_input_pga_loaded_m_s2": 1.0730234353664896,
  "boundary_condition": "rigid",
  "motion_input_type": "outcrop",
  "damping_mode": "frequency_independent",
  "base_motion_semantics_ok": true,
  "reference_kind": "primary_gqh",
  "warnings": [],
  "profile": {
    "depth_points": 5,
    "compared_metrics": [
      "effective_stress_kpa",
      "pga_g",
      "max_displacement_m",
      "max_strain_pct",
      "max_stress_ratio",
      "mobilized_strength_kpa",
      "mobilized_friction_angle_deg"
    ],
    "gamma_max_nrmse": null,
    "ru_max_nrmse": null,
    "sigma_v_eff_min_nrmse": null,
    "effective_stress_kpa_nrmse": 0.614482167294058,
    "pga_g_nrmse": 0.09565223188792754,
    "max_displacement_m_nrmse": 0.3432043385946617,
    "max_strain_pct_nrmse": 0.1439658213431667,
    "max_stress_ratio_nrmse": 0.506436409448457,
    "vs_m_s_nrmse": null,
    "implied_strength_kpa_nrmse": null,
    "normalized_implied_strength_nrmse": null,
    "implied_friction_angle_deg_nrmse": null,
    "mobilized_strength_nrmse": 0.06738359089950455,
    "mobilized_friction_angle_deg_nrmse": 0.4802508176309141
  },
  "hysteresis": {
    "layer_index": 0,
    "point_count": 240,
    "sw_gamma_peak": 2.2797707115043628e-05,
    "ref_gamma_peak": 2.6860040502993477e-05,
    "gamma_peak_pct_diff": -15.124077670311452,
    "sw_tau_peak_kpa": 7.813340440855727,
    "ref_tau_peak_kpa": 10.957557413672664,
    "tau_peak_pct_diff": -28.694506030090547,
    "sw_loop_energy": 0.00015655744967393772,
    "ref_loop_energy": 0.00011449206940372935,
    "loop_energy_pct_diff": 36.74086815731726,
    "stress_path_nrmse": 0.28905428903292874
  },
  "layer_parity": {
    "row_count": 5,
    "gamma_max_nrmse": 0.14396582134316674,
    "tau_peak_kpa_nrmse": 0.06738359089950455,
    "secant_g_over_gmax_nrmse": 0.14301382117451286,
    "worst_gamma_layer_index": 0,
    "worst_tau_layer_index": 0,
    "worst_secant_layer_index": 3,
    "rows": [
      {
        "layer_index": 0,
        "z_mid_m": 2.0,
        "sw_gamma_max": 4.9339009951e-05,
        "ref_gamma_max": 2.9259805780019977e-05,
        "gamma_max_pct_diff": 68.6238463848283,
        "sw_tau_peak_kpa": 10.134594595,
        "ref_tau_peak_kpa": 12.1,
        "tau_peak_pct_diff": -16.24301987603306,
        "sw_secant_g_over_gmax": 0.65253140692,
        "ref_secant_g_over_gmax": 0.8113587690390948,
        "secant_g_over_gmax_pct_diff": -19.575478589723822,
        "stress_path_nrmse": 0.28905428903292874,
        "loop_energy_pct_diff": 36.74086815731726
      },
      {
        "layer_index": 1,
        "z_mid_m": 6.0,
        "sw_gamma_max": 0.00013641678376,
        "ref_gamma_max": 0.00010238136840577661,
        "gamma_max_pct_diff": 33.24375898095833,
        "sw_tau_peak_kpa": 30.667847895,
        "ref_tau_peak_kpa": 36.1,
        "tau_peak_pct_diff": -15.047512756232686,
        "sw_secant_g_over_gmax": 0.59292742833,
        "ref_secant_g_over_gmax": 0.6918075144227482,
        "secant_g_over_gmax_pct_diff": -14.293005500996165,
        "stress_path_nrmse": null,
        "loop_energy_pct_diff": null
      },
      {
        "layer_index": 2,
        "z_mid_m": 10.0,
        "sw_gamma_max": 0.0002293633329,
        "ref_gamma_max": 0.0001855473392878404,
        "gamma_max_pct_diff": 23.614455362352377,
        "sw_tau_peak_kpa": 55.921197821,
        "ref_tau_peak_kpa": 57.6,
        "tau_peak_pct_diff": -2.914587116319447,
        "sw_secant_g_over_gmax": 0.53713555115,
        "ref_secant_g_over_gmax": 0.6090693643668219,
        "secant_g_over_gmax_pct_diff": -11.810446793954751,
        "stress_path_nrmse": null,
        "loop_energy_pct_diff": null
      },
      {
        "layer_index": 3,
        "z_mid_m": 14.0,
        "sw_gamma_max": 0.00031895030108,
        "ref_gamma_max": 0.0002599749714841779,
        "gamma_max_pct_diff": 22.685002813592522,
        "sw_tau_peak_kpa": 65.231476089,
        "ref_tau_peak_kpa": 74.7,
        "tau_peak_pct_diff": -12.675400148594385,
        "sw_secant_g_over_gmax": 0.43340613367,
        "ref_secant_g_over_gmax": 0.5637519610572196,
        "secant_g_over_gmax_pct_diff": -23.121130637448857,
        "stress_path_nrmse": null,
        "loop_energy_pct_diff": null
      },
      {
        "layer_index": 4,
        "z_mid_m": 18.0,
        "sw_gamma_max": 0.00035153001779,
        "ref_gamma_max": 0.000301760267240939,
        "gamma_max_pct_diff": 16.493142388862815,
        "sw_tau_peak_kpa": 78.751896889,
        "ref_tau_peak_kpa": 84.9,
        "tau_peak_pct_diff": -7.2415819917550195,
        "sw_secant_g_over_gmax": 0.45124349953,
        "ref_secant_g_over_gmax": 0.5520070668117482,
        "secant_g_over_gmax_pct_diff": -18.254035743370608,
        "stress_path_nrmse": null,
        "loop_energy_pct_diff": null
      }
    ]
  },
  "backbone_diagnostic": {
    "row_count": 5,
    "tau_peak_kpa_nrmse": 0.00032434026175287247,
    "secant_g_over_gmax_nrmse": 0.001194232004210919,
    "backbone_loop_energy_nrmse": 1.4303591295408211,
    "worst_tau_layer_index": 0,
    "worst_secant_layer_index": 0,
    "rows": [
      {
        "layer_index": 0,
        "z_mid_m": 2.0,
        "material": "gqh",
        "reload_factor": 1.1,
        "ref_gamma_max": 2.9259805780019977e-05,
        "ref_tau_peak_kpa": 12.1,
        "ref_secant_g_over_gmax": 0.8113587690390948,
        "sw_backbone_tau_peak_kpa": 12.129743532742133,
        "sw_backbone_tau_pct_diff": 0.24581432018291677,
        "sw_backbone_secant_g_over_gmax": 0.8133531985746272,
        "sw_backbone_secant_pct_diff": 0.2458135182164175,
        "sw_backbone_tangent_g_over_gmax": 0.6822728945235856,
        "backbone_masing_loop_energy": 0.00027825684613537493,
        "backbone_masing_loop_energy_pct_diff": 143.0359129540821
      },
      {
        "layer_index": 1,
        "z_mid_m": 6.0,
        "material": "gqh",
        "reload_factor": 1.1,
        "ref_gamma_max": 0.00010238136840577661,
        "ref_tau_peak_kpa": 36.1,
        "ref_secant_g_over_gmax": 0.6918075144227482,
        "sw_backbone_tau_peak_kpa": 36.058119371991374,
        "sw_backbone_tau_pct_diff": -0.11601281996849651,
        "sw_backbone_secant_g_over_gmax": 0.6910049234884731,
        "sw_backbone_secant_pct_diff": -0.1160136190403829,
        "sw_backbone_tangent_g_over_gmax": 0.4973337230797821,
        "backbone_masing_loop_energy": 0.0037939241580697593,
        "backbone_masing_loop_energy_pct_diff": null
      },
      {
        "layer_index": 2,