{
  "run_id": "run-b62b11090395",
  "run_dir": "output\\baseline_iter\\mode3_experimental\\run-b62b11090395",
  "stratawave_dt_s": 0.004999999999999893,
  "deepsoil_dt_s": 0.004999999999999893,
  "overlap_duration_s": 29.99499999999936,
  "overlap_samples": 6000,
  "stratawave_pga_m_s2": 4.948629457650722,
  "deepsoil_pga_m_s2": 3.0161205902380765,
  "pga_ratio": 1.6407266584987916,
  "pga_pct_diff": 64.07266584987916,
  "surface_rmse_m_s2": 0.6339008433482002,
  "surface_nrmse": 0.21017092134854085,
  "surface_corrcoef": 0.6090796594958285,
  "psa_point_count": 80,
  "psa_rmse_m_s2": 3.4142475535396475,
  "psa_nrmse": 0.30363130942733163,
  "psa_max_abs_diff_m_s2": 14.454751057069696,
  "psa_pct_diff_at_peak": 88.7005169029208,
  "psa_peak_period_s": 0.16941210201752382,
  "used_reference_psa_csv": true,
  "surface_psa_peak_period_diff_pct": 11.732494130275942,
  "arias_intensity_sw": 2.994860123468987,
  "arias_intensity_ref": 0.7032394850645711,
  "arias_intensity_ratio": 4.258663210860523,
  "xcorr_lag_samples": 36,
  "xcorr_lag_s": 0.17999999999999616,
  "xcorr_peak_coeff": 0.6638825747514097,
  "input_history_nrmse": 8.170042486602506e-07,
  "input_psa_nrmse": 0.014240944871516564,
  "applied_input_history_nrmse": 8.170042486602506e-07,
  "applied_input_psa_nrmse": 2.3215137809655103e-07,
  "input_dt_used_s": 0.004999999999999893,
  "input_pga_loaded_m_s2": 2.1467799709269246,
  "applied_input_pga_loaded_m_s2": 1.0733899854634623,
  "boundary_condition": "rigid",
  "motion_input_type": "outcrop",
  "damping_mode": "frequency_independent",
  "base_motion_semantics_ok": true,
  "reference_kind": "primary_gqh",
  "warnings": [],
  "profile": {
    "depth_points": 5,
    "compared_metrics": [
      "effective_stress_kpa",
      "pga_g",
      "max_displacement_m",
      "max_strain_pct",
      "max_stress_ratio",
      "mobilized_strength_kpa",
      "mobilized_friction_angle_deg"
    ],
    "gamma_max_nrmse": null,
    "ru_max_nrmse": null,
    "sigma_v_eff_min_nrmse": null,
    "effective_stress_kpa_nrmse": 0.614482167294058,
    "pga_g_nrmse": 0.3608018335242325,
    "max_displacement_m_nrmse": 0.35426040667062136,
    "max_strain_pct_nrmse": 0.17055973793130688,
    "max_stress_ratio_nrmse": 0.24984862074415307,
    "vs_m_s_nrmse": null,
    "implied_strength_kpa_nrmse": null,
    "normalized_implied_strength_nrmse": null,
    "implied_friction_angle_deg_nrmse": null,
    "mobilized_strength_nrmse": 0.2401982554892125,
    "mobilized_friction_angle_deg_nrmse": 0.22838400544382947
  },
  "hysteresis": {
    "layer_index": 0,
    "point_count": 240,
    "sw_gamma_peak": 4.598089195057128e-05,
    "ref_gamma_peak": 2.6860040502993477e-05,
    "gamma_peak_pct_diff": 71.18697920595778,
    "sw_tau_peak_kpa": 23.281184673136924,
    "ref_tau_peak_kpa": 10.957557413672664,
    "tau_peak_pct_diff": 112.46691935272943,
    "sw_loop_energy": 0.0001244173855204639,
    "ref_loop_energy": 0.00011449206940372935,
    "loop_energy_pct_diff": 8.668998794785741,
    "stress_path_nrmse": 0.5728587604772782
  },
  "layer_parity": {
    "row_count": 5,
    "gamma_max_nrmse": 0.1705597379313069,
    "tau_peak_kpa_nrmse": 0.2401982554892125,
    "secant_g_over_gmax_nrmse": 0.13677256143066535,
    "worst_gamma_layer_index": 0,
    "worst_tau_layer_index": 0,
    "worst_secant_layer_index": 0,
    "rows": [
      {
        "layer_index": 0,
        "z_mid_m": 2.0,
        "sw_gamma_max": 6.6091418895e-05,
        "ref_gamma_max": 2.9259805780019977e-05,
        "gamma_max_pct_diff": 125.87784550549014,
        "sw_tau_peak_kpa": 23.281184673,
        "ref_tau_peak_kpa": 12.1,
        "tau_peak_pct_diff": 92.40648490082643,
        "sw_secant_g_over_gmax": 0.99340579077,
        "ref_secant_g_over_gmax": 0.8113587690390948,
        "secant_g_over_gmax_pct_diff": 22.437302544533594,
        "stress_path_nrmse": 0.5728587604772782,
        "loop_energy_pct_diff": 8.668998794785741
      },
      {
        "layer_index": 1,
        "z_mid_m": 6.0,
        "sw_gamma_max": 0.00015981137294,
        "ref_gamma_max": 0.00010238136840577661,
        "gamma_max_pct_diff": 56.094195094762036,
        "sw_tau_peak_kpa": 49.685927291,
        "ref_tau_peak_kpa": 36.1,
        "tau_peak_pct_diff": 37.63414762049861,
        "sw_secant_g_over_gmax": 0.65811046546,
        "ref_secant_g_over_gmax": 0.6918075144227482,
        "secant_g_over_gmax_pct_diff": -4.870870619389768,
        "stress_path_nrmse": null,
        "loop_energy_pct_diff": null
      },
      {
        "layer_index": 2,
        "z_mid_m": 10.0,
        "sw_gamma_max": 0.00024129853155,
        "ref_gamma_max": 0.0001855473392878404,
        "gamma_max_pct_diff": 30.046883170699925,
        "sw_tau_peak_kpa": 80.094074667,
        "ref_tau_peak_kpa": 57.6,
        "tau_peak_pct_diff": 39.05221296354166,
        "sw_secant_g_over_gmax": 0.73021645464,
        "ref_secant_g_over_gmax": 0.6090693643668219,
        "secant_g_over_gmax_pct_diff": 19.890524357454833,
        "stress_path_nrmse": null,
        "loop_energy_pct_diff": null
      },
      {
        "layer_index": 3,
        "z_mid_m": 14.0,
        "sw_gamma_max": 0.00028166024021,
        "ref_gamma_max": 0.0002599749714841779,
        "gamma_max_pct_diff": 8.341290933516603,
        "sw_tau_peak_kpa": 100.9748479,
        "ref_tau_peak_kpa": 74.7,
        "tau_peak_pct_diff": 35.173825836680045,
        "sw_secant_g_over_gmax": 0.66373545473,
        "ref_secant_g_over_gmax": 0.5637519610572196,
        "secant_g_over_gmax_pct_diff": 17.735369556015126,
        "stress_path_nrmse": null,
        "loop_energy_pct_diff": null
      },
      {
        "layer_index": 4,
        "z_mid_m": 18.0,
        "sw_gamma_max": 0.00037255316193,
        "ref_gamma_max": 0.000301760267240939,
        "gamma_max_pct_diff": 23.459978789234285,
        "sw_tau_peak_kpa": 108.8455763,
        "ref_tau_peak_kpa": 84.9,
        "tau_peak_pct_diff": 28.204447938751468,
        "sw_secant_g_over_gmax": 0.60322789528,
        "ref_secant_g_over_gmax": 0.5520070668117482,
        "secant_g_over_gmax_pct_diff": 9.279016800290302,
        "stress_path_nrmse": null,
        "loop_energy_pct_diff": null
      }
    ]
  },
  "backbone_diagnostic": {
    "row_count": 5,
    "tau_peak_kpa_nrmse": 0.00032434026175287247,
    "secant_g_over_gmax_nrmse": 0.001194232004210919,
    "backbone_loop_energy_nrmse": 1.4303591295408211,
    "worst_tau_layer_index": 0,
    "worst_secant_layer_index": 0,
    "rows": [
      {
        "layer_index": 0,
        "z_mid_m": 2.0,
        "material": "gqh",
        "reload_factor": 1.1,
        "ref_gamma_max": 2.9259805780019977e-05,
        "ref_tau_peak_kpa": 12.1,
        "ref_secant_g_over_gmax": 0.8113587690390948,
        "sw_backbone_tau_peak_kpa": 12.129743532742133,
        "sw_backbone_tau_pct_diff": 0.24581432018291677,
        "sw_backbone_secant_g_over_gmax": 0.8133531985746272,
        "sw_backbone_secant_pct_diff": 0.2458135182164175,
        "sw_backbone_tangent_g_over_gmax": 0.6822728945235856,
        "backbone_masing_loop_energy": 0.00027825684613537493,
        "backbone_masing_loop_energy_pct_diff": 143.0359129540821
      },
      {
        "layer_index": 1,
        "z_mid_m": 6.0,
        "material": "gqh",
        "reload_factor": 1.1,
        "ref_gamma_max": 0.00010238136840577661,
        "ref_tau_peak_kpa": 36.1,
        "ref_secant_g_over_gmax": 0.6918075144227482,
        "sw_backbone_tau_peak_kpa": 36.058119371991374,
        "sw_backbone_tau_pct_diff": -0.11601281996849651,
        "sw_backbone_secant_g_over_gmax": 0.6910049234884731,
        "sw_backbone_secant_pct_diff": -0.1160136190403829,
        "sw_backbone_tangent_g_over_gmax": 0.4973337230797821,
        "backbone_masing_loop_energy": 0.0037939241580697593,
        "backbone_masing_loop_energy_pct_diff": null
      },
      {
        "layer_index": 2,
        "z_mid_m": 10.0,
        "material": "gqh",
        "reload_factor": 1.1,