{
  "run_id": "run-4e36aff16e5d",
  "run_dir": "H:\\Drive'\u0131m\\GitHub_Repo\\Deepsoil\\1DSRA\\output\\baseline_iter\\adaptive_reload_sweep\\direct_050\\run-4e36aff16e5d",
  "stratawave_dt_s": 0.004999999999999893,
  "deepsoil_dt_s": 0.004999999999999893,
  "overlap_duration_s": 29.99499999999936,
  "overlap_samples": 6000,
  "stratawave_pga_m_s2": 3.070438277852626,
  "deepsoil_pga_m_s2": 3.0161205902380765,
  "pga_ratio": 1.0180091233057302,
  "pga_pct_diff": 1.8009123305730266,
  "surface_rmse_m_s2": 0.3505586846863072,
  "surface_nrmse": 0.11622833842292755,
  "surface_corrcoef": 0.7477792712101199,
  "psa_point_count": 80,
  "psa_rmse_m_s2": 0.9023150742150604,
  "psa_nrmse": 0.08024348065092851,
  "psa_max_abs_diff_m_s2": 4.394141825152715,
  "psa_pct_diff_at_peak": -2.838690408370865,
  "psa_peak_period_s": 0.16941210201752382,
  "used_reference_psa_csv": true,
  "surface_psa_peak_period_diff_pct": 11.732494130275942,
  "arias_intensity_sw": 1.3375786349194816,
  "arias_intensity_ref": 0.7032394850645711,
  "arias_intensity_ratio": 1.9020243648529858,
  "xcorr_lag_samples": 1,
  "xcorr_lag_s": 0.004999999999999893,
  "xcorr_peak_coeff": 0.7627982240707456,
  "input_history_nrmse": 3.9028023283585766e-05,
  "input_psa_nrmse": 0.014235105834099681,
  "applied_input_history_nrmse": 3.9028023283585766e-05,
  "applied_input_psa_nrmse": 0.00012773466201254687,
  "input_dt_used_s": 0.004999999999999893,
  "input_pga_loaded_m_s2": 2.146046870732979,
  "applied_input_pga_loaded_m_s2": 1.0730234353664896,
  "boundary_condition": "rigid",
  "motion_input_type": "outcrop",
  "damping_mode": "frequency_independent",
  "base_motion_semantics_ok": true,
  "reference_kind": "primary_gqh",
  "warnings": [],
  "profile": {
    "depth_points": 5,
    "compared_metrics": [
      "effective_stress_kpa",
      "pga_g",
      "max_displacement_m",
      "max_strain_pct",
      "max_stress_ratio",
      "mobilized_strength_kpa",
      "mobilized_friction_angle_deg"
    ],
    "gamma_max_nrmse": null,
    "ru_max_nrmse": null,
    "sigma_v_eff_min_nrmse": null,
    "effective_stress_kpa_nrmse": 0.614482167294058,
    "pga_g_nrmse": 0.056850680175589606,
    "max_displacement_m_nrmse": 0.344563120658458,
    "max_strain_pct_nrmse": 0.18990072944882552,
    "max_stress_ratio_nrmse": 0.4150192702377727,
    "vs_m_s_nrmse": null,
    "implied_strength_kpa_nrmse": null,
    "normalized_implied_strength_nrmse": null,
    "implied_friction_angle_deg_nrmse": null,
    "mobilized_strength_nrmse": 0.06401350807213255,
    "mobilized_friction_angle_deg_nrmse": 0.38751894207635545
  },
  "hysteresis": {
    "layer_index": 0,
    "point_count": 240,
    "sw_gamma_peak": 3.087001915184129e-05,
    "ref_gamma_peak": 2.6860040502993477e-05,
    "gamma_peak_pct_diff": 14.929160841737785,
    "sw_tau_peak_kpa": 11.304682449673006,
    "ref_tau_peak_kpa": 10.957557413672664,
    "tau_peak_pct_diff": 3.1679052447145324,
    "sw_loop_energy": 0.00017698550763740284,
    "ref_loop_energy": 0.00011449206940372935,
    "loop_energy_pct_diff": 54.58320262629291,
    "stress_path_nrmse": 0.3147040937229936
  },
  "layer_parity": {
    "row_count": 5,
    "gamma_max_nrmse": 0.18990072944882552,
    "tau_peak_kpa_nrmse": 0.06401350807213255,
    "secant_g_over_gmax_nrmse": 0.05639404298060982,
    "worst_gamma_layer_index": 0,
    "worst_tau_layer_index": 2,
    "worst_secant_layer_index": 4,
    "rows": [
      {
        "layer_index": 0,
        "z_mid_m": 2.0,
        "sw_gamma_max": 5.6795931467e-05,
        "ref_gamma_max": 2.9259805780019977e-05,
        "gamma_max_pct_diff": 94.1090514885886,
        "sw_tau_peak_kpa": 13.435253545,
        "ref_tau_peak_kpa": 12.1,
        "tau_peak_pct_diff": 11.035153264462814,
        "sw_secant_g_over_gmax": 0.74941659933,
        "ref_secant_g_over_gmax": 0.8113587690390948,
        "secant_g_over_gmax_pct_diff": -7.634374837959023,
        "stress_path_nrmse": 0.3147040937229936,
        "loop_energy_pct_diff": 54.58320262629291
      },
      {
        "layer_index": 1,
        "z_mid_m": 6.0,
        "sw_gamma_max": 0.0001502506478,
        "ref_gamma_max": 0.00010238136840577661,
        "gamma_max_pct_diff": 46.75585034622616,
        "sw_tau_peak_kpa": 38.731988457,
        "ref_tau_peak_kpa": 36.1,
        "tau_peak_pct_diff": 7.290826750692517,
        "sw_secant_g_over_gmax": 0.65636930558,
        "ref_secant_g_over_gmax": 0.6918075144227482,
        "secant_g_over_gmax_pct_diff": -5.122553326457911,
        "stress_path_nrmse": null,
        "loop_energy_pct_diff": null
      },
      {
        "layer_index": 2,
        "z_mid_m": 10.0,
        "sw_gamma_max": 0.00025570103643,
        "ref_gamma_max": 0.0001855473392878404,
        "gamma_max_pct_diff": 37.80905585141799,
        "sw_tau_peak_kpa": 64.933413243,
        "ref_tau_peak_kpa": 57.6,
        "tau_peak_pct_diff": 12.731620213541671,
        "sw_secant_g_over_gmax": 0.565616943,
        "ref_secant_g_over_gmax": 0.6090693643668219,
        "secant_g_over_gmax_pct_diff": -7.134231978978998,
        "stress_path_nrmse": null,
        "loop_energy_pct_diff": null
      },
      {
        "layer_index": 3,
        "z_mid_m": 14.0,
        "sw_gamma_max": 0.00033232311936,
        "ref_gamma_max": 0.0002599749714841779,
        "gamma_max_pct_diff": 27.828889628409957,
        "sw_tau_peak_kpa": 82.942215282,
        "ref_tau_peak_kpa": 74.7,
        "tau_peak_pct_diff": 11.033755397590367,
        "sw_secant_g_over_gmax": 0.52677919293,
        "ref_secant_g_over_gmax": 0.5637519610572196,
        "secant_g_over_gmax_pct_diff": -6.558339603446091,
        "stress_path_nrmse": null,
        "loop_energy_pct_diff": null
      },
      {
        "layer_index": 4,
        "z_mid_m": 18.0,
        "sw_gamma_max": 0.00035844821842,
        "ref_gamma_max": 0.000301760267240939,
        "gamma_max_pct_diff": 18.785757216273538,
        "sw_tau_peak_kpa": 80.745600163,
        "ref_tau_peak_kpa": 84.9,
        "tau_peak_pct_diff": -4.893286027090694,
        "sw_secant_g_over_gmax": 0.5059617715,
        "ref_secant_g_over_gmax": 0.5520070668117482,
        "secant_g_over_gmax_pct_diff": -8.341432217108023,
        "stress_path_nrmse": null,
        "loop_energy_pct_diff": null
      }
    ]
  },
  "backbone_diagnostic": {
    "row_count": 5,
    "tau_peak_kpa_nrmse": 0.00032434026175287247,
    "secant_g_over_gmax_nrmse": 0.001194232004210919,
    "backbone_loop_energy_nrmse": 1.4303591295408211,
    "worst_tau_layer_index": 0,
    "worst_secant_layer_index": 0,
    "rows": [
      {
        "layer_index": 0,
        "z_mid_m": 2.0,
        "material": "gqh",
        "reload_factor": 1.4,
        "ref_gamma_max": 2.9259805780019977e-05,
        "ref_tau_peak_kpa": 12.1,
        "ref_secant_g_over_gmax": 0.8113587690390948,
        "sw_backbone_tau_peak_kpa": 12.129743532742133,
        "sw_backbone_tau_pct_diff": 0.24581432018291677,
        "sw_backbone_secant_g_over_gmax": 0.8133531985746272,
        "sw_backbone_secant_pct_diff": 0.2458135182164175,
        "sw_backbone_tangent_g_over_gmax": 0.6822728945235856,
        "backbone_masing_loop_energy": 0.00027825684613537493,
        "backbone_masing_loop_energy_pct_diff": 143.0359129540821
      },
      {
        "layer_index": 1,
        "z_mid_m": 6.0,
        "material": "gqh",
        "reload_factor": 1.4,
        "ref_gamma_max": 0.00010238136840577661,
        "ref_tau_peak_kpa": 36.1,
        "ref_secant_g_over_gmax": 0.6918075144227482,
        "sw_backbone_tau_peak_kpa": 36.058119371991374,
        "sw_backbone_tau_pct_diff": -0.11601281996849651,
        "sw_backbone_secant_g_over_gmax": 0.6910049234884731,
        "sw_backbone_secant_pct_diff": -0.1160136190403829,
        "sw_backbone_tangent_g_over_gmax": 0.4973337230797821,
        "backbone_masing_loop_energy": 0.0037939241580697593,
        "backbone_masing_loop_energy_pct_diff": null
      },
      {
        "layer_index": 2,
        "z_mid_m": 10.0,