{
  "run_id": "run-de598b16951a",
  "run_dir": "H:\\Drive'\u0131m\\GitHub_Repo\\Deepsoil\\1DSRA\\output\\baseline_iter\\adaptive_reload_direct05_rf_sweep\\rf_1p2\\run-de598b16951a",
  "stratawave_dt_s": 0.004999999999999893,
  "deepsoil_dt_s": 0.004999999999999893,
  "overlap_duration_s": 29.99499999999936,
  "overlap_samples": 6000,
  "stratawave_pga_m_s2": 3.131017497439359,
  "deepsoil_pga_m_s2": 3.0161205902380765,
  "pga_ratio": 1.038094268370156,
  "pga_pct_diff": 3.809426837015594,
  "surface_rmse_m_s2": 0.34195078261027206,
  "surface_nrmse": 0.11337437359675273,
  "surface_corrcoef": 0.7475566722893621,
  "psa_point_count": 80,
  "psa_rmse_m_s2": 0.8147671287653785,
  "psa_nrmse": 0.07245778353971556,
  "psa_max_abs_diff_m_s2": 3.492906327822869,
  "psa_pct_diff_at_peak": -7.430475168166799,
  "psa_peak_period_s": 0.16941210201752382,
  "used_reference_psa_csv": true,
  "surface_psa_peak_period_diff_pct": 11.732494130275942,
  "arias_intensity_sw": 1.2731673640133343,
  "arias_intensity_ref": 0.7032394850645711,
  "arias_intensity_ratio": 1.8104321373485346,
  "xcorr_lag_samples": 1,
  "xcorr_lag_s": 0.004999999999999893,
  "xcorr_peak_coeff": 0.766096390770855,
  "input_history_nrmse": 3.9028023283585766e-05,
  "input_psa_nrmse": 0.014235105834099681,
  "applied_input_history_nrmse": 3.9028023283585766e-05,
  "applied_input_psa_nrmse": 0.00012773466201254687,
  "input_dt_used_s": 0.004999999999999893,
  "input_pga_loaded_m_s2": 2.146046870732979,
  "applied_input_pga_loaded_m_s2": 1.0730234353664896,
  "boundary_condition": "rigid",
  "motion_input_type": "outcrop",
  "damping_mode": "frequency_independent",
  "base_motion_semantics_ok": true,
  "reference_kind": "primary_gqh",
  "warnings": [],
  "profile": {
    "depth_points": 5,
    "compared_metrics": [
      "effective_stress_kpa",
      "pga_g",
      "max_displacement_m",
      "max_strain_pct",
      "max_stress_ratio",
      "mobilized_strength_kpa",
      "mobilized_friction_angle_deg"
    ],
    "gamma_max_nrmse": null,
    "ru_max_nrmse": null,
    "sigma_v_eff_min_nrmse": null,
    "effective_stress_kpa_nrmse": 0.614482167294058,
    "pga_g_nrmse": 0.028481598717280295,
    "max_displacement_m_nrmse": 0.33829141353231024,
    "max_strain_pct_nrmse": 0.21027408354575758,
    "max_stress_ratio_nrmse": 0.4411657535621918,
    "vs_m_s_nrmse": null,
    "implied_strength_kpa_nrmse": null,
    "normalized_implied_strength_nrmse": null,
    "implied_friction_angle_deg_nrmse": null,
    "mobilized_strength_nrmse": 0.038493108900684955,
    "mobilized_friction_angle_deg_nrmse": 0.4138933378499633
  },
  "hysteresis": {
    "layer_index": 0,
    "point_count": 240,
    "sw_gamma_peak": 3.077135696295172e-05,
    "ref_gamma_peak": 2.6860040502993477e-05,
    "gamma_peak_pct_diff": 14.561841258289748,
    "sw_tau_peak_kpa": 12.12930694683903,
    "ref_tau_peak_kpa": 10.957557413672664,
    "tau_peak_pct_diff": 10.693528575120913,
    "sw_loop_energy": 0.00022431003046036413,
    "ref_loop_energy": 0.00011449206940372935,
    "loop_energy_pct_diff": 95.9175265401026,
    "stress_path_nrmse": 0.33011349024574654
  },
  "layer_parity": {
    "row_count": 5,
    "gamma_max_nrmse": 0.21027408354575763,
    "tau_peak_kpa_nrmse": 0.038493108900684955,
    "secant_g_over_gmax_nrmse": 0.07789039489053769,
    "worst_gamma_layer_index": 0,
    "worst_tau_layer_index": 1,
    "worst_secant_layer_index": 3,
    "rows": [
      {
        "layer_index": 0,
        "z_mid_m": 2.0,
        "sw_gamma_max": 5.247073374e-05,
        "ref_gamma_max": 2.9259805780019977e-05,
        "gamma_max_pct_diff": 79.32700625042966,
        "sw_tau_peak_kpa": 12.953297568,
        "ref_tau_peak_kpa": 12.1,
        "tau_peak_pct_diff": 7.052046016528929,
        "sw_secant_g_over_gmax": 0.76241517963,
        "ref_secant_g_over_gmax": 0.8113587690390948,
        "secant_g_over_gmax_pct_diff": -6.0322993078708445,
        "stress_path_nrmse": 0.33011349024574654,
        "loop_energy_pct_diff": 95.9175265401026
      },
      {
        "layer_index": 1,
        "z_mid_m": 6.0,
        "sw_gamma_max": 0.00015140332367,
        "ref_gamma_max": 0.00010238136840577661,
        "gamma_max_pct_diff": 47.88171522569476,
        "sw_tau_peak_kpa": 38.716570346,
        "ref_tau_peak_kpa": 36.1,
        "tau_peak_pct_diff": 7.248117301939048,
        "sw_secant_g_over_gmax": 0.65616295226,
        "ref_secant_g_over_gmax": 0.6918075144227482,
        "secant_g_over_gmax_pct_diff": -5.152381467334951,
        "stress_path_nrmse": null,
        "loop_energy_pct_diff": null
      },
      {
        "layer_index": 2,
        "z_mid_m": 10.0,
        "sw_gamma_max": 0.00019504865817,
        "ref_gamma_max": 0.0001855473392878404,
        "gamma_max_pct_diff": 5.120697994715057,
        "sw_tau_peak_kpa": 54.472189649,
        "ref_tau_peak_kpa": 57.6,
        "tau_peak_pct_diff": -5.430226303819445,
        "sw_secant_g_over_gmax": 0.62315714432,
        "ref_secant_g_over_gmax": 0.6090693643668219,
        "secant_g_over_gmax_pct_diff": 2.3130009121085133,
        "stress_path_nrmse": null,
        "loop_energy_pct_diff": null
      },
      {
        "layer_index": 3,
        "z_mid_m": 14.0,
        "sw_gamma_max": 0.00035863668121,
        "ref_gamma_max": 0.0002599749714841779,
        "gamma_max_pct_diff": 37.95046467841489,
        "sw_tau_peak_kpa": 79.422729477,
        "ref_tau_peak_kpa": 74.7,
        "tau_peak_pct_diff": 6.322261682730925,
        "sw_secant_g_over_gmax": 0.46416560588,
        "ref_secant_g_over_gmax": 0.5637519610572196,
        "secant_g_over_gmax_pct_diff": -17.664923948195685,
        "stress_path_nrmse": null,
        "loop_energy_pct_diff": null
      },
      {
        "layer_index": 4,
        "z_mid_m": 18.0,
        "sw_gamma_max": 0.00038757812645,
        "ref_gamma_max": 0.000301760267240939,
        "gamma_max_pct_diff": 28.439085103454047,
        "sw_tau_peak_kpa": 81.193341933,
        "ref_tau_peak_kpa": 84.9,
        "tau_peak_pct_diff": -4.365910561837463,
        "sw_secant_g_over_gmax": 0.47334690336,
        "ref_secant_g_over_gmax": 0.5520070668117482,
        "secant_g_over_gmax_pct_diff": -14.24984718149881,
        "stress_path_nrmse": null,
        "loop_energy_pct_diff": null
      }
    ]
  },
  "backbone_diagnostic": {
    "row_count": 5,
    "tau_peak_kpa_nrmse": 0.00032434026175287247,
    "secant_g_over_gmax_nrmse": 0.001194232004210919,
    "backbone_loop_energy_nrmse": 1.4303591295408211,
    "worst_tau_layer_index": 0,
    "worst_secant_layer_index": 0,
    "rows": [
      {
        "layer_index": 0,
        "z_mid_m": 2.0,
        "material": "gqh",
        "reload_factor": 1.2,
        "ref_gamma_max": 2.9259805780019977e-05,
        "ref_tau_peak_kpa": 12.1,
        "ref_secant_g_over_gmax": 0.8113587690390948,
        "sw_backbone_tau_peak_kpa": 12.129743532742133,
        "sw_backbone_tau_pct_diff": 0.24581432018291677,
        "sw_backbone_secant_g_over_gmax": 0.8133531985746272,
        "sw_backbone_secant_pct_diff": 0.2458135182164175,
        "sw_backbone_tangent_g_over_gmax": 0.6822728945235856,
        "backbone_masing_loop_energy": 0.00027825684613537493,
        "backbone_masing_loop_energy_pct_diff": 143.0359129540821
      },
      {
        "layer_index": 1,
        "z_mid_m": 6.0,
        "material": "gqh",
        "reload_factor": 1.2,
        "ref_gamma_max": 0.00010238136840577661,
        "ref_tau_peak_kpa": 36.1,
        "ref_secant_g_over_gmax": 0.6918075144227482,
        "sw_backbone_tau_peak_kpa": 36.058119371991374,
        "sw_backbone_tau_pct_diff": -0.11601281996849651,
        "sw_backbone_secant_g_over_gmax": 0.6910049234884731,
        "sw_backbone_secant_pct_diff": -0.1160136190403829,
        "sw_backbone_tangent_g_over_gmax": 0.4973337230797821,
        "backbone_masing_loop_energy": 0.0037939241580697593,
        "backbone_masing_loop_energy_pct_diff": null
      },
      {
        "layer_index": 2,
        "z_mid_m": 10.0,