{
  "run_id": "run-f8efdbc40f0b",
  "run_dir": "H:\\Drive'\u0131m\\GitHub_Repo\\Deepsoil\\1DSRA\\output\\baseline_iter\\variant_runs_refit\\mrd_default_refit\\run-f8efdbc40f0b",
  "stratawave_dt_s": 0.004999999999999893,
  "deepsoil_dt_s": 0.004999999999999893,
  "overlap_duration_s": 29.99499999999936,
  "overlap_samples": 6000,
  "stratawave_pga_m_s2": 12.824981098315131,
  "deepsoil_pga_m_s2": 3.0161205902380765,
  "pga_ratio": 4.252144672140843,
  "pga_pct_diff": 325.21446721408427,
  "surface_rmse_m_s2": 2.6107165919406117,
  "surface_nrmse": 0.8655876029599839,
  "surface_corrcoef": 0.5802777148521507,
  "psa_point_count": 80,
  "psa_rmse_m_s2": 20.792543903261965,
  "psa_nrmse": 1.8490947808185638,
  "psa_max_abs_diff_m_s2": 47.636616329903234,
  "psa_pct_diff_at_peak": 391.77959165382765,
  "psa_peak_period_s": 0.16941210201752382,
  "used_reference_psa_csv": true,
  "surface_psa_peak_period_diff_pct": 0.0,
  "arias_intensity_sw": 38.04033757470777,
  "arias_intensity_ref": 0.7032394850645711,
  "arias_intensity_ratio": 54.09300584311605,
  "xcorr_lag_samples": 3,
  "xcorr_lag_s": 0.01499999999999968,
  "xcorr_peak_coeff": 0.6945007217818022,
  "input_history_nrmse": 1.0062741449790598,
  "input_psa_nrmse": 3.4412024257890197,
  "applied_input_history_nrmse": 1.0062741449790598,
  "applied_input_psa_nrmse": 3.296672167787897,
  "input_dt_used_s": 0.004999999999999893,
  "input_pga_loaded_m_s2": 21.052719801890525,
  "applied_input_pga_loaded_m_s2": 10.526359900945263,
  "boundary_condition": "rigid",
  "motion_input_type": "outcrop",
  "damping_mode": "frequency_independent",
  "base_motion_semantics_ok": true,
  "reference_kind": "primary_gqh",
  "warnings": [],
  "profile": {
    "depth_points": 5,
    "compared_metrics": [
      "effective_stress_kpa",
      "pga_g",
      "max_displacement_m",
      "max_strain_pct",
      "max_stress_ratio",
      "mobilized_strength_kpa",
      "mobilized_friction_angle_deg"
    ],
    "gamma_max_nrmse": null,
    "ru_max_nrmse": null,
    "sigma_v_eff_min_nrmse": null,
    "effective_stress_kpa_nrmse": 0.0,
    "pga_g_nrmse": 3.836464680639038,
    "max_displacement_m_nrmse": 5.124780082334549,
    "max_strain_pct_nrmse": 7.165311907852091,
    "max_stress_ratio_nrmse": 2.718594176021867,
    "vs_m_s_nrmse": null,
    "implied_strength_kpa_nrmse": null,
    "normalized_implied_strength_nrmse": null,
    "implied_friction_angle_deg_nrmse": null,
    "mobilized_strength_nrmse": 2.0096646868370307,
    "mobilized_friction_angle_deg_nrmse": 1.1756571631353196
  },
  "hysteresis": {
    "layer_index": 0,
    "point_count": 240,
    "gamma_peak_pct_diff": 518.8388101623132,
    "tau_peak_pct_diff": 258.61823787569034,
    "loop_energy_pct_diff": 8197.464266268938,
    "stress_path_nrmse": 1.1823707992070085
  },
  "artifacts": null
}