{
  "run_id": "run-2b0b19c0ee05",
  "run_dir": "output\\baseline_iter\\mode4_bottom3\\run-2b0b19c0ee05",
  "stratawave_dt_s": 0.004999999999999893,
  "deepsoil_dt_s": 0.004999999999999893,
  "overlap_duration_s": 29.99499999999936,
  "overlap_samples": 6000,
  "stratawave_pga_m_s2": 2.6084374899659357,
  "deepsoil_pga_m_s2": 3.0161205902380765,
  "pga_ratio": 0.8648319627565155,
  "pga_pct_diff": -13.516803724348453,
  "surface_rmse_m_s2": 0.2952112587645691,
  "surface_nrmse": 0.09787780359984617,
  "surface_corrcoef": 0.7709029133444208,
  "psa_point_count": 80,
  "psa_rmse_m_s2": 0.7934042881042999,
  "psa_nrmse": 0.07055797188830613,
  "psa_max_abs_diff_m_s2": 2.621539233006631,
  "psa_pct_diff_at_peak": -16.792397882602334,
  "psa_peak_period_s": 0.16941210201752382,
  "used_reference_psa_csv": true,
  "surface_psa_peak_period_diff_pct": 11.732494130275942,
  "arias_intensity_sw": 1.0233628732480708,
  "arias_intensity_ref": 0.7032394850645711,
  "arias_intensity_ratio": 1.4552124773740571,
  "xcorr_lag_samples": 1,
  "xcorr_lag_s": 0.004999999999999893,
  "xcorr_peak_coeff": 0.7949216028473161,
  "input_history_nrmse": 8.170042486602506e-07,
  "input_psa_nrmse": 0.014240944871516564,
  "applied_input_history_nrmse": 8.170042486602506e-07,
  "applied_input_psa_nrmse": 2.3215137809655103e-07,
  "input_dt_used_s": 0.004999999999999893,
  "input_pga_loaded_m_s2": 2.1467799709269246,
  "applied_input_pga_loaded_m_s2": 1.0733899854634623,
  "boundary_condition": "rigid",
  "motion_input_type": "outcrop",
  "damping_mode": "frequency_independent",
  "base_motion_semantics_ok": true,
  "reference_kind": "primary_gqh",
  "warnings": [],
  "profile": {
    "depth_points": 5,
    "compared_metrics": [
      "effective_stress_kpa",
      "pga_g",
      "max_displacement_m",
      "max_strain_pct",
      "max_stress_ratio",
      "mobilized_strength_kpa",
      "mobilized_friction_angle_deg"
    ],
    "gamma_max_nrmse": null,
    "ru_max_nrmse": null,
    "sigma_v_eff_min_nrmse": null,
    "effective_stress_kpa_nrmse": 0.614482167294058,
    "pga_g_nrmse": 0.10788513287929809,
    "max_displacement_m_nrmse": 0.34807566383943384,
    "max_strain_pct_nrmse": 0.1405040963146027,
    "max_stress_ratio_nrmse": 0.5175953310074518,
    "vs_m_s_nrmse": null,
    "implied_strength_kpa_nrmse": null,
    "normalized_implied_strength_nrmse": null,
    "implied_friction_angle_deg_nrmse": null,
    "mobilized_strength_nrmse": 0.10395186447976959,
    "mobilized_friction_angle_deg_nrmse": 0.4922797958648985
  },
  "hysteresis": {
    "layer_index": 0,
    "point_count": 240,
    "sw_gamma_peak": 2.3943902732451482e-05,
    "ref_gamma_peak": 2.6860040502993477e-05,
    "gamma_peak_pct_diff": -10.85678843342399,
    "sw_tau_peak_kpa": 8.302245529669479,
    "ref_tau_peak_kpa": 10.957557413672664,
    "tau_peak_pct_diff": -24.232698801011338,
    "sw_loop_energy": 0.00027102353884537133,
    "ref_loop_energy": 0.00011449206940372935,
    "loop_energy_pct_diff": 136.71817642641307,
    "stress_path_nrmse": 0.2886316206754098
  },
  "layer_parity": {
    "row_count": 5,
    "gamma_max_nrmse": 0.14050409631460267,
    "tau_peak_kpa_nrmse": 0.10395186447976959,
    "secant_g_over_gmax_nrmse": 0.16636556352193044,
    "worst_gamma_layer_index": 0,
    "worst_tau_layer_index": 4,
    "worst_secant_layer_index": 3,
    "rows": [
      {
        "layer_index": 0,
        "z_mid_m": 2.0,
        "sw_gamma_max": 4.8785657531e-05,
        "ref_gamma_max": 2.9259805780019977e-05,
        "gamma_max_pct_diff": 66.73267723572255,
        "sw_tau_peak_kpa": 10.647202819,
        "ref_tau_peak_kpa": 12.1,
        "tau_peak_pct_diff": -12.006588272727267,
        "sw_secant_g_over_gmax": 0.6816907644,
        "ref_secant_g_over_gmax": 0.8113587690390948,
        "secant_g_over_gmax_pct_diff": -15.981586640477516,
        "stress_path_nrmse": 0.2886316206754098,
        "loop_energy_pct_diff": 136.71817642641307
      },
      {
        "layer_index": 1,
        "z_mid_m": 6.0,
        "sw_gamma_max": 0.00013667024622,
        "ref_gamma_max": 0.00010238136840577661,
        "gamma_max_pct_diff": 33.49132595915637,
        "sw_tau_peak_kpa": 31.301315103,
        "ref_tau_peak_kpa": 36.1,
        "tau_peak_pct_diff": -13.292755947368423,
        "sw_secant_g_over_gmax": 0.55692197896,
        "ref_secant_g_over_gmax": 0.6918075144227482,
        "secant_g_over_gmax_pct_diff": -19.49755280922299,
        "stress_path_nrmse": null,
        "loop_energy_pct_diff": null
      },
      {
        "layer_index": 2,
        "z_mid_m": 10.0,
        "sw_gamma_max": 0.00023771216507,
        "ref_gamma_max": 0.0001855473392878404,
        "gamma_max_pct_diff": 28.114025230637264,
        "sw_tau_peak_kpa": 49.668823394,
        "ref_tau_peak_kpa": 57.6,
        "tau_peak_pct_diff": -13.769403829861114,
        "sw_secant_g_over_gmax": 0.46824996203,
        "ref_secant_g_over_gmax": 0.6090693643668219,
        "secant_g_over_gmax_pct_diff": -23.120421182768787,
        "stress_path_nrmse": null,
        "loop_energy_pct_diff": null
      },
      {
        "layer_index": 3,
        "z_mid_m": 14.0,
        "sw_gamma_max": 0.00031608005934,
        "ref_gamma_max": 0.0002599749714841779,
        "gamma_max_pct_diff": 21.580957403523232,
        "sw_tau_peak_kpa": 63.697506729,
        "ref_tau_peak_kpa": 74.7,
        "tau_peak_pct_diff": -14.72890665461848,
        "sw_secant_g_over_gmax": 0.42622289606,
        "ref_secant_g_over_gmax": 0.5637519610572196,
        "secant_g_over_gmax_pct_diff": -24.39531469465889,
        "stress_path_nrmse": null,
        "loop_energy_pct_diff": null
      },
      {
        "layer_index": 4,
        "z_mid_m": 18.0,
        "sw_gamma_max": 0.00034128558569,
        "ref_gamma_max": 0.000301760267240939,
        "gamma_max_pct_diff": 13.098251406803739,
        "sw_tau_peak_kpa": 71.470479993,
        "ref_tau_peak_kpa": 84.9,
        "tau_peak_pct_diff": -15.81804476678446,
        "sw_secant_g_over_gmax": 0.42029272016,
        "ref_secant_g_over_gmax": 0.5520070668117482,
        "secant_g_over_gmax_pct_diff": -23.86098921024627,
        "stress_path_nrmse": null,
        "loop_energy_pct_diff": null
      }
    ]
  },
  "backbone_diagnostic": {
    "row_count": 5,
    "tau_peak_kpa_nrmse": 0.00032434026175287247,
    "secant_g_over_gmax_nrmse": 0.001194232004210919,
    "backbone_loop_energy_nrmse": 1.4303591295408211,
    "worst_tau_layer_index": 0,
    "worst_secant_layer_index": 0,
    "rows": [
      {
        "layer_index": 0,
        "z_mid_m": 2.0,
        "material": "gqh",
        "reload_factor": 1.1,
        "ref_gamma_max": 2.9259805780019977e-05,
        "ref_tau_peak_kpa": 12.1,
        "ref_secant_g_over_gmax": 0.8113587690390948,
        "sw_backbone_tau_peak_kpa": 12.129743532742133,
        "sw_backbone_tau_pct_diff": 0.24581432018291677,
        "sw_backbone_secant_g_over_gmax": 0.8133531985746272,
        "sw_backbone_secant_pct_diff": 0.2458135182164175,
        "sw_backbone_tangent_g_over_gmax": 0.6822728945235856,
        "backbone_masing_loop_energy": 0.00027825684613537493,
        "backbone_masing_loop_energy_pct_diff": 143.0359129540821
      },
      {
        "layer_index": 1,
        "z_mid_m": 6.0,
        "material": "gqh",
        "reload_factor": 1.1,
        "ref_gamma_max": 0.00010238136840577661,
        "ref_tau_peak_kpa": 36.1,
        "ref_secant_g_over_gmax": 0.6918075144227482,
        "sw_backbone_tau_peak_kpa": 36.058119371991374,
        "sw_backbone_tau_pct_diff": -0.11601281996849651,
        "sw_backbone_secant_g_over_gmax": 0.6910049234884731,
        "sw_backbone_secant_pct_diff": -0.1160136190403829,
        "sw_backbone_tangent_g_over_gmax": 0.4973337230797821,
        "backbone_masing_loop_energy": 0.0037939241580697593,
        "backbone_masing_loop_energy_pct_diff": null
      },
      {
        "layer_index": 2,
        "z_mid_m": 10.0,
        "material": "gqh",
        "reload_factor": 1.1,