{
  "run_id": "run-a1429e04cb37",
  "run_dir": "H:\\Drive'\u0131m\\GitHub_Repo\\Deepsoil\\1DSRA\\output\\baseline_iter\\reload_branch_secant_sweep\\blend_0_25\\run-a1429e04cb37",
  "stratawave_dt_s": 0.004999999999999893,
  "deepsoil_dt_s": 0.004999999999999893,
  "overlap_duration_s": 29.99499999999936,
  "overlap_samples": 6000,
  "stratawave_pga_m_s2": 2.9120666143120313,
  "deepsoil_pga_m_s2": 3.0161205902380765,
  "pga_ratio": 0.9655007242539225,
  "pga_pct_diff": -3.4499275746077447,
  "surface_rmse_m_s2": 0.34661115298424267,
  "surface_nrmse": 0.11491952745733029,
  "surface_corrcoef": 0.7526654995635134,
  "psa_point_count": 80,
  "psa_rmse_m_s2": 0.955088454189689,
  "psa_nrmse": 0.08493665248845109,
  "psa_max_abs_diff_m_s2": 4.7712916492378135,
  "psa_pct_diff_at_peak": -6.548517977958095,
  "psa_peak_period_s": 0.16941210201752382,
  "used_reference_psa_csv": true,
  "surface_psa_peak_period_diff_pct": 11.732494130275942,
  "arias_intensity_sw": 1.329325200018077,
  "arias_intensity_ref": 0.7032394850645711,
  "arias_intensity_ratio": 1.8902880572697351,
  "xcorr_lag_samples": 1,
  "xcorr_lag_s": 0.004999999999999893,
  "xcorr_peak_coeff": 0.7702800183840347,
  "input_history_nrmse": 3.9028023283585766e-05,
  "input_psa_nrmse": 0.014235105834099681,
  "applied_input_history_nrmse": 0.057151003838187726,
  "applied_input_psa_nrmse": 0.1872332908040134,
  "input_dt_used_s": 0.004999999999999893,
  "input_pga_loaded_m_s2": 2.146046870732979,
  "applied_input_pga_loaded_m_s2": 1.0730234353664896,
  "boundary_condition": "",
  "motion_input_type": "",
  "damping_mode": "",
  "base_motion_semantics_ok": null,
  "reference_kind": "primary_gqh",
  "warnings": [],
  "profile": {
    "depth_points": 5,
    "compared_metrics": [
      "pga_g",
      "max_displacement_m",
      "max_strain_pct"
    ],
    "gamma_max_nrmse": null,
    "ru_max_nrmse": null,
    "sigma_v_eff_min_nrmse": null,
    "effective_stress_kpa_nrmse": null,
    "pga_g_nrmse": 0.050951468490666466,
    "max_displacement_m_nrmse": 0.3346297935011001,
    "max_strain_pct_nrmse": 0.16105181896035098,
    "max_stress_ratio_nrmse": null,
    "vs_m_s_nrmse": null,
    "implied_strength_kpa_nrmse": null,
    "normalized_implied_strength_nrmse": null,
    "implied_friction_angle_deg_nrmse": null,
    "mobilized_strength_nrmse": null,
    "mobilized_friction_angle_deg_nrmse": null
  },
  "hysteresis": {
    "layer_index": 0,
    "point_count": 240,
    "sw_gamma_peak": 2.7518316957712528e-05,
    "ref_gamma_peak": 2.6860040502993477e-05,
    "gamma_peak_pct_diff": 2.450764937028624,
    "sw_tau_peak_kpa": 10.291402871355142,
    "ref_tau_peak_kpa": 10.957557413672664,
    "tau_peak_pct_diff": -6.079407272703899,
    "sw_loop_energy": 0.00029915623109013674,
    "ref_loop_energy": 0.00011449206940372935,
    "loop_energy_pct_diff": 161.28991523005203,
    "stress_path_nrmse": 0.30415712750389795
  },
  "layer_parity": {
    "row_count": 5,
    "gamma_max_nrmse": 0.16105181896035095,
    "tau_peak_kpa_nrmse": 0.02677950445463521,
    "secant_g_over_gmax_nrmse": 0.11312487758898178,
    "worst_gamma_layer_index": 0,
    "worst_tau_layer_index": 4,
    "worst_secant_layer_index": 4,
    "rows": [
      {
        "layer_index": 0,
        "z_mid_m": 2.0,
        "sw_gamma_max": 5.1537551027e-05,
        "ref_gamma_max": 2.9259805780019977e-05,
        "gamma_max_pct_diff": 76.13770718256905,
        "sw_tau_peak_kpa": 11.8280195,
        "ref_tau_peak_kpa": 12.1,
        "tau_peak_pct_diff": -2.247772727272725,
        "sw_secant_g_over_gmax": 0.71445314551,
        "ref_secant_g_over_gmax": 0.8113587690390948,
        "secant_g_over_gmax_pct_diff": -11.943621887991867,
        "stress_path_nrmse": 0.30415712750389795,
        "loop_energy_pct_diff": 161.28991523005203
      },
      {
        "layer_index": 1,
        "z_mid_m": 6.0,
        "sw_gamma_max": 0.00013969483005,
        "ref_gamma_max": 0.00010238136840577661,
        "gamma_max_pct_diff": 36.445558625799805,
        "sw_tau_peak_kpa": 34.911170094,
        "ref_tau_peak_kpa": 36.1,
        "tau_peak_pct_diff": -3.2931576343490367,
        "sw_secant_g_over_gmax": 0.6042898931,
        "ref_secant_g_over_gmax": 0.6918075144227482,
        "secant_g_over_gmax_pct_diff": -12.650573967207318,
        "stress_path_nrmse": null,
        "loop_energy_pct_diff": null
      },
      {
        "layer_index": 2,
        "z_mid_m": 10.0,
        "sw_gamma_max": 0.00024166742505,
        "ref_gamma_max": 0.0001855473392878404,
        "gamma_max_pct_diff": 30.2456968542676,
        "sw_tau_peak_kpa": 55.780640704,
        "ref_tau_peak_kpa": 57.6,
        "tau_peak_pct_diff": -3.158609888888892,
        "sw_secant_g_over_gmax": 0.51595706445,
        "ref_secant_g_over_gmax": 0.6090693643668219,
        "secant_g_over_gmax_pct_diff": -15.287634769419055,
        "stress_path_nrmse": null,
        "loop_energy_pct_diff": null
      },
      {
        "layer_index": 3,
        "z_mid_m": 14.0,
        "sw_gamma_max": 0.0003240675958,
        "ref_gamma_max": 0.0002599749714841779,
        "gamma_max_pct_diff": 24.65338257368471,
        "sw_tau_peak_kpa": 71.963502579,
        "ref_tau_peak_kpa": 74.7,
        "tau_peak_pct_diff": -3.6633164939759166,
        "sw_secant_g_over_gmax": 0.47230521114,
        "ref_secant_g_over_gmax": 0.5637519610572196,
        "secant_g_over_gmax_pct_diff": -16.22109655205934,
        "stress_path_nrmse": null,
        "loop_energy_pct_diff": null
      },
      {
        "layer_index": 4,
        "z_mid_m": 18.0,
        "sw_gamma_max": 0.00035336852762,
        "ref_gamma_max": 0.000301760267240939,
        "gamma_max_pct_diff": 17.102404120637473,
        "sw_tau_peak_kpa": 81.217602394,
        "ref_tau_peak_kpa": 84.9,
        "tau_peak_pct_diff": -4.337335224970564,
        "sw_secant_g_over_gmax": 0.46234179172,
        "ref_secant_g_over_gmax": 0.5520070668117482,
        "secant_g_over_gmax_pct_diff": -16.243501303277128,
        "stress_path_nrmse": null,
        "loop_energy_pct_diff": null
      }
    ]
  },
  "backbone_diagnostic": null,
  "reload_diagnostic": null,
  "envelope_diagnostic": null,
  "artifacts": {
    "output_dir": "H:\\Drive'\u0131m\\GitHub_Repo\\Deepsoil\\1DSRA\\output\\baseline_iter\\reload_branch_secant_sweep\\blend_0_25\\run-a1429e04cb37\\compare",
    "json_path": "H:\\Drive'\u0131m\\GitHub_Repo\\Deepsoil\\1DSRA\\output\\baseline_iter\\reload_branch_secant_sweep\\blend_0_25\\run-a1429e04cb37\\compare\\deepsoil_compare.json",
    "markdown_path": "H:\\Drive'\u0131m\\GitHub_Repo\\Deepsoil\\1DSRA\\output\\baseline_iter\\reload_branch_secant_sweep\\blend_0_25\\run-a1429e04cb37\\compare\\deepsoil_compare.md",
    "layer_parity_csv": "H:\\Drive'\u0131m\\GitHub_Repo\\Deepsoil\\1DSRA\\output\\baseline_iter\\reload_branch_secant_sweep\\blend_0_25\\run-a1429e04cb37\\compare\\layer_parity.csv",
    "backbone_diagnostic_csv": null,
    "hysteresis_envelope_csv": null
  }
}