{
  "run_id": "run-06695f88ceb5",
  "run_dir": "H:\\Drive'\u0131m\\GitHub_Repo\\Deepsoil\\1DSRA\\output\\baseline_iter\\mrdf_blend_sweep\\blend_0_1\\run-06695f88ceb5",
  "stratawave_dt_s": 0.004999999999999893,
  "deepsoil_dt_s": 0.004999999999999893,
  "overlap_duration_s": 29.99499999999936,
  "overlap_samples": 6000,
  "stratawave_pga_m_s2": 2.8025014181270147,
  "deepsoil_pga_m_s2": 3.0161205902380765,
  "pga_ratio": 0.9291741938958085,
  "pga_pct_diff": -7.082580610419157,
  "surface_rmse_m_s2": 0.32764576703594067,
  "surface_nrmse": 0.10863152093342067,
  "surface_corrcoef": 0.7512428051843726,
  "psa_point_count": 80,
  "psa_rmse_m_s2": 0.8737423578168421,
  "psa_nrmse": 0.07770248994716639,
  "psa_max_abs_diff_m_s2": 3.832653341130289,
  "psa_pct_diff_at_peak": -12.311725948645316,
  "psa_peak_period_s": 0.16941210201752382,
  "used_reference_psa_csv": true,
  "surface_psa_peak_period_diff_pct": 11.732494130275942,
  "arias_intensity_sw": 1.1826759034962329,
  "arias_intensity_ref": 0.7032394850645711,
  "arias_intensity_ratio": 1.6817541230462054,
  "xcorr_lag_samples": 1,
  "xcorr_lag_s": 0.004999999999999893,
  "xcorr_peak_coeff": 0.774628908050038,
  "input_history_nrmse": 3.9028023283585766e-05,
  "input_psa_nrmse": 0.014235105834099681,
  "applied_input_history_nrmse": 3.9028023283585766e-05,
  "applied_input_psa_nrmse": 0.00012773466201254687,
  "input_dt_used_s": 0.004999999999999893,
  "input_pga_loaded_m_s2": 2.146046870732979,
  "applied_input_pga_loaded_m_s2": 1.0730234353664896,
  "boundary_condition": "rigid",
  "motion_input_type": "outcrop",
  "damping_mode": "frequency_independent",
  "base_motion_semantics_ok": true,
  "reference_kind": "primary_gqh",
  "warnings": [],
  "profile": {
    "depth_points": 5,
    "compared_metrics": [
      "effective_stress_kpa",
      "pga_g",
      "max_displacement_m",
      "max_strain_pct",
      "max_stress_ratio",
      "mobilized_strength_kpa",
      "mobilized_friction_angle_deg"
    ],
    "gamma_max_nrmse": null,
    "ru_max_nrmse": null,
    "sigma_v_eff_min_nrmse": null,
    "effective_stress_kpa_nrmse": 0.614482167294058,
    "pga_g_nrmse": 0.06326870332158853,
    "max_displacement_m_nrmse": 0.33767954057453997,
    "max_strain_pct_nrmse": 0.15519311604751776,
    "max_stress_ratio_nrmse": 0.4857821855768556,
    "vs_m_s_nrmse": null,
    "implied_strength_kpa_nrmse": null,
    "normalized_implied_strength_nrmse": null,
    "implied_friction_angle_deg_nrmse": null,
    "mobilized_strength_nrmse": 0.05461387494514708,
    "mobilized_friction_angle_deg_nrmse": 0.45916446668393146
  },
  "hysteresis": {
    "layer_index": 0,
    "point_count": 240,
    "sw_gamma_peak": 2.9288088699837122e-05,
    "ref_gamma_peak": 2.6860040502993477e-05,
    "gamma_peak_pct_diff": 9.039629692937533,
    "sw_tau_peak_kpa": 10.217328866690991,
    "ref_tau_peak_kpa": 10.957557413672664,
    "tau_peak_pct_diff": -6.755415637229765,
    "sw_loop_energy": 0.0002662605408951485,
    "ref_loop_energy": 0.00011449206940372935,
    "loop_energy_pct_diff": 132.55806474791135,
    "stress_path_nrmse": 0.3060172427124867
  },
  "layer_parity": {
    "row_count": 5,
    "gamma_max_nrmse": 0.15519311604751776,
    "tau_peak_kpa_nrmse": 0.05461387494514708,
    "secant_g_over_gmax_nrmse": 0.13152982032497856,
    "worst_gamma_layer_index": 0,
    "worst_tau_layer_index": 4,
    "worst_secant_layer_index": 3,
    "rows": [
      {
        "layer_index": 0,
        "z_mid_m": 2.0,
        "sw_gamma_max": 5.0348558826e-05,
        "ref_gamma_max": 2.9259805780019977e-05,
        "gamma_max_pct_diff": 72.07413885289851,
        "sw_tau_peak_kpa": 11.432348264,
        "ref_tau_peak_kpa": 12.1,
        "tau_peak_pct_diff": -5.517782942148759,
        "sw_secant_g_over_gmax": 0.70599836115,
        "ref_secant_g_over_gmax": 0.8113587690390948,
        "secant_g_over_gmax_pct_diff": -12.985674390858529,
        "stress_path_nrmse": 0.3060172427124867,
        "loop_energy_pct_diff": 132.55806474791135
      },
      {
        "layer_index": 1,
        "z_mid_m": 6.0,
        "sw_gamma_max": 0.00013713226568,
        "ref_gamma_max": 0.00010238136840577661,
        "gamma_max_pct_diff": 33.94259894680471,
        "sw_tau_peak_kpa": 33.620703426,
        "ref_tau_peak_kpa": 36.1,
        "tau_peak_pct_diff": -6.867857545706379,
        "sw_secant_g_over_gmax": 0.59172780583,
        "ref_secant_g_over_gmax": 0.6918075144227482,
        "secant_g_over_gmax_pct_diff": -14.466409587391643,
        "stress_path_nrmse": null,
        "loop_energy_pct_diff": null
      },
      {
        "layer_index": 2,
        "z_mid_m": 10.0,
        "sw_gamma_max": 0.00023992157684,
        "ref_gamma_max": 0.0001855473392878404,
        "gamma_max_pct_diff": 29.30477891025352,
        "sw_tau_peak_kpa": 53.535592987,
        "ref_tau_peak_kpa": 57.6,
        "tau_peak_pct_diff": -7.056262175347222,
        "sw_secant_g_over_gmax": 0.49883234325,
        "ref_secant_g_over_gmax": 0.6090693643668219,
        "secant_g_over_gmax_pct_diff": -18.09925561293375,
        "stress_path_nrmse": null,
        "loop_energy_pct_diff": null
      },
      {
        "layer_index": 3,
        "z_mid_m": 14.0,
        "sw_gamma_max": 0.00032401389822,
        "ref_gamma_max": 0.0002599749714841779,
        "gamma_max_pct_diff": 24.63272766998632,
        "sw_tau_peak_kpa": 69.076651498,
        "ref_tau_peak_kpa": 74.7,
        "tau_peak_pct_diff": -7.527909641231592,
        "sw_secant_g_over_gmax": 0.45198815914,
        "ref_secant_g_over_gmax": 0.5637519610572196,
        "secant_g_over_gmax_pct_diff": -19.824995678529586,
        "stress_path_nrmse": null,
        "loop_energy_pct_diff": null
      },
      {
        "layer_index": 4,
        "z_mid_m": 18.0,
        "sw_gamma_max": 0.0003492562144,
        "ref_gamma_max": 0.000301760267240939,
        "gamma_max_pct_diff": 15.739629207425816,
        "sw_tau_peak_kpa": 77.636278834,
        "ref_tau_peak_kpa": 84.9,
        "tau_peak_pct_diff": -8.555619747938763,
        "sw_secant_g_over_gmax": 0.44625542219,
        "ref_secant_g_over_gmax": 0.5520070668117482,
        "secant_g_over_gmax_pct_diff": -19.15766137425426,
        "stress_path_nrmse": null,
        "loop_energy_pct_diff": null
      }
    ]
  },
  "artifacts": {
    "output_dir": "H:\\Drive'\u0131m\\GitHub_Repo\\Deepsoil\\1DSRA\\output\\baseline_iter\\mrdf_blend_sweep\\blend_0_1\\compare",
    "json_path": "H:\\Drive'\u0131m\\GitHub_Repo\\Deepsoil\\1DSRA\\output\\baseline_iter\\mrdf_blend_sweep\\blend_0_1\\compare\\deepsoil_compare.json",
    "markdown_path": "H:\\Drive'\u0131m\\GitHub_Repo\\Deepsoil\\1DSRA\\output\\baseline_iter\\mrdf_blend_sweep\\blend_0_1\\compare\\deepsoil_compare.md",
    "layer_parity_csv": "H:\\Drive'\u0131m\\GitHub_Repo\\Deepsoil\\1DSRA\\output\\baseline_iter\\mrdf_blend_sweep\\blend_0_1\\compare\\layer_parity.csv"
  }
}