{
  "run_id": "run-2eaf841761cb",
  "run_dir": "H:\\Drive'\u0131m\\GitHub_Repo\\Deepsoil\\1DSRA\\output\\baseline_iter\\baseline_tuned_rf_1p2\\run-2eaf841761cb",
  "stratawave_dt_s": 0.004999999999999893,
  "deepsoil_dt_s": 0.004999999999999893,
  "overlap_duration_s": 29.99499999999936,
  "overlap_samples": 6000,
  "stratawave_pga_m_s2": 2.61593866945298,
  "deepsoil_pga_m_s2": 3.0161205902380765,
  "pga_ratio": 0.867318991793525,
  "pga_pct_diff": -13.2681008206475,
  "surface_rmse_m_s2": 0.3021612591128366,
  "surface_nrmse": 0.10018208823977953,
  "surface_corrcoef": 0.7655076489851317,
  "psa_point_count": 80,
  "psa_rmse_m_s2": 0.7996231451594609,
  "psa_nrmse": 0.07111101898907725,
  "psa_max_abs_diff_m_s2": 2.756425777065674,
  "psa_pct_diff_at_peak": -17.319457629759725,
  "psa_peak_period_s": 0.16941210201752382,
  "used_reference_psa_csv": true,
  "surface_psa_peak_period_diff_pct": 11.732494130275942,
  "arias_intensity_sw": 1.0525334299270197,
  "arias_intensity_ref": 0.7032394850645711,
  "arias_intensity_ratio": 1.4966927373686598,
  "xcorr_lag_samples": 1,
  "xcorr_lag_s": 0.004999999999999893,
  "xcorr_peak_coeff": 0.789494965372822,
  "input_history_nrmse": 3.9028023283585766e-05,
  "input_psa_nrmse": 0.014235105834099681,
  "applied_input_history_nrmse": 3.9028023283585766e-05,
  "applied_input_psa_nrmse": 0.00012773466201254687,
  "input_dt_used_s": 0.004999999999999893,
  "input_pga_loaded_m_s2": 2.146046870732979,
  "applied_input_pga_loaded_m_s2": 1.0730234353664896,
  "boundary_condition": "rigid",
  "motion_input_type": "outcrop",
  "damping_mode": "frequency_independent",
  "base_motion_semantics_ok": true,
  "reference_kind": "primary_gqh",
  "warnings": [],
  "profile": {
    "depth_points": 5,
    "compared_metrics": [
      "effective_stress_kpa",
      "pga_g",
      "max_displacement_m",
      "max_strain_pct",
      "max_stress_ratio",
      "mobilized_strength_kpa",
      "mobilized_friction_angle_deg"
    ],
    "gamma_max_nrmse": null,
    "ru_max_nrmse": null,
    "sigma_v_eff_min_nrmse": null,
    "effective_stress_kpa_nrmse": 0.614482167294058,
    "pga_g_nrmse": 0.10012060173060758,
    "max_displacement_m_nrmse": 0.3447867524007979,
    "max_strain_pct_nrmse": 0.14629541325866682,
    "max_stress_ratio_nrmse": 0.5158864388355572,
    "vs_m_s_nrmse": null,
    "implied_strength_kpa_nrmse": null,
    "normalized_implied_strength_nrmse": null,
    "implied_friction_angle_deg_nrmse": null,
    "mobilized_strength_nrmse": 0.09973068168715593,
    "mobilized_friction_angle_deg_nrmse": 0.4904593007045894
  },
  "hysteresis": {
    "layer_index": 0,
    "point_count": 240,
    "sw_gamma_peak": 2.5215502055216724e-05,
    "ref_gamma_peak": 2.6860040502993477e-05,
    "gamma_peak_pct_diff": -6.122620878376833,
    "sw_tau_peak_kpa": 9.16657830737954,
    "ref_tau_peak_kpa": 10.957557413672664,
    "tau_peak_pct_diff": -16.344692878892598,
    "sw_loop_energy": 0.0002650951244775481,
    "ref_loop_energy": 0.00011449206940372935,
    "loop_energy_pct_diff": 131.5401633127553,
    "stress_path_nrmse": 0.28907644901628726
  },
  "layer_parity": {
    "row_count": 5,
    "gamma_max_nrmse": 0.14629541325866685,
    "tau_peak_kpa_nrmse": 0.09973068168715593,
    "secant_g_over_gmax_nrmse": 0.16190453704687677,
    "worst_gamma_layer_index": 0,
    "worst_tau_layer_index": 4,
    "worst_secant_layer_index": 3,
    "rows": [
      {
        "layer_index": 0,
        "z_mid_m": 2.0,
        "sw_gamma_max": 4.8165707579e-05,
        "ref_gamma_max": 2.9259805780019977e-05,
        "gamma_max_pct_diff": 64.61390051977001,
        "sw_tau_peak_kpa": 10.643897163,
        "ref_tau_peak_kpa": 12.1,
        "tau_peak_pct_diff": -12.03390774380165,
        "sw_secant_g_over_gmax": 0.68984759099,
        "ref_secant_g_over_gmax": 0.8113587690390948,
        "secant_g_over_gmax_pct_diff": -14.976257444410487,
        "stress_path_nrmse": 0.28907644901628726,
        "loop_energy_pct_diff": 131.5401633127553
      },
      {
        "layer_index": 1,
        "z_mid_m": 6.0,
        "sw_gamma_max": 0.00013605453195,
        "ref_gamma_max": 0.00010238136840577661,
        "gamma_max_pct_diff": 32.889933069426995,
        "sw_tau_peak_kpa": 31.385843633,
        "ref_tau_peak_kpa": 36.1,
        "tau_peak_pct_diff": -13.058604894736845,
        "sw_secant_g_over_gmax": 0.56304147971,
        "ref_secant_g_over_gmax": 0.6918075144227482,
        "secant_g_over_gmax_pct_diff": -18.61298584190605,
        "stress_path_nrmse": null,
        "loop_energy_pct_diff": null
      },
      {
        "layer_index": 2,
        "z_mid_m": 10.0,
        "sw_gamma_max": 0.00023799718404,
        "ref_gamma_max": 0.0001855473392878404,
        "gamma_max_pct_diff": 28.267635070096006,
        "sw_tau_peak_kpa": 49.948844011,
        "ref_tau_peak_kpa": 57.6,
        "tau_peak_pct_diff": -13.283256925347228,
        "sw_secant_g_over_gmax": 0.47263009619,
        "ref_secant_g_over_gmax": 0.6090693643668219,
        "secant_g_over_gmax_pct_diff": -22.401269241092404,
        "stress_path_nrmse": null,
        "loop_energy_pct_diff": null
      },
      {
        "layer_index": 3,
        "z_mid_m": 14.0,
        "sw_gamma_max": 0.0003201488161,
        "ref_gamma_max": 0.0002599749714841779,
        "gamma_max_pct_diff": 23.146014507586667,
        "sw_tau_peak_kpa": 64.129989814,
        "ref_tau_peak_kpa": 74.7,
        "tau_peak_pct_diff": -14.149946701472562,
        "sw_secant_g_over_gmax": 0.42669609328,
        "ref_secant_g_over_gmax": 0.5637519610572196,
        "secant_g_over_gmax_pct_diff": -24.311377564025662,
        "stress_path_nrmse": null,
        "loop_energy_pct_diff": null
      },
      {
        "layer_index": 4,
        "z_mid_m": 18.0,
        "sw_gamma_max": 0.00034513326406,
        "ref_gamma_max": 0.000301760267240939,
        "gamma_max_pct_diff": 14.373329270824796,
        "sw_tau_peak_kpa": 72.099490012,
        "ref_tau_peak_kpa": 84.9,
        "tau_peak_pct_diff": -15.077161352179035,
        "sw_secant_g_over_gmax": 0.41958687554,
        "ref_secant_g_over_gmax": 0.5520070668117482,
        "secant_g_over_gmax_pct_diff": -23.98885797541929,
        "stress_path_nrmse": null,
        "loop_energy_pct_diff": null
      }
    ]
  },
  "backbone_diagnostic": {
    "row_count": 5,
    "tau_peak_kpa_nrmse": 0.00032434026175287247,
    "secant_g_over_gmax_nrmse": 0.001194232004210919,
    "backbone_loop_energy_nrmse": 1.4303591295408211,
    "worst_tau_layer_index": 0,
    "worst_secant_layer_index": 0,
    "rows": [
      {
        "layer_index": 0,
        "z_mid_m": 2.0,
        "material": "gqh",
        "reload_factor": 1.2,
        "ref_gamma_max": 2.9259805780019977e-05,
        "ref_tau_peak_kpa": 12.1,
        "ref_secant_g_over_gmax": 0.8113587690390948,
        "sw_backbone_tau_peak_kpa": 12.129743532742133,
        "sw_backbone_tau_pct_diff": 0.24581432018291677,
        "sw_backbone_secant_g_over_gmax": 0.8133531985746272,
        "sw_backbone_secant_pct_diff": 0.2458135182164175,
        "sw_backbone_tangent_g_over_gmax": 0.6822728945235856,
        "backbone_masing_loop_energy": 0.00027825684613537493,
        "backbone_masing_loop_energy_pct_diff": 143.0359129540821
      },
      {
        "layer_index": 1,
        "z_mid_m": 6.0,
        "material": "gqh",
        "reload_factor": 1.2,
        "ref_gamma_max": 0.00010238136840577661,
        "ref_tau_peak_kpa": 36.1,
        "ref_secant_g_over_gmax": 0.6918075144227482,
        "sw_backbone_tau_peak_kpa": 36.058119371991374,
        "sw_backbone_tau_pct_diff": -0.11601281996849651,
        "sw_backbone_secant_g_over_gmax": 0.6910049234884731,
        "sw_backbone_secant_pct_diff": -0.1160136190403829,
        "sw_backbone_tangent_g_over_gmax": 0.4973337230797821,
        "backbone_masing_loop_energy": 0.0037939241580697593,
        "backbone_masing_loop_energy_pct_diff": null
      },
      {
        "layer_index": 2,
        "z_mid_m": 10.0,