{
  "run_id": "run-b019877a2d32",
  "run_dir": "H:\\Drive'\u0131m\\GitHub_Repo\\Deepsoil\\1DSRA\\output\\baseline_iter\\variant_runs_refit_mps2\\mrd_soft90_refit\\run-b019877a2d32",
  "stratawave_dt_s": 0.004999999999999893,
  "deepsoil_dt_s": 0.004999999999999893,
  "overlap_duration_s": 29.99499999999936,
  "overlap_samples": 6000,
  "stratawave_pga_m_s2": 3.707517183263378,
  "deepsoil_pga_m_s2": 3.0161205902380765,
  "pga_ratio": 1.2292337366294517,
  "pga_pct_diff": 22.923373662945163,
  "surface_rmse_m_s2": 0.6457808384414201,
  "surface_nrmse": 0.21410975427573836,
  "surface_corrcoef": 0.5854890516244241,
  "psa_point_count": 80,
  "psa_rmse_m_s2": 2.938956111734774,
  "psa_nrmse": 0.26136332487969555,
  "psa_max_abs_diff_m_s2": 13.228836522527969,
  "psa_pct_diff_at_peak": 117.6449244686742,
  "psa_peak_period_s": 0.16941210201752382,
  "used_reference_psa_csv": true,
  "surface_psa_peak_period_diff_pct": 0.0,
  "arias_intensity_sw": 3.001220446332173,
  "arias_intensity_ref": 0.7032394850645711,
  "arias_intensity_ratio": 4.26770753075192,
  "xcorr_lag_samples": 34,
  "xcorr_lag_s": 0.16999999999999638,
  "xcorr_peak_coeff": 0.6300045448533576,
  "input_history_nrmse": 8.170042486602506e-07,
  "input_psa_nrmse": 0.014240944871516564,
  "applied_input_history_nrmse": 8.170042486602506e-07,
  "applied_input_psa_nrmse": 2.3215137809655103e-07,
  "input_dt_used_s": 0.004999999999999893,
  "input_pga_loaded_m_s2": 2.1467799709269246,
  "applied_input_pga_loaded_m_s2": 1.0733899854634623,
  "boundary_condition": "rigid",
  "motion_input_type": "outcrop",
  "damping_mode": "frequency_independent",
  "base_motion_semantics_ok": true,
  "reference_kind": "primary_gqh",
  "warnings": [],
  "profile": {
    "depth_points": 5,
    "compared_metrics": [
      "effective_stress_kpa",
      "pga_g",
      "max_displacement_m",
      "max_strain_pct",
      "max_stress_ratio",
      "mobilized_strength_kpa",
      "mobilized_friction_angle_deg"
    ],
    "gamma_max_nrmse": null,
    "ru_max_nrmse": null,
    "sigma_v_eff_min_nrmse": null,
    "effective_stress_kpa_nrmse": 0.0,
    "pga_g_nrmse": 0.19886223079139717,
    "max_displacement_m_nrmse": 0.3048532615986548,
    "max_strain_pct_nrmse": 0.20870191905309834,
    "max_stress_ratio_nrmse": 0.2551119524356263,
    "vs_m_s_nrmse": null,
    "implied_strength_kpa_nrmse": null,
    "normalized_implied_strength_nrmse": null,
    "implied_friction_angle_deg_nrmse": null,
    "mobilized_strength_nrmse": 0.2092640631706308,
    "mobilized_friction_angle_deg_nrmse": 0.20387905691719235
  },
  "hysteresis": {
    "layer_index": 0,
    "point_count": 240,
    "gamma_peak_pct_diff": 15.666235757819626,
    "tau_peak_pct_diff": 21.16218081522706,
    "loop_energy_pct_diff": 142.5818038173417,
    "stress_path_nrmse": 0.38039211829836694
  },
  "artifacts": null
}