{
  "run_id": "run-1dbf17dbe5d1",
  "run_dir": "H:\\Drive'\u0131m\\GitHub_Repo\\Deepsoil\\1DSRA\\output\\baseline_iter\\variant_runs_refit\\dc_wide_refit\\run-1dbf17dbe5d1",
  "stratawave_dt_s": 0.004999999999999893,
  "deepsoil_dt_s": 0.004999999999999893,
  "overlap_duration_s": 29.99499999999936,
  "overlap_samples": 6000,
  "stratawave_pga_m_s2": 14.074338891235998,
  "deepsoil_pga_m_s2": 3.0161205902380765,
  "pga_ratio": 4.666371409945862,
  "pga_pct_diff": 366.63714099458616,
  "surface_rmse_m_s2": 2.5061753899733166,
  "surface_nrmse": 0.8309267865769374,
  "surface_corrcoef": 0.5635556942817551,
  "psa_point_count": 80,
  "psa_rmse_m_s2": 18.625899927495865,
  "psa_nrmse": 1.6564136886866598,
  "psa_max_abs_diff_m_s2": 39.70685533829249,
  "psa_pct_diff_at_peak": 309.45302870831375,
  "psa_peak_period_s": 0.16941210201752382,
  "used_reference_psa_csv": true,
  "surface_psa_peak_period_diff_pct": -5.39583577224,
  "arias_intensity_sw": 35.06514380474328,
  "arias_intensity_ref": 0.7032394850645711,
  "arias_intensity_ratio": 49.86230800382833,
  "xcorr_lag_samples": 3,
  "xcorr_lag_s": 0.01499999999999968,
  "xcorr_peak_coeff": 0.6389928431158404,
  "input_history_nrmse": 1.0062741449790598,
  "input_psa_nrmse": 3.4412024257890197,
  "applied_input_history_nrmse": 1.0062741449790598,
  "applied_input_psa_nrmse": 3.296672167787897,
  "input_dt_used_s": 0.004999999999999893,
  "input_pga_loaded_m_s2": 21.052719801890525,
  "applied_input_pga_loaded_m_s2": 10.526359900945263,
  "boundary_condition": "rigid",
  "motion_input_type": "outcrop",
  "damping_mode": "frequency_independent",
  "base_motion_semantics_ok": true,
  "reference_kind": "primary_gqh",
  "warnings": [],
  "profile": {
    "depth_points": 5,
    "compared_metrics": [
      "effective_stress_kpa",
      "pga_g",
      "max_displacement_m",
      "max_strain_pct",
      "max_stress_ratio",
      "mobilized_strength_kpa",
      "mobilized_friction_angle_deg"
    ],
    "gamma_max_nrmse": null,
    "ru_max_nrmse": null,
    "sigma_v_eff_min_nrmse": null,
    "effective_stress_kpa_nrmse": 0.0,
    "pga_g_nrmse": 3.820365573254952,
    "max_displacement_m_nrmse": 5.600293737385905,
    "max_strain_pct_nrmse": 8.099099509773039,
    "max_stress_ratio_nrmse": 2.374572468139906,
    "vs_m_s_nrmse": null,
    "implied_strength_kpa_nrmse": null,
    "normalized_implied_strength_nrmse": null,
    "implied_friction_angle_deg_nrmse": null,
    "mobilized_strength_nrmse": 1.6244852180628877,
    "mobilized_friction_angle_deg_nrmse": 1.0907792722610388
  },
  "hysteresis": {
    "layer_index": 0,
    "point_count": 240,
    "gamma_peak_pct_diff": 351.4869506369946,
    "tau_peak_pct_diff": 335.44964951349556,
    "loop_energy_pct_diff": 1454.102788718666,
    "stress_path_nrmse": 1.1311963647998162
  },
  "artifacts": null
}