{
  "run_id": "run-06695f88ceb5",
  "run_dir": "H:\\Drive'\u0131m\\GitHub_Repo\\Deepsoil\\1DSRA\\output\\baseline_iter\\mrdf_blend_sweep\\blend_0_4\\run-06695f88ceb5",
  "stratawave_dt_s": 0.004999999999999893,
  "deepsoil_dt_s": 0.004999999999999893,
  "overlap_duration_s": 29.99499999999936,
  "overlap_samples": 6000,
  "stratawave_pga_m_s2": 2.5906661827836515,
  "deepsoil_pga_m_s2": 3.0161205902380765,
  "pga_ratio": 0.8589398551134051,
  "pga_pct_diff": -14.106014488659484,
  "surface_rmse_m_s2": 0.3357189535806162,
  "surface_nrmse": 0.11130819990004114,
  "surface_corrcoef": 0.6894567154271205,
  "psa_point_count": 80,
  "psa_rmse_m_s2": 0.8666906690530082,
  "psa_nrmse": 0.0770753785677302,
  "psa_max_abs_diff_m_s2": 2.533486963952832,
  "psa_pct_diff_at_peak": -20.14127828002345,
  "psa_peak_period_s": 0.16941210201752382,
  "used_reference_psa_csv": true,
  "surface_psa_peak_period_diff_pct": 18.105259998153333,
  "arias_intensity_sw": 0.9869397773810941,
  "arias_intensity_ref": 0.7032394850645711,
  "arias_intensity_ratio": 1.4034191741814295,
  "xcorr_lag_samples": 2,
  "xcorr_lag_s": 0.009999999999999787,
  "xcorr_peak_coeff": 0.7560731558967221,
  "input_history_nrmse": 3.9028023283585766e-05,
  "input_psa_nrmse": 0.014235105834099681,
  "applied_input_history_nrmse": 3.9028023283585766e-05,
  "applied_input_psa_nrmse": 0.00012773466201254687,
  "input_dt_used_s": 0.004999999999999893,
  "input_pga_loaded_m_s2": 2.146046870732979,
  "applied_input_pga_loaded_m_s2": 1.0730234353664896,
  "boundary_condition": "rigid",
  "motion_input_type": "outcrop",
  "damping_mode": "frequency_independent",
  "base_motion_semantics_ok": true,
  "reference_kind": "primary_gqh",
  "warnings": [],
  "profile": {
    "depth_points": 5,
    "compared_metrics": [
      "effective_stress_kpa",
      "pga_g",
      "max_displacement_m",
      "max_strain_pct",
      "max_stress_ratio",
      "mobilized_strength_kpa",
      "mobilized_friction_angle_deg"
    ],
    "gamma_max_nrmse": null,
    "ru_max_nrmse": null,
    "sigma_v_eff_min_nrmse": null,
    "effective_stress_kpa_nrmse": 0.614482167294058,
    "pga_g_nrmse": 0.10533035899889767,
    "max_displacement_m_nrmse": 0.3537097044086901,
    "max_strain_pct_nrmse": 0.13278720784753986,
    "max_stress_ratio_nrmse": 0.525583764590563,
    "vs_m_s_nrmse": null,
    "implied_strength_kpa_nrmse": null,
    "normalized_implied_strength_nrmse": null,
    "implied_friction_angle_deg_nrmse": null,
    "mobilized_strength_nrmse": 0.11742284059476095,
    "mobilized_friction_angle_deg_nrmse": 0.5006584978712821
  },
  "hysteresis": {
    "layer_index": 0,
    "point_count": 240,
    "sw_gamma_peak": 2.3931866391287907e-05,
    "ref_gamma_peak": 2.6860040502993477e-05,
    "gamma_peak_pct_diff": -10.901599762588713,
    "sw_tau_peak_kpa": 8.90839521866305,
    "ref_tau_peak_kpa": 10.957557413672664,
    "tau_peak_pct_diff": -18.700903108686443,
    "sw_loop_energy": 0.00020921282253752595,
    "ref_loop_energy": 0.00011449206940372935,
    "loop_energy_pct_diff": 82.7312787925827,
    "stress_path_nrmse": 0.25962259084593525
  },
  "layer_parity": {
    "row_count": 5,
    "gamma_max_nrmse": 0.13278720784753986,
    "tau_peak_kpa_nrmse": 0.11742284059476095,
    "secant_g_over_gmax_nrmse": 0.16867898565991687,
    "worst_gamma_layer_index": 0,
    "worst_tau_layer_index": 4,
    "worst_secant_layer_index": 3,
    "rows": [
      {
        "layer_index": 0,
        "z_mid_m": 2.0,
        "sw_gamma_max": 4.6238115073e-05,
        "ref_gamma_max": 2.9259805780019977e-05,
        "gamma_max_pct_diff": 58.026049183736,
        "sw_tau_peak_kpa": 10.545239863,
        "ref_tau_peak_kpa": 12.1,
        "tau_peak_pct_diff": -12.849257330578505,
        "sw_secant_g_over_gmax": 0.70208705043,
        "ref_secant_g_over_gmax": 0.8113587690390948,
        "secant_g_over_gmax_pct_diff": -13.467743589991272,
        "stress_path_nrmse": 0.25962259084593525,
        "loop_energy_pct_diff": 82.7312787925827
      },
      {
        "layer_index": 1,
        "z_mid_m": 6.0,
        "sw_gamma_max": 0.00013165651033,
        "ref_gamma_max": 0.00010238136840577661,
        "gamma_max_pct_diff": 28.594208477654632,
        "sw_tau_peak_kpa": 30.234206396,
        "ref_tau_peak_kpa": 36.1,
        "tau_peak_pct_diff": -16.248735745152356,
        "sw_secant_g_over_gmax": 0.55367624437,
        "ref_secant_g_over_gmax": 0.6918075144227482,
        "secant_g_over_gmax_pct_diff": -19.966720102484942,
        "stress_path_nrmse": null,
        "loop_energy_pct_diff": null
      },
      {
        "layer_index": 2,
        "z_mid_m": 10.0,
        "sw_gamma_max": 0.00024155945026,
        "ref_gamma_max": 0.0001855473392878404,
        "gamma_max_pct_diff": 30.187504270954676,
        "sw_tau_peak_kpa": 49.164616467,
        "ref_tau_peak_kpa": 57.6,
        "tau_peak_pct_diff": -14.644763078124999,
        "sw_secant_g_over_gmax": 0.45455420717,
        "ref_secant_g_over_gmax": 0.6090693643668219,
        "secant_g_over_gmax_pct_diff": -25.36905748944592,
        "stress_path_nrmse": null,
        "loop_energy_pct_diff": null
      },
      {
        "layer_index": 3,
        "z_mid_m": 14.0,
        "sw_gamma_max": 0.00031480768337,
        "ref_gamma_max": 0.0002599749714841779,
        "gamma_max_pct_diff": 21.091534916913808,
        "sw_tau_peak_kpa": 62.582099288,
        "ref_tau_peak_kpa": 74.7,
        "tau_peak_pct_diff": -16.22208930655957,
        "sw_secant_g_over_gmax": 0.41857030481,
        "ref_secant_g_over_gmax": 0.5637519610572196,
        "secant_g_over_gmax_pct_diff": -25.752754096847205,
        "stress_path_nrmse": null,
        "loop_energy_pct_diff": null
      },
      {
        "layer_index": 4,
        "z_mid_m": 18.0,
        "sw_gamma_max": 0.00032893941317,
        "ref_gamma_max": 0.000301760267240939,
        "gamma_max_pct_diff": 9.006866999942023,
        "sw_tau_peak_kpa": 69.34041667,
        "ref_tau_peak_kpa": 84.9,
        "tau_peak_pct_diff": -18.326953274440527,
        "sw_secant_g_over_gmax": 0.41904479998,
        "ref_secant_g_over_gmax": 0.5520070668117482,
        "secant_g_over_gmax_pct_diff": -24.08705881243591,
        "stress_path_nrmse": null,
        "loop_energy_pct_diff": null
      }
    ]
  },
  "artifacts": {
    "output_dir": "H:\\Drive'\u0131m\\GitHub_Repo\\Deepsoil\\1DSRA\\output\\baseline_iter\\mrdf_blend_sweep\\blend_0_4\\compare",
    "json_path": "H:\\Drive'\u0131m\\GitHub_Repo\\Deepsoil\\1DSRA\\output\\baseline_iter\\mrdf_blend_sweep\\blend_0_4\\compare\\deepsoil_compare.json",
    "markdown_path": "H:\\Drive'\u0131m\\GitHub_Repo\\Deepsoil\\1DSRA\\output\\baseline_iter\\mrdf_blend_sweep\\blend_0_4\\compare\\deepsoil_compare.md",
    "layer_parity_csv": "H:\\Drive'\u0131m\\GitHub_Repo\\Deepsoil\\1DSRA\\output\\baseline_iter\\mrdf_blend_sweep\\blend_0_4\\compare\\layer_parity.csv"
  }
}