{
  "run_id": "run-a1429e04cb37",
  "run_dir": "H:\\Drive'\u0131m\\GitHub_Repo\\Deepsoil\\1DSRA\\output\\baseline_iter\\reload_branch_blend_sweep\\blend_0_25\\run-a1429e04cb37",
  "stratawave_dt_s": 0.004999999999999893,
  "deepsoil_dt_s": 0.004999999999999893,
  "overlap_duration_s": 29.99499999999936,
  "overlap_samples": 6000,
  "stratawave_pga_m_s2": 2.9209939244320613,
  "deepsoil_pga_m_s2": 3.0161205902380765,
  "pga_ratio": 0.968460589369702,
  "pga_pct_diff": -3.153941063029793,
  "surface_rmse_m_s2": 0.35416493897307283,
  "surface_nrmse": 0.11742399827102518,
  "surface_corrcoef": 0.7503057050395622,
  "psa_point_count": 80,
  "psa_rmse_m_s2": 0.9611056631322044,
  "psa_nrmse": 0.08547176688823141,
  "psa_max_abs_diff_m_s2": 4.9223994456796305,
  "psa_pct_diff_at_peak": -3.004325318621383,
  "psa_peak_period_s": 0.16941210201752382,
  "used_reference_psa_csv": true,
  "surface_psa_peak_period_diff_pct": 11.732494130275942,
  "arias_intensity_sw": 1.3747962453570333,
  "arias_intensity_ref": 0.7032394850645711,
  "arias_intensity_ratio": 1.95494746036736,
  "xcorr_lag_samples": 1,
  "xcorr_lag_s": 0.004999999999999893,
  "xcorr_peak_coeff": 0.7649544525253629,
  "input_history_nrmse": 3.9028023283585766e-05,
  "input_psa_nrmse": 0.014235105834099681,
  "applied_input_history_nrmse": 0.057151003838187726,
  "applied_input_psa_nrmse": 0.1872332908040134,
  "input_dt_used_s": 0.004999999999999893,
  "input_pga_loaded_m_s2": 2.146046870732979,
  "applied_input_pga_loaded_m_s2": 1.0730234353664896,
  "boundary_condition": "",
  "motion_input_type": "",
  "damping_mode": "",
  "base_motion_semantics_ok": null,
  "reference_kind": "primary_gqh",
  "warnings": [],
  "profile": {
    "depth_points": 5,
    "compared_metrics": [
      "pga_g",
      "max_displacement_m",
      "max_strain_pct"
    ],
    "gamma_max_nrmse": null,
    "ru_max_nrmse": null,
    "sigma_v_eff_min_nrmse": null,
    "effective_stress_kpa_nrmse": null,
    "pga_g_nrmse": 0.05148512998985641,
    "max_displacement_m_nrmse": 0.3332512312001449,
    "max_strain_pct_nrmse": 0.16435182637643359,
    "max_stress_ratio_nrmse": null,
    "vs_m_s_nrmse": null,
    "implied_strength_kpa_nrmse": null,
    "normalized_implied_strength_nrmse": null,
    "implied_friction_angle_deg_nrmse": null,
    "mobilized_strength_nrmse": null,
    "mobilized_friction_angle_deg_nrmse": null
  },
  "hysteresis": {
    "layer_index": 0,
    "point_count": 240,
    "sw_gamma_peak": 3.160081483591273e-05,
    "ref_gamma_peak": 2.6860040502993477e-05,
    "gamma_peak_pct_diff": 17.649915056497797,
    "sw_tau_peak_kpa": 11.551951176597939,
    "ref_tau_peak_kpa": 10.957557413672664,
    "tau_peak_pct_diff": 5.424509683002894,
    "sw_loop_energy": 0.0002998009221785769,
    "ref_loop_energy": 0.00011449206940372935,
    "loop_energy_pct_diff": 161.85300321666776,
    "stress_path_nrmse": 0.3055206031876567
  },
  "layer_parity": {
    "row_count": 5,
    "gamma_max_nrmse": 0.16435182637643356,
    "tau_peak_kpa_nrmse": 0.02133447253437157,
    "secant_g_over_gmax_nrmse": 0.11173078493922908,
    "worst_gamma_layer_index": 0,
    "worst_tau_layer_index": 4,
    "worst_secant_layer_index": 3,
    "rows": [
      {
        "layer_index": 0,
        "z_mid_m": 2.0,
        "sw_gamma_max": 5.2026390578e-05,
        "ref_gamma_max": 2.9259805780019977e-05,
        "gamma_max_pct_diff": 77.80839342934449,
        "sw_tau_peak_kpa": 11.919255582,
        "ref_tau_peak_kpa": 12.1,
        "tau_peak_pct_diff": -1.493755520661155,
        "sw_secant_g_over_gmax": 0.71315611542,
        "ref_secant_g_over_gmax": 0.8113587690390948,
        "secant_g_over_gmax_pct_diff": -12.103480897285145,
        "stress_path_nrmse": 0.3055206031876567,
        "loop_energy_pct_diff": 161.85300321666776
      },
      {
        "layer_index": 1,
        "z_mid_m": 6.0,
        "sw_gamma_max": 0.00014044779088,
        "ref_gamma_max": 0.00010238136840577661,
        "gamma_max_pct_diff": 37.18100575033493,
        "sw_tau_peak_kpa": 35.179757434,
        "ref_tau_peak_kpa": 36.1,
        "tau_peak_pct_diff": -2.549148382271465,
        "sw_secant_g_over_gmax": 0.60588468833,
        "ref_secant_g_over_gmax": 0.6918075144227482,
        "secant_g_over_gmax_pct_diff": -12.42004810607517,
        "stress_path_nrmse": null,
        "loop_energy_pct_diff": null
      },
      {
        "layer_index": 2,
        "z_mid_m": 10.0,
        "sw_gamma_max": 0.00024393022889,
        "ref_gamma_max": 0.0001855473392878404,
        "gamma_max_pct_diff": 31.46522597750106,
        "sw_tau_peak_kpa": 56.269768728,
        "ref_tau_peak_kpa": 57.6,
        "tau_peak_pct_diff": -2.3094292916666648,
        "sw_secant_g_over_gmax": 0.51673156251,
        "ref_secant_g_over_gmax": 0.6090693643668219,
        "secant_g_over_gmax_pct_diff": -15.160473873581664,
        "stress_path_nrmse": null,
        "loop_energy_pct_diff": null
      },
      {
        "layer_index": 3,
        "z_mid_m": 14.0,
        "sw_gamma_max": 0.00032535787088,
        "ref_gamma_max": 0.0002599749714841779,
        "gamma_max_pct_diff": 25.149689996139227,
        "sw_tau_peak_kpa": 72.710397678,
        "ref_tau_peak_kpa": 74.7,
        "tau_peak_pct_diff": -2.6634569236947736,
        "sw_secant_g_over_gmax": 0.47349010957,
        "ref_secant_g_over_gmax": 0.5637519610572196,
        "secant_g_over_gmax_pct_diff": -16.010915743503414,
        "stress_path_nrmse": null,
        "loop_energy_pct_diff": null
      },
      {
        "layer_index": 4,
        "z_mid_m": 18.0,
        "sw_gamma_max": 0.00035321307103,
        "ref_gamma_max": 0.000301760267240939,
        "gamma_max_pct_diff": 17.050887533837827,
        "sw_tau_peak_kpa": 81.77007485,
        "ref_tau_peak_kpa": 84.9,
        "tau_peak_pct_diff": -3.686602061248534,
        "sw_secant_g_over_gmax": 0.46603876352,
        "ref_secant_g_over_gmax": 0.5520070668117482,
        "secant_g_over_gmax_pct_diff": -15.573768609209862,
        "stress_path_nrmse": null,
        "loop_energy_pct_diff": null
      }
    ]
  },
  "backbone_diagnostic": null,
  "reload_diagnostic": null,
  "envelope_diagnostic": null,
  "artifacts": {
    "output_dir": "H:\\Drive'\u0131m\\GitHub_Repo\\Deepsoil\\1DSRA\\output\\baseline_iter\\reload_branch_blend_sweep\\blend_0_25\\run-a1429e04cb37\\compare",
    "json_path": "H:\\Drive'\u0131m\\GitHub_Repo\\Deepsoil\\1DSRA\\output\\baseline_iter\\reload_branch_blend_sweep\\blend_0_25\\run-a1429e04cb37\\compare\\deepsoil_compare.json",
    "markdown_path": "H:\\Drive'\u0131m\\GitHub_Repo\\Deepsoil\\1DSRA\\output\\baseline_iter\\reload_branch_blend_sweep\\blend_0_25\\run-a1429e04cb37\\compare\\deepsoil_compare.md",
    "layer_parity_csv": "H:\\Drive'\u0131m\\GitHub_Repo\\Deepsoil\\1DSRA\\output\\baseline_iter\\reload_branch_blend_sweep\\blend_0_25\\run-a1429e04cb37\\compare\\layer_parity.csv",
    "backbone_diagnostic_csv": null,
    "hysteresis_envelope_csv": null
  }
}