{
  "run_id": "run-8046912724c6",
  "run_dir": "H:\\Drive'\u0131m\\GitHub_Repo\\Deepsoil\\1DSRA\\output\\baseline_iter\\reload_branch_secant_sweep\\blend_0_75\\run-8046912724c6",
  "stratawave_dt_s": 0.004999999999999893,
  "deepsoil_dt_s": 0.004999999999999893,
  "overlap_duration_s": 29.99499999999936,
  "overlap_samples": 6000,
  "stratawave_pga_m_s2": 3.118608673567495,
  "deepsoil_pga_m_s2": 3.0161205902380765,
  "pga_ratio": 1.0339801013464547,
  "pga_pct_diff": 3.39801013464547,
  "surface_rmse_m_s2": 0.38919372798065377,
  "surface_nrmse": 0.12903785387115566,
  "surface_corrcoef": 0.7201089110694626,
  "psa_point_count": 80,
  "psa_rmse_m_s2": 1.233617841664922,
  "psa_nrmse": 0.1097064564663206,
  "psa_max_abs_diff_m_s2": 6.245022852676929,
  "psa_pct_diff_at_peak": -3.6344100572980276,
  "psa_peak_period_s": 0.16941210201752382,
  "used_reference_psa_csv": true,
  "surface_psa_peak_period_diff_pct": 11.732494130275942,
  "arias_intensity_sw": 1.5070423926855483,
  "arias_intensity_ref": 0.7032394850645711,
  "arias_intensity_ratio": 2.1430002505436287,
  "xcorr_lag_samples": 2,
  "xcorr_lag_s": 0.009999999999999787,
  "xcorr_peak_coeff": 0.746031336067309,
  "input_history_nrmse": 3.9028023283585766e-05,
  "input_psa_nrmse": 0.014235105834099681,
  "applied_input_history_nrmse": 0.057151003838187726,
  "applied_input_psa_nrmse": 0.1872332908040134,
  "input_dt_used_s": 0.004999999999999893,
  "input_pga_loaded_m_s2": 2.146046870732979,
  "applied_input_pga_loaded_m_s2": 1.0730234353664896,
  "boundary_condition": "",
  "motion_input_type": "",
  "damping_mode": "",
  "base_motion_semantics_ok": null,
  "reference_kind": "primary_gqh",
  "warnings": [],
  "profile": {
    "depth_points": 5,
    "compared_metrics": [
      "pga_g",
      "max_displacement_m",
      "max_strain_pct"
    ],
    "gamma_max_nrmse": null,
    "ru_max_nrmse": null,
    "sigma_v_eff_min_nrmse": null,
    "effective_stress_kpa_nrmse": null,
    "pga_g_nrmse": 0.05006089045067862,
    "max_displacement_m_nrmse": 0.31785153885369993,
    "max_strain_pct_nrmse": 0.18906648410412774,
    "max_stress_ratio_nrmse": null,
    "vs_m_s_nrmse": null,
    "implied_strength_kpa_nrmse": null,
    "normalized_implied_strength_nrmse": null,
    "implied_friction_angle_deg_nrmse": null,
    "mobilized_strength_nrmse": null,
    "mobilized_friction_angle_deg_nrmse": null
  },
  "hysteresis": {
    "layer_index": 0,
    "point_count": 240,
    "sw_gamma_peak": 3.296861628150585e-05,
    "ref_gamma_peak": 2.6860040502993477e-05,
    "gamma_peak_pct_diff": 22.742243362706727,
    "sw_tau_peak_kpa": 12.269189467759642,
    "ref_tau_peak_kpa": 10.957557413672664,
    "tau_peak_pct_diff": 11.970113452933813,
    "sw_loop_energy": 0.0003349305700427956,
    "ref_loop_energy": 0.00011449206940372935,
    "loop_energy_pct_diff": 192.5360435767317,
    "stress_path_nrmse": 0.30986825842574633
  },
  "layer_parity": {
    "row_count": 5,
    "gamma_max_nrmse": 0.1890664841041277,
    "tau_peak_kpa_nrmse": 0.009192777565736845,
    "secant_g_over_gmax_nrmse": 0.0980575400685002,
    "worst_gamma_layer_index": 0,
    "worst_tau_layer_index": 0,
    "worst_secant_layer_index": 3,
    "rows": [
      {
        "layer_index": 0,
        "z_mid_m": 2.0,
        "sw_gamma_max": 5.3704566388e-05,
        "ref_gamma_max": 2.9259805780019977e-05,
        "gamma_max_pct_diff": 83.54382387825724,
        "sw_tau_peak_kpa": 12.69191835,
        "ref_tau_peak_kpa": 12.1,
        "tau_peak_pct_diff": 4.891887190082647,
        "sw_secant_g_over_gmax": 0.73607179217,
        "ref_secant_g_over_gmax": 0.8113587690390948,
        "secant_g_over_gmax_pct_diff": -9.279122842076184,
        "stress_path_nrmse": 0.30986825842574633,
        "loop_energy_pct_diff": 192.5360435767317
      },
      {
        "layer_index": 1,
        "z_mid_m": 6.0,
        "sw_gamma_max": 0.00014159902902,
        "ref_gamma_max": 0.00010238136840577661,
        "gamma_max_pct_diff": 38.305466341091254,
        "sw_tau_peak_kpa": 36.859842527,
        "ref_tau_peak_kpa": 36.1,
        "tau_peak_pct_diff": 2.104826944598328,
        "sw_secant_g_over_gmax": 0.62549747784,
        "ref_secant_g_over_gmax": 0.6918075144227482,
        "secant_g_over_gmax_pct_diff": -9.58504138800488,
        "stress_path_nrmse": null,
        "loop_energy_pct_diff": null
      },
      {
        "layer_index": 2,
        "z_mid_m": 10.0,
        "sw_gamma_max": 0.00025151847601,
        "ref_gamma_max": 0.0001855473392878404,
        "gamma_max_pct_diff": 35.5548815603431,
        "sw_tau_peak_kpa": 58.670087051,
        "ref_tau_peak_kpa": 57.6,
        "tau_peak_pct_diff": 1.857790019097225,
        "sw_secant_g_over_gmax": 0.52620755237,
        "ref_secant_g_over_gmax": 0.6090693643668219,
        "secant_g_over_gmax_pct_diff": -13.604659312156274,
        "stress_path_nrmse": null,
        "loop_energy_pct_diff": null
      },
      {
        "layer_index": 3,
        "z_mid_m": 14.0,
        "sw_gamma_max": 0.00033868687312,
        "ref_gamma_max": 0.0002599749714841779,
        "gamma_max_pct_diff": 30.276722865459586,
        "sw_tau_peak_kpa": 75.671602707,
        "ref_tau_peak_kpa": 74.7,
        "tau_peak_pct_diff": 1.300672967871489,
        "sw_secant_g_over_gmax": 0.47409035604,
        "ref_secant_g_over_gmax": 0.5637519610572196,
        "secant_g_over_gmax_pct_diff": -15.904442238936909,
        "stress_path_nrmse": null,
        "loop_energy_pct_diff": null
      },
      {
        "layer_index": 4,
        "z_mid_m": 18.0,
        "sw_gamma_max": 0.00036169153978,
        "ref_gamma_max": 0.000301760267240939,
        "gamma_max_pct_diff": 19.860557881601157,
        "sw_tau_peak_kpa": 85.069753154,
        "ref_tau_peak_kpa": 84.9,
        "tau_peak_pct_diff": 0.19994482214368842,
        "sw_secant_g_over_gmax": 0.47028551796,
        "ref_secant_g_over_gmax": 0.5520070668117482,
        "secant_g_over_gmax_pct_diff": -14.804438885855381,
        "stress_path_nrmse": null,
        "loop_energy_pct_diff": null
      }
    ]
  },
  "backbone_diagnostic": null,
  "reload_diagnostic": null,
  "envelope_diagnostic": null,
  "artifacts": {
    "output_dir": "H:\\Drive'\u0131m\\GitHub_Repo\\Deepsoil\\1DSRA\\output\\baseline_iter\\reload_branch_secant_sweep\\blend_0_75\\run-8046912724c6\\compare",
    "json_path": "H:\\Drive'\u0131m\\GitHub_Repo\\Deepsoil\\1DSRA\\output\\baseline_iter\\reload_branch_secant_sweep\\blend_0_75\\run-8046912724c6\\compare\\deepsoil_compare.json",
    "markdown_path": "H:\\Drive'\u0131m\\GitHub_Repo\\Deepsoil\\1DSRA\\output\\baseline_iter\\reload_branch_secant_sweep\\blend_0_75\\run-8046912724c6\\compare\\deepsoil_compare.md",
    "layer_parity_csv": "H:\\Drive'\u0131m\\GitHub_Repo\\Deepsoil\\1DSRA\\output\\baseline_iter\\reload_branch_secant_sweep\\blend_0_75\\run-8046912724c6\\compare\\layer_parity.csv",
    "backbone_diagnostic_csv": null,
    "hysteresis_envelope_csv": null
  }
}