layer,z_mid_m,sw_gamma_max,ref_gamma_max,gamma_max_pct_diff,sw_tau_peak_kpa,ref_tau_peak_kpa,tau_peak_pct_diff,sw_secant_g_over_gmax,ref_secant_g_over_gmax,secant_g_over_gmax_pct_diff,stress_path_nrmse,loop_energy_pct_diff
1,2.0,5.064089948e-05,2.9259805780019977e-05,73.07325913482336,11.727196461,12.1,-3.0810209834710705,0.71815185132,0.8113587690390948,-11.487756252327339,0.3163792924440307,146.67388396120268
2,6.0,0.00013956630965,0.00010238136840577661,36.3200275824066,34.397462764,36.1,-4.716169628808878,0.59765228104,0.6918075144227482,-13.610033343062542,,
3,10.0,0.00024057895591,0.0001855473392878404,29.6590707435523,54.737635668,57.6,-4.969382520833331,0.50912358243,0.6090693643668219,-16.409589413633345,,
4,14.0,0.00031881979402,0.0002599749714841779,22.634802958100693,70.347872977,74.7,-5.826140593038833,0.46693210688,0.5637519610572196,-17.174193770545944,,
5,18.0,0.000347278175,0.000301760267240939,15.084128926329944,79.422258942,84.9,-6.451991823321562,0.46043791183,0.5520070668117482,-16.588402664956487,,
