{
  "run_id": "run-06695f88ceb5",
  "run_dir": "H:\\Drive'\u0131m\\GitHub_Repo\\Deepsoil\\1DSRA\\output\\baseline_iter\\mrdf_blend_sweep\\blend_0_5\\run-06695f88ceb5",
  "stratawave_dt_s": 0.004999999999999893,
  "deepsoil_dt_s": 0.004999999999999893,
  "overlap_duration_s": 29.99499999999936,
  "overlap_samples": 6000,
  "stratawave_pga_m_s2": 2.4859092096416258,
  "deepsoil_pga_m_s2": 3.0161205902380765,
  "pga_ratio": 0.8242074994240868,
  "pga_pct_diff": -17.579250057591324,
  "surface_rmse_m_s2": 0.3379750032357555,
  "surface_nrmse": 0.11205619706648162,
  "surface_corrcoef": 0.6672211601171788,
  "psa_point_count": 80,
  "psa_rmse_m_s2": 0.8642509602500625,
  "psa_nrmse": 0.07685841363860789,
  "psa_max_abs_diff_m_s2": 2.5353743439502754,
  "psa_pct_diff_at_peak": -22.547252941398195,
  "psa_peak_period_s": 0.16941210201752382,
  "used_reference_psa_csv": true,
  "surface_psa_peak_period_diff_pct": 18.105259998153333,
  "arias_intensity_sw": 0.9171848616550907,
  "arias_intensity_ref": 0.7032394850645711,
  "arias_intensity_ratio": 1.3042283334970521,
  "xcorr_lag_samples": 3,
  "xcorr_lag_s": 0.01499999999999968,
  "xcorr_peak_coeff": 0.7542106270782578,
  "input_history_nrmse": 3.9028023283585766e-05,
  "input_psa_nrmse": 0.014235105834099681,
  "applied_input_history_nrmse": 3.9028023283585766e-05,
  "applied_input_psa_nrmse": 0.00012773466201254687,
  "input_dt_used_s": 0.004999999999999893,
  "input_pga_loaded_m_s2": 2.146046870732979,
  "applied_input_pga_loaded_m_s2": 1.0730234353664896,
  "boundary_condition": "rigid",
  "motion_input_type": "outcrop",
  "damping_mode": "frequency_independent",
  "base_motion_semantics_ok": true,
  "reference_kind": "primary_gqh",
  "warnings": [],
  "profile": {
    "depth_points": 5,
    "compared_metrics": [
      "effective_stress_kpa",
      "pga_g",
      "max_displacement_m",
      "max_strain_pct",
      "max_stress_ratio",
      "mobilized_strength_kpa",
      "mobilized_friction_angle_deg"
    ],
    "gamma_max_nrmse": null,
    "ru_max_nrmse": null,
    "sigma_v_eff_min_nrmse": null,
    "effective_stress_kpa_nrmse": 0.614482167294058,
    "pga_g_nrmse": 0.12490925729910367,
    "max_displacement_m_nrmse": 0.3625390004365574,
    "max_strain_pct_nrmse": 0.12210821804781562,
    "max_stress_ratio_nrmse": 0.5388003671549769,
    "vs_m_s_nrmse": null,
    "implied_strength_kpa_nrmse": null,
    "normalized_implied_strength_nrmse": null,
    "implied_friction_angle_deg_nrmse": null,
    "mobilized_strength_nrmse": 0.1416039049207977,
    "mobilized_friction_angle_deg_nrmse": 0.5146183210054196
  },
  "hysteresis": {
    "layer_index": 0,
    "point_count": 240,
    "sw_gamma_peak": 2.3599765579573307e-05,
    "ref_gamma_peak": 2.6860040502993477e-05,
    "gamma_peak_pct_diff": -12.13801194029034,
    "sw_tau_peak_kpa": 8.545310121350854,
    "ref_tau_peak_kpa": 10.957557413672664,
    "tau_peak_pct_diff": -22.014461811642864,
    "sw_loop_energy": 0.00019746152241623805,
    "ref_loop_energy": 0.00011449206940372935,
    "loop_energy_pct_diff": 72.46742367799855,
    "stress_path_nrmse": 0.25641293352716127
  },
  "layer_parity": {
    "row_count": 5,
    "gamma_max_nrmse": 0.12210821804781559,
    "tau_peak_kpa_nrmse": 0.1416039049207977,
    "secant_g_over_gmax_nrmse": 0.18457818093954292,
    "worst_gamma_layer_index": 0,
    "worst_tau_layer_index": 4,
    "worst_secant_layer_index": 2,
    "rows": [
      {
        "layer_index": 0,
        "z_mid_m": 2.0,
        "sw_gamma_max": 4.6034659756e-05,
        "ref_gamma_max": 2.9259805780019977e-05,
        "gamma_max_pct_diff": 57.33070855663271,
        "sw_tau_peak_kpa": 10.184234891,
        "ref_tau_peak_kpa": 12.1,
        "tau_peak_pct_diff": -15.832769495867772,
        "sw_secant_g_over_gmax": 0.68475215143,
        "ref_secant_g_over_gmax": 0.8113587690390948,
        "secant_g_over_gmax_pct_diff": -15.604270569360704,
        "stress_path_nrmse": 0.25641293352716127,
        "loop_energy_pct_diff": 72.46742367799855
      },
      {
        "layer_index": 1,
        "z_mid_m": 6.0,
        "sw_gamma_max": 0.00013483658536,
        "ref_gamma_max": 0.00010238136840577661,
        "gamma_max_pct_diff": 31.700315652737633,
        "sw_tau_peak_kpa": 29.899238034,
        "ref_tau_peak_kpa": 36.1,
        "tau_peak_pct_diff": -17.176625944598342,
        "sw_secant_g_over_gmax": 0.53850371864,
        "ref_secant_g_over_gmax": 0.6918075144227482,
        "secant_g_over_gmax_pct_diff": -22.15989167314359,
        "stress_path_nrmse": null,
        "loop_energy_pct_diff": null
      },
      {
        "layer_index": 2,
        "z_mid_m": 10.0,
        "sw_gamma_max": 0.00023857312262,
        "ref_gamma_max": 0.0001855473392878404,
        "gamma_max_pct_diff": 28.578034875455934,
        "sw_tau_peak_kpa": 47.250258865,
        "ref_tau_peak_kpa": 57.6,
        "tau_peak_pct_diff": -17.968300581597223,
        "sw_secant_g_over_gmax": 0.44114368202,
        "ref_secant_g_over_gmax": 0.6090693643668219,
        "secant_g_over_gmax_pct_diff": -27.570863381282457,
        "stress_path_nrmse": null,
        "loop_energy_pct_diff": null
      },
      {
        "layer_index": 3,
        "z_mid_m": 14.0,
        "sw_gamma_max": 0.00030721565363,
        "ref_gamma_max": 0.0002599749714841779,
        "gamma_max_pct_diff": 18.171242360804413,
        "sw_tau_peak_kpa": 59.983347014,
        "ref_tau_peak_kpa": 74.7,
        "tau_peak_pct_diff": -19.70100801338688,
        "sw_secant_g_over_gmax": 0.40939011084,
        "ref_secant_g_over_gmax": 0.5637519610572196,
        "secant_g_over_gmax_pct_diff": -27.381164214088155,
        "stress_path_nrmse": null,
        "loop_energy_pct_diff": null
      },
      {
        "layer_index": 4,
        "z_mid_m": 18.0,
        "sw_gamma_max": 0.00032202118994,
        "ref_gamma_max": 0.000301760267240939,
        "gamma_max_pct_diff": 6.714244683142389,
        "sw_tau_peak_kpa": 66.009620977,
        "ref_tau_peak_kpa": 84.9,
        "tau_peak_pct_diff": -22.250151970553603,
        "sw_secant_g_over_gmax": 0.40854601425,
        "ref_secant_g_over_gmax": 0.5520070668117482,
        "secant_g_over_gmax_pct_diff": -25.988988400156284,
        "stress_path_nrmse": null,
        "loop_energy_pct_diff": null
      }
    ]
  },
  "artifacts": {
    "output_dir": "H:\\Drive'\u0131m\\GitHub_Repo\\Deepsoil\\1DSRA\\output\\baseline_iter\\mrdf_blend_sweep\\blend_0_5\\compare",
    "json_path": "H:\\Drive'\u0131m\\GitHub_Repo\\Deepsoil\\1DSRA\\output\\baseline_iter\\mrdf_blend_sweep\\blend_0_5\\compare\\deepsoil_compare.json",
    "markdown_path": "H:\\Drive'\u0131m\\GitHub_Repo\\Deepsoil\\1DSRA\\output\\baseline_iter\\mrdf_blend_sweep\\blend_0_5\\compare\\deepsoil_compare.md",
    "layer_parity_csv": "H:\\Drive'\u0131m\\GitHub_Repo\\Deepsoil\\1DSRA\\output\\baseline_iter\\mrdf_blend_sweep\\blend_0_5\\compare\\layer_parity.csv"
  }
}