{
  "run_id": "run-7e92d6466063",
  "run_dir": "H:\\Drive'\u0131m\\GitHub_Repo\\Deepsoil\\1DSRA\\output\\baseline_iter\\tangent_floor_sweep\\tan_050_e10\\run-7e92d6466063",
  "stratawave_dt_s": 0.004999999999999893,
  "deepsoil_dt_s": 0.004999999999999893,
  "overlap_duration_s": 29.989999999999363,
  "overlap_samples": 5999,
  "stratawave_pga_m_s2": 2.744545258431635,
  "deepsoil_pga_m_s2": 3.0161205902380765,
  "pga_ratio": 0.9099587288766181,
  "pga_pct_diff": -9.00412711233819,
  "surface_rmse_m_s2": 0.3275636642560866,
  "surface_nrmse": 0.10860429961471084,
  "surface_corrcoef": 0.7613814416753997,
  "psa_point_count": 80,
  "psa_rmse_m_s2": 0.8060772044650648,
  "psa_nrmse": 0.07168498278266643,
  "psa_max_abs_diff_m_s2": 3.592421685157211,
  "psa_pct_diff_at_peak": -11.640650289257461,
  "psa_peak_period_s": 0.16941210201752382,
  "used_reference_psa_csv": true,
  "surface_psa_peak_period_diff_pct": 11.732494130275942,
  "arias_intensity_sw": 1.2260739825373086,
  "arias_intensity_ref": 0.7032391887594881,
  "arias_intensity_ratio": 1.743466521966871,
  "xcorr_lag_samples": 0,
  "xcorr_lag_s": 0.0,
  "xcorr_peak_coeff": 0.7613814266924813,
  "input_history_nrmse": 0.021913421177076252,
  "input_psa_nrmse": 0.014235384034179578,
  "applied_input_history_nrmse": 0.021913421177076252,
  "applied_input_psa_nrmse": 0.00012250314068310337,
  "input_dt_used_s": 0.004999999999999893,
  "input_pga_loaded_m_s2": 2.1460672722560035,
  "applied_input_pga_loaded_m_s2": 1.0730336361280017,
  "boundary_condition": "rigid",
  "motion_input_type": "outcrop",
  "damping_mode": "frequency_independent",
  "base_motion_semantics_ok": true,
  "reference_kind": "primary_gqh",
  "warnings": [],
  "profile": {
    "depth_points": 5,
    "compared_metrics": [
      "effective_stress_kpa",
      "pga_g",
      "max_displacement_m",
      "max_strain_pct",
      "max_stress_ratio",
      "mobilized_strength_kpa",
      "mobilized_friction_angle_deg"
    ],
    "gamma_max_nrmse": null,
    "ru_max_nrmse": null,
    "sigma_v_eff_min_nrmse": null,
    "effective_stress_kpa_nrmse": 0.614482167294058,
    "pga_g_nrmse": 0.055776866843350384,
    "max_displacement_m_nrmse": 0.31861575399154024,
    "max_strain_pct_nrmse": 0.22715747468730876,
    "max_stress_ratio_nrmse": 0.4846596934400775,
    "vs_m_s_nrmse": null,
    "implied_strength_kpa_nrmse": null,
    "normalized_implied_strength_nrmse": null,
    "implied_friction_angle_deg_nrmse": null,
    "mobilized_strength_nrmse": 0.09574698068502352,
    "mobilized_friction_angle_deg_nrmse": 0.45722737880579334
  },
  "hysteresis": {
    "layer_index": 0,
    "point_count": 240,
    "sw_gamma_peak": 2.292141402760094e-05,
    "ref_gamma_peak": 2.6860040502993477e-05,
    "gamma_peak_pct_diff": -14.663516516118387,
    "sw_tau_peak_kpa": 8.693516158754214,
    "ref_tau_peak_kpa": 10.957557413672664,
    "tau_peak_pct_diff": -20.661915511329337,
    "sw_loop_energy": 0.00013721427045195004,
    "ref_loop_energy": 0.00011449206940372935,
    "loop_energy_pct_diff": 19.8460916695428,
    "stress_path_nrmse": 0.3110584038267685
  },
  "layer_parity": {
    "row_count": 5,
    "gamma_max_nrmse": 0.22715747468730882,
    "tau_peak_kpa_nrmse": 0.09574698068502352,
    "secant_g_over_gmax_nrmse": 0.08686228662836695,
    "worst_gamma_layer_index": 3,
    "worst_tau_layer_index": 4,
    "worst_secant_layer_index": 3,
    "rows": [
      {
        "layer_index": 0,
        "z_mid_m": 2.0,
        "sw_gamma_max": 4.2083028527e-05,
        "ref_gamma_max": 2.9259805780019977e-05,
        "gamma_max_pct_diff": 43.82538573012793,
        "sw_tau_peak_kpa": 10.695728084,
        "ref_tau_peak_kpa": 12.1,
        "tau_peak_pct_diff": -11.60555302479338,
        "sw_secant_g_over_gmax": 0.77680241428,
        "ref_secant_g_over_gmax": 0.8113587690390948,
        "secant_g_over_gmax_pct_diff": -4.259072074862819,
        "stress_path_nrmse": 0.3110584038267685,
        "loop_energy_pct_diff": 19.8460916695428
      },
      {
        "layer_index": 1,
        "z_mid_m": 6.0,
        "sw_gamma_max": 0.00012914574476,
        "ref_gamma_max": 0.00010238136840577661,
        "gamma_max_pct_diff": 26.14184276981522,
        "sw_tau_peak_kpa": 33.411225857,
        "ref_tau_peak_kpa": 36.1,
        "tau_peak_pct_diff": -7.448127819944608,
        "sw_secant_g_over_gmax": 0.62522281221,
        "ref_secant_g_over_gmax": 0.6918075144227482,
        "secant_g_over_gmax_pct_diff": -9.624743996645838,
        "stress_path_nrmse": null,
        "loop_energy_pct_diff": null
      },
      {
        "layer_index": 2,
        "z_mid_m": 10.0,
        "sw_gamma_max": 0.00018791761508,
        "ref_gamma_max": 0.0001855473392878404,
        "gamma_max_pct_diff": 1.2774507040936673,
        "sw_tau_peak_kpa": 52.005047728,
        "ref_tau_peak_kpa": 57.6,
        "tau_peak_pct_diff": -9.713458805555556,
        "sw_secant_g_over_gmax": 0.6329467451,
        "ref_secant_g_over_gmax": 0.6090693643668219,
        "secant_g_over_gmax_pct_diff": 3.920305654841243,
        "stress_path_nrmse": null,
        "loop_energy_pct_diff": null
      },
      {
        "layer_index": 3,
        "z_mid_m": 14.0,
        "sw_gamma_max": 0.00037777469809,
        "ref_gamma_max": 0.0002599749714841779,
        "gamma_max_pct_diff": 45.311949043906885,
        "sw_tau_peak_kpa": 65.700212046,
        "ref_tau_peak_kpa": 74.7,
        "tau_peak_pct_diff": -12.04790890763052,
        "sw_secant_g_over_gmax": 0.43905783106,
        "ref_secant_g_over_gmax": 0.5637519610572196,
        "secant_g_over_gmax_pct_diff": -22.118615740755427,
        "stress_path_nrmse": null,
        "loop_energy_pct_diff": null
      },
      {
        "layer_index": 4,
        "z_mid_m": 18.0,
        "sw_gamma_max": 0.00039519668464,
        "ref_gamma_max": 0.000301760267240939,
        "gamma_max_pct_diff": 30.963790645259863,
        "sw_tau_peak_kpa": 99.353215309,
        "ref_tau_peak_kpa": 84.9,
        "tau_peak_pct_diff": 17.023810729093054,
        "sw_secant_g_over_gmax": 0.49643504026,
        "ref_secant_g_over_gmax": 0.5520070668117482,
        "secant_g_over_gmax_pct_diff": -10.067267231326943,
        "stress_path_nrmse": null,
        "loop_energy_pct_diff": null
      }
    ]
  },
  "backbone_diagnostic": {
    "row_count": 5,
    "tau_peak_kpa_nrmse": 0.00032434026175287247,
    "secant_g_over_gmax_nrmse": 0.001194232004210919,
    "backbone_loop_energy_nrmse": 1.4303591295408211,
    "worst_tau_layer_index": 0,
    "worst_secant_layer_index": 0,
    "rows": [
      {
        "layer_index": 0,
        "z_mid_m": 2.0,
        "material": "gqh",
        "reload_factor": 1.1,
        "ref_gamma_max": 2.9259805780019977e-05,
        "ref_tau_peak_kpa": 12.1,
        "ref_secant_g_over_gmax": 0.8113587690390948,
        "sw_backbone_tau_peak_kpa": 12.129743532742133,
        "sw_backbone_tau_pct_diff": 0.24581432018291677,
        "sw_backbone_secant_g_over_gmax": 0.8133531985746272,
        "sw_backbone_secant_pct_diff": 0.2458135182164175,
        "sw_backbone_tangent_g_over_gmax": 0.6822728945235856,
        "backbone_masing_loop_energy": 0.00027825684613537493,
        "backbone_masing_loop_energy_pct_diff": 143.0359129540821
      },
      {
        "layer_index": 1,
        "z_mid_m": 6.0,
        "material": "gqh",
        "reload_factor": 1.1,
        "ref_gamma_max": 0.00010238136840577661,
        "ref_tau_peak_kpa": 36.1,
        "ref_secant_g_over_gmax": 0.6918075144227482,
        "sw_backbone_tau_peak_kpa": 36.058119371991374,
        "sw_backbone_tau_pct_diff": -0.11601281996849651,
        "sw_backbone_secant_g_over_gmax": 0.6910049234884731,
        "sw_backbone_secant_pct_diff": -0.1160136190403829,
        "sw_backbone_tangent_g_over_gmax": 0.4973337230797821,
        "backbone_masing_loop_energy": 0.0037939241580697593,
        "backbone_masing_loop_energy_pct_diff": null
      },
      {
        "layer_index": 2,
        "z_mid_m": 10.0,
        "material": "gqh",