{
  "run_id": "run-06695f88ceb5",
  "run_dir": "H:\\Drive'\u0131m\\GitHub_Repo\\Deepsoil\\1DSRA\\output\\baseline_iter\\mrdf_blend_sweep\\blend_0_2\\run-06695f88ceb5",
  "stratawave_dt_s": 0.004999999999999893,
  "deepsoil_dt_s": 0.004999999999999893,
  "overlap_duration_s": 29.99499999999936,
  "overlap_samples": 6000,
  "stratawave_pga_m_s2": 2.743023572495903,
  "deepsoil_pga_m_s2": 3.0161205902380765,
  "pga_ratio": 0.9094542112718986,
  "pga_pct_diff": -9.054578872810142,
  "surface_rmse_m_s2": 0.32845648565753555,
  "surface_nrmse": 0.10890031609506619,
  "surface_corrcoef": 0.733337826992159,
  "psa_point_count": 80,
  "psa_rmse_m_s2": 0.8736324675522972,
  "psa_nrmse": 0.07769271733273411,
  "psa_max_abs_diff_m_s2": 3.412136584730902,
  "psa_pct_diff_at_peak": -15.368291527518643,
  "psa_peak_period_s": 0.16941210201752382,
  "used_reference_psa_csv": true,
  "surface_psa_peak_period_diff_pct": 11.732494130275942,
  "arias_intensity_sw": 1.1119788511998896,
  "arias_intensity_ref": 0.7032394850645711,
  "arias_intensity_ratio": 1.581223572930903,
  "xcorr_lag_samples": 2,
  "xcorr_lag_s": 0.009999999999999787,
  "xcorr_peak_coeff": 0.7721963857441353,
  "input_history_nrmse": 3.9028023283585766e-05,
  "input_psa_nrmse": 0.014235105834099681,
  "applied_input_history_nrmse": 3.9028023283585766e-05,
  "applied_input_psa_nrmse": 0.00012773466201254687,
  "input_dt_used_s": 0.004999999999999893,
  "input_pga_loaded_m_s2": 2.146046870732979,
  "applied_input_pga_loaded_m_s2": 1.0730234353664896,
  "boundary_condition": "rigid",
  "motion_input_type": "outcrop",
  "damping_mode": "frequency_independent",
  "base_motion_semantics_ok": true,
  "reference_kind": "primary_gqh",
  "warnings": [],
  "profile": {
    "depth_points": 5,
    "compared_metrics": [
      "effective_stress_kpa",
      "pga_g",
      "max_displacement_m",
      "max_strain_pct",
      "max_stress_ratio",
      "mobilized_strength_kpa",
      "mobilized_friction_angle_deg"
    ],
    "gamma_max_nrmse": null,
    "ru_max_nrmse": null,
    "sigma_v_eff_min_nrmse": null,
    "effective_stress_kpa_nrmse": 0.614482167294058,
    "pga_g_nrmse": 0.07629870429440878,
    "max_displacement_m_nrmse": 0.33722694974348494,
    "max_strain_pct_nrmse": 0.1569534136301349,
    "max_stress_ratio_nrmse": 0.4959561090123237,
    "vs_m_s_nrmse": null,
    "implied_strength_kpa_nrmse": null,
    "normalized_implied_strength_nrmse": null,
    "implied_friction_angle_deg_nrmse": null,
    "mobilized_strength_nrmse": 0.07112154070549204,
    "mobilized_friction_angle_deg_nrmse": 0.46973870618161273
  },
  "hysteresis": {
    "layer_index": 0,
    "point_count": 240,
    "sw_gamma_peak": 2.4408089243424558e-05,
    "ref_gamma_peak": 2.6860040502993477e-05,
    "gamma_peak_pct_diff": -9.128620857052153,
    "sw_tau_peak_kpa": 9.184805549925992,
    "ref_tau_peak_kpa": 10.957557413672664,
    "tau_peak_pct_diff": -16.17834884930341,
    "sw_loop_energy": 0.00024971198183038236,
    "ref_loop_energy": 0.00011449206940372935,
    "loop_energy_pct_diff": 118.10417361732873,
    "stress_path_nrmse": 0.28624571618144556
  },
  "layer_parity": {
    "row_count": 5,
    "gamma_max_nrmse": 0.1569534136301349,
    "tau_peak_kpa_nrmse": 0.07112154070549204,
    "secant_g_over_gmax_nrmse": 0.1432758370225994,
    "worst_gamma_layer_index": 0,
    "worst_tau_layer_index": 4,
    "worst_secant_layer_index": 3,
    "rows": [
      {
        "layer_index": 0,
        "z_mid_m": 2.0,
        "sw_gamma_max": 4.8877177301e-05,
        "ref_gamma_max": 2.9259805780019977e-05,
        "gamma_max_pct_diff": 67.04546048072444,
        "sw_tau_peak_kpa": 11.177723541,
        "ref_tau_peak_kpa": 12.1,
        "tau_peak_pct_diff": -7.622119495867761,
        "sw_secant_g_over_gmax": 0.70838758084,
        "ref_secant_g_over_gmax": 0.8113587690390948,
        "secant_g_over_gmax_pct_diff": -12.691202970671682,
        "stress_path_nrmse": 0.28624571618144556,
        "loop_energy_pct_diff": 118.10417361732873
      },
      {
        "layer_index": 1,
        "z_mid_m": 6.0,
        "sw_gamma_max": 0.00013698205119,
        "ref_gamma_max": 0.00010238136840577661,
        "gamma_max_pct_diff": 33.79587841323591,
        "sw_tau_peak_kpa": 32.898163346,
        "ref_tau_peak_kpa": 36.1,
        "tau_peak_pct_diff": -8.869353612188378,
        "sw_secant_g_over_gmax": 0.57999494509,
        "ref_secant_g_over_gmax": 0.6918075144227482,
        "secant_g_over_gmax_pct_diff": -16.16238144305874,
        "stress_path_nrmse": null,
        "loop_energy_pct_diff": null
      },
      {
        "layer_index": 2,
        "z_mid_m": 10.0,
        "sw_gamma_max": 0.00024292824022,
        "ref_gamma_max": 0.0001855473392878404,
        "gamma_max_pct_diff": 30.925208171885643,
        "sw_tau_peak_kpa": 52.425601743,
        "ref_tau_peak_kpa": 57.6,
        "tau_peak_pct_diff": -8.983330307291666,
        "sw_secant_g_over_gmax": 0.48649149686,
        "ref_secant_g_over_gmax": 0.6090693643668219,
        "secant_g_over_gmax_pct_diff": -20.125436391674665,
        "stress_path_nrmse": null,
        "loop_energy_pct_diff": null
      },
      {
        "layer_index": 3,
        "z_mid_m": 14.0,
        "sw_gamma_max": 0.00032434605322,
        "ref_gamma_max": 0.0002599749714841779,
        "gamma_max_pct_diff": 24.7604918920973,
        "sw_tau_peak_kpa": 67.313302483,
        "ref_tau_peak_kpa": 74.7,
        "tau_peak_pct_diff": -9.888483958500672,
        "sw_secant_g_over_gmax": 0.43945820828,
        "ref_secant_g_over_gmax": 0.5637519610572196,
        "secant_g_over_gmax_pct_diff": -22.047595638359837,
        "stress_path_nrmse": null,
        "loop_energy_pct_diff": null
      },
      {
        "layer_index": 4,
        "z_mid_m": 18.0,
        "sw_gamma_max": 0.00034863975903,
        "ref_gamma_max": 0.000301760267240939,
        "gamma_max_pct_diff": 15.535342746641433,
        "sw_tau_peak_kpa": 75.42052837,
        "ref_tau_peak_kpa": 84.9,
        "tau_peak_pct_diff": -11.165455394581867,
        "sw_secant_g_over_gmax": 0.43373312723,
        "ref_secant_g_over_gmax": 0.5520070668117482,
        "secant_g_over_gmax_pct_diff": -21.42616402809265,
        "stress_path_nrmse": null,
        "loop_energy_pct_diff": null
      }
    ]
  },
  "artifacts": {
    "output_dir": "H:\\Drive'\u0131m\\GitHub_Repo\\Deepsoil\\1DSRA\\output\\baseline_iter\\mrdf_blend_sweep\\blend_0_2\\compare",
    "json_path": "H:\\Drive'\u0131m\\GitHub_Repo\\Deepsoil\\1DSRA\\output\\baseline_iter\\mrdf_blend_sweep\\blend_0_2\\compare\\deepsoil_compare.json",
    "markdown_path": "H:\\Drive'\u0131m\\GitHub_Repo\\Deepsoil\\1DSRA\\output\\baseline_iter\\mrdf_blend_sweep\\blend_0_2\\compare\\deepsoil_compare.md",
    "layer_parity_csv": "H:\\Drive'\u0131m\\GitHub_Repo\\Deepsoil\\1DSRA\\output\\baseline_iter\\mrdf_blend_sweep\\blend_0_2\\compare\\layer_parity.csv"
  }
}