{
  "run_id": "run-21809b0964f4",
  "run_dir": "H:\\Drive'\u0131m\\GitHub_Repo\\Deepsoil\\1DSRA\\output\\baseline_iter\\reload_semantics_probe\\rf2_local\\run-21809b0964f4",
  "stratawave_dt_s": 0.004999999999999893,
  "deepsoil_dt_s": 0.004999999999999893,
  "overlap_duration_s": 29.99499999999936,
  "overlap_samples": 6000,
  "stratawave_pga_m_s2": 3.0519217912761722,
  "deepsoil_pga_m_s2": 3.0161205902380765,
  "pga_ratio": 1.0118699501452193,
  "pga_pct_diff": 1.1869950145219406,
  "surface_rmse_m_s2": 0.35595648577133776,
  "surface_nrmse": 0.11801798871161454,
  "surface_corrcoef": 0.7608746228500768,
  "psa_point_count": 80,
  "psa_rmse_m_s2": 0.9785933377949649,
  "psa_nrmse": 0.08702695744586637,
  "psa_max_abs_diff_m_s2": 5.088407471711232,
  "psa_pct_diff_at_peak": 5.667806746187963,
  "psa_peak_period_s": 0.16941210201752382,
  "used_reference_psa_csv": true,
  "surface_psa_peak_period_diff_pct": 11.732494130275942,
  "arias_intensity_sw": 1.4330789136223405,
  "arias_intensity_ref": 0.7032394850645711,
  "arias_intensity_ratio": 2.0378248719790752,
  "xcorr_lag_samples": 1,
  "xcorr_lag_s": 0.004999999999999893,
  "xcorr_peak_coeff": 0.7684947864014652,
  "input_history_nrmse": 3.9028023283585766e-05,
  "input_psa_nrmse": 0.014235105834099681,
  "applied_input_history_nrmse": 0.057151003838187726,
  "applied_input_psa_nrmse": 0.1872332908040134,
  "input_dt_used_s": 0.004999999999999893,
  "input_pga_loaded_m_s2": 2.146046870732979,
  "applied_input_pga_loaded_m_s2": 1.0730234353664896,
  "boundary_condition": "",
  "motion_input_type": "",
  "damping_mode": "",
  "base_motion_semantics_ok": null,
  "reference_kind": "primary_gqh",
  "warnings": [],
  "profile": {
    "depth_points": 5,
    "compared_metrics": [
      "pga_g",
      "max_displacement_m",
      "max_strain_pct"
    ],
    "gamma_max_nrmse": null,
    "ru_max_nrmse": null,
    "sigma_v_eff_min_nrmse": null,
    "effective_stress_kpa_nrmse": null,
    "pga_g_nrmse": 0.04776309439565175,
    "max_displacement_m_nrmse": 0.34448618906819717,
    "max_strain_pct_nrmse": 0.1469396151625486,
    "max_stress_ratio_nrmse": null,
    "vs_m_s_nrmse": null,
    "implied_strength_kpa_nrmse": null,
    "normalized_implied_strength_nrmse": null,
    "implied_friction_angle_deg_nrmse": null,
    "mobilized_strength_nrmse": null,
    "mobilized_friction_angle_deg_nrmse": null
  },
  "hysteresis": {
    "layer_index": 0,
    "point_count": 240,
    "sw_gamma_peak": 2.7515422802786065e-05,
    "ref_gamma_peak": 2.6860040502993477e-05,
    "gamma_peak_pct_diff": 2.4399899907803477,
    "sw_tau_peak_kpa": 10.641985403234905,
    "ref_tau_peak_kpa": 10.957557413672664,
    "tau_peak_pct_diff": -2.8799485006028163,
    "sw_loop_energy": 0.0002958301322169256,
    "ref_loop_energy": 0.00011449206940372935,
    "loop_energy_pct_diff": 158.38482416956776,
    "stress_path_nrmse": 0.3079933675419734
  },
  "layer_parity": {
    "row_count": 5,
    "gamma_max_nrmse": 0.14693961516254864,
    "tau_peak_kpa_nrmse": 0.004507322912916972,
    "secant_g_over_gmax_nrmse": 0.07933398849413238,
    "worst_gamma_layer_index": 0,
    "worst_tau_layer_index": 0,
    "worst_secant_layer_index": 3,
    "rows": [
      {
        "layer_index": 0,
        "z_mid_m": 2.0,
        "sw_gamma_max": 5.1695044904e-05,
        "ref_gamma_max": 2.9259805780019977e-05,
        "gamma_max_pct_diff": 76.67596734117728,
        "sw_tau_peak_kpa": 12.396716942,
        "ref_tau_peak_kpa": 12.1,
        "tau_peak_pct_diff": 2.452206132231403,
        "sw_secant_g_over_gmax": 0.73987365873,
        "ref_secant_g_over_gmax": 0.8113587690390948,
        "secant_g_over_gmax_pct_diff": -8.810542639941605,
        "stress_path_nrmse": 0.3079933675419734,
        "loop_energy_pct_diff": 158.38482416956776
      },
      {
        "layer_index": 1,
        "z_mid_m": 6.0,
        "sw_gamma_max": 0.00013890629308,
        "ref_gamma_max": 0.00010238136840577661,
        "gamma_max_pct_diff": 35.675362854558756,
        "sw_tau_peak_kpa": 36.522518676,
        "ref_tau_peak_kpa": 36.1,
        "tau_peak_pct_diff": 1.1704118448753342,
        "sw_secant_g_over_gmax": 0.63107308992,
        "ref_secant_g_over_gmax": 0.6918075144227482,
        "secant_g_over_gmax_pct_diff": -8.779092917691955,
        "stress_path_nrmse": null,
        "loop_energy_pct_diff": null
      },
      {
        "layer_index": 2,
        "z_mid_m": 10.0,
        "sw_gamma_max": 0.00023892730641,
        "ref_gamma_max": 0.0001855473392878404,
        "gamma_max_pct_diff": 28.768920819366212,
        "sw_tau_peak_kpa": 58.198558138,
        "ref_tau_peak_kpa": 57.6,
        "tau_peak_pct_diff": 1.03916343402778,
        "sw_secant_g_over_gmax": 0.5427516282,
        "ref_secant_g_over_gmax": 0.6090693643668219,
        "secant_g_over_gmax_pct_diff": -10.88837167762734,
        "stress_path_nrmse": null,
        "loop_energy_pct_diff": null
      },
      {
        "layer_index": 3,
        "z_mid_m": 14.0,
        "sw_gamma_max": 0.00031602999246,
        "ref_gamma_max": 0.0002599749714841779,
        "gamma_max_pct_diff": 21.561699057339304,
        "sw_tau_peak_kpa": 74.956478262,
        "ref_tau_peak_kpa": 74.7,
        "tau_peak_pct_diff": 0.3433443935742994,
        "sw_secant_g_over_gmax": 0.50038299081,
        "ref_secant_g_over_gmax": 0.5637519610572196,
        "secant_g_over_gmax_pct_diff": -11.2405764635181,
        "stress_path_nrmse": null,
        "loop_energy_pct_diff": null
      },
      {
        "layer_index": 4,
        "z_mid_m": 18.0,
        "sw_gamma_max": 0.00034649750009,
        "ref_gamma_max": 0.000301760267240939,
        "gamma_max_pct_diff": 14.825421934472494,
        "sw_tau_peak_kpa": 84.696107161,
        "ref_tau_peak_kpa": 84.9,
        "tau_peak_pct_diff": -0.24015646525324522,
        "sw_secant_g_over_gmax": 0.49281291231,
        "ref_secant_g_over_gmax": 0.5520070668117482,
        "secant_g_over_gmax_pct_diff": -10.723441430494441,
        "stress_path_nrmse": null,
        "loop_energy_pct_diff": null
      }
    ]
  },
  "backbone_diagnostic": null,
  "reload_diagnostic": null,
  "envelope_diagnostic": null,
  "artifacts": {
    "output_dir": "H:\\Drive'\u0131m\\GitHub_Repo\\Deepsoil\\1DSRA\\output\\baseline_iter\\reload_semantics_probe\\rf2_local\\run-21809b0964f4\\compare",
    "json_path": "H:\\Drive'\u0131m\\GitHub_Repo\\Deepsoil\\1DSRA\\output\\baseline_iter\\reload_semantics_probe\\rf2_local\\run-21809b0964f4\\compare\\deepsoil_compare.json",
    "markdown_path": "H:\\Drive'\u0131m\\GitHub_Repo\\Deepsoil\\1DSRA\\output\\baseline_iter\\reload_semantics_probe\\rf2_local\\run-21809b0964f4\\compare\\deepsoil_compare.md",
    "layer_parity_csv": "H:\\Drive'\u0131m\\GitHub_Repo\\Deepsoil\\1DSRA\\output\\baseline_iter\\reload_semantics_probe\\rf2_local\\run-21809b0964f4\\compare\\layer_parity.csv",
    "backbone_diagnostic_csv": null,
    "hysteresis_envelope_csv": null
  }
}