{
  "run_id": "run-420690406f4a",
  "run_dir": "H:\\Drive'\u0131m\\GitHub_Repo\\Deepsoil\\1DSRA\\output\\baseline_iter\\variant_runs\\mrd_wide\\run-420690406f4a",
  "stratawave_dt_s": 0.004999999999999893,
  "deepsoil_dt_s": 0.004999999999999893,
  "overlap_duration_s": 29.99499999999936,
  "overlap_samples": 6000,
  "stratawave_pga_m_s2": 12.93411490781996,
  "deepsoil_pga_m_s2": 3.0161205902380765,
  "pga_ratio": 4.2883281754987825,
  "pga_pct_diff": 328.83281754987826,
  "surface_rmse_m_s2": 2.522940359219934,
  "surface_nrmse": 0.8364852411363772,
  "surface_corrcoef": 0.5636867842559456,
  "psa_point_count": 80,
  "psa_rmse_m_s2": 19.80056132830934,
  "psa_nrmse": 1.7608771095926732,
  "psa_max_abs_diff_m_s2": 45.02258388572125,
  "psa_pct_diff_at_peak": 339.6859506039539,
  "psa_peak_period_s": 0.16941210201752382,
  "used_reference_psa_csv": true,
  "surface_psa_peak_period_diff_pct": 39.48852439231403,
  "arias_intensity_sw": 35.50658543225701,
  "arias_intensity_ref": 0.7032394850645711,
  "arias_intensity_ratio": 50.49003388795328,
  "xcorr_lag_samples": 3,
  "xcorr_lag_s": 0.01499999999999968,
  "xcorr_peak_coeff": 0.6609370462765495,
  "input_history_nrmse": 1.0062741449790598,
  "input_psa_nrmse": 3.4412024257890197,
  "applied_input_history_nrmse": 1.0062741449790598,
  "applied_input_psa_nrmse": 3.296672167787897,
  "input_dt_used_s": 0.004999999999999893,
  "input_pga_loaded_m_s2": 21.052719801890525,
  "applied_input_pga_loaded_m_s2": 10.526359900945263,
  "boundary_condition": "rigid",
  "motion_input_type": "outcrop",
  "damping_mode": "frequency_independent",
  "base_motion_semantics_ok": true,
  "reference_kind": "primary_gqh",
  "warnings": [],
  "profile": {
    "depth_points": 5,
    "compared_metrics": [
      "effective_stress_kpa",
      "pga_g",
      "max_displacement_m",
      "max_strain_pct",
      "max_stress_ratio",
      "mobilized_strength_kpa",
      "mobilized_friction_angle_deg"
    ],
    "gamma_max_nrmse": null,
    "ru_max_nrmse": null,
    "sigma_v_eff_min_nrmse": null,
    "effective_stress_kpa_nrmse": 0.0,
    "pga_g_nrmse": 3.903993248973987,
    "max_displacement_m_nrmse": 5.455152523447251,
    "max_strain_pct_nrmse": 7.773613786821537,
    "max_stress_ratio_nrmse": 2.4448443027099787,
    "vs_m_s_nrmse": null,
    "implied_strength_kpa_nrmse": null,
    "normalized_implied_strength_nrmse": null,
    "implied_friction_angle_deg_nrmse": null,
    "mobilized_strength_nrmse": 1.6996779365228514,
    "mobilized_friction_angle_deg_nrmse": 1.1093716861113836
  },
  "hysteresis": {
    "layer_index": 0,
    "point_count": 240,
    "gamma_peak_pct_diff": 392.3849122907265,
    "tau_peak_pct_diff": 339.43390940229534,
    "loop_energy_pct_diff": 4124.213486227487,
    "stress_path_nrmse": 1.1080353707921349
  },
  "artifacts": null
}