{
  "run_id": "run-3c08c6064cba",
  "run_dir": "H:\\Drive'\u0131m\\GitHub_Repo\\Deepsoil\\1DSRA\\output\\baseline_iter\\mrdf_uiuc_inverted\\run-3c08c6064cba",
  "stratawave_dt_s": 0.004999999999999893,
  "deepsoil_dt_s": 0.004999999999999893,
  "overlap_duration_s": 29.989999999999363,
  "overlap_samples": 5999,
  "stratawave_pga_m_s2": 2.6589867264254847,
  "deepsoil_pga_m_s2": 3.0161205902380765,
  "pga_ratio": 0.8815916495618626,
  "pga_pct_diff": -11.840835043813735,
  "surface_rmse_m_s2": 0.29040592871169046,
  "surface_nrmse": 0.09628458810692628,
  "surface_corrcoef": 0.7889110471295238,
  "psa_point_count": 80,
  "psa_rmse_m_s2": 0.8038463939173617,
  "psa_nrmse": 0.0714865953145459,
  "psa_max_abs_diff_m_s2": 2.924721905166722,
  "psa_pct_diff_at_peak": -16.174128282792946,
  "psa_peak_period_s": 0.16941210201752382,
  "used_reference_psa_csv": true,
  "surface_psa_peak_period_diff_pct": 11.732494130275942,
  "arias_intensity_sw": 1.0713621578833776,
  "arias_intensity_ref": 0.7032391887594881,
  "arias_intensity_ratio": 1.5234676551135573,
  "xcorr_lag_samples": 0,
  "xcorr_lag_s": 0.0,
  "xcorr_peak_coeff": 0.7889110374214748,
  "input_history_nrmse": 0.021913421177076252,
  "input_psa_nrmse": 0.014235384034179578,
  "applied_input_history_nrmse": 0.021913421177076252,
  "applied_input_psa_nrmse": 0.00012250314068310337,
  "input_dt_used_s": 0.004999999999999893,
  "input_pga_loaded_m_s2": 2.1460672722560035,
  "applied_input_pga_loaded_m_s2": 1.0730336361280017,
  "boundary_condition": "rigid",
  "motion_input_type": "outcrop",
  "damping_mode": "frequency_independent",
  "base_motion_semantics_ok": true,
  "reference_kind": "primary_gqh",
  "warnings": [],
  "profile": {
    "depth_points": 5,
    "compared_metrics": [
      "effective_stress_kpa",
      "pga_g",
      "max_displacement_m",
      "max_strain_pct",
      "max_stress_ratio",
      "mobilized_strength_kpa",
      "mobilized_friction_angle_deg"
    ],
    "gamma_max_nrmse": null,
    "ru_max_nrmse": null,
    "sigma_v_eff_min_nrmse": null,
    "effective_stress_kpa_nrmse": 0.614482167294058,
    "pga_g_nrmse": 0.09467467898411558,
    "max_displacement_m_nrmse": 0.3439886374836812,
    "max_strain_pct_nrmse": 0.14896306076654486,
    "max_stress_ratio_nrmse": 0.5097957831038771,
    "vs_m_s_nrmse": null,
    "implied_strength_kpa_nrmse": null,
    "normalized_implied_strength_nrmse": null,
    "implied_friction_angle_deg_nrmse": null,
    "mobilized_strength_nrmse": 0.09187463761677812,
    "mobilized_friction_angle_deg_nrmse": 0.4841342016408166
  },
  "hysteresis": {
    "layer_index": 0,
    "point_count": 240,
    "sw_gamma_peak": 2.4487390330798904e-05,
    "ref_gamma_peak": 2.6860040502993477e-05,
    "gamma_peak_pct_diff": -8.833382704430948,
    "sw_tau_peak_kpa": 8.541539127791712,
    "ref_tau_peak_kpa": 10.957557413672664,
    "tau_peak_pct_diff": -22.048876356935928,
    "sw_loop_energy": 0.00029663725705020424,
    "ref_loop_energy": 0.00011449206940372935,
    "loop_energy_pct_diff": 159.0897855153467,
    "stress_path_nrmse": 0.29328288153194376
  },
  "layer_parity": {
    "row_count": 5,
    "gamma_max_nrmse": 0.1489630607665448,
    "tau_peak_kpa_nrmse": 0.09187463761677812,
    "secant_g_over_gmax_nrmse": 0.16390271934571052,
    "worst_gamma_layer_index": 0,
    "worst_tau_layer_index": 4,
    "worst_secant_layer_index": 3,
    "rows": [
      {
        "layer_index": 0,
        "z_mid_m": 2.0,
        "sw_gamma_max": 5.0563602471e-05,
        "ref_gamma_max": 2.9259805780019977e-05,
        "gamma_max_pct_diff": 72.80908441821337,
        "sw_tau_peak_kpa": 10.834865096,
        "ref_tau_peak_kpa": 12.1,
        "tau_peak_pct_diff": -10.455660363636364,
        "sw_secant_g_over_gmax": 0.67125335456,
        "ref_secant_g_over_gmax": 0.8113587690390948,
        "secant_g_over_gmax_pct_diff": -17.267997811254798,
        "stress_path_nrmse": 0.29328288153194376,
        "loop_energy_pct_diff": 159.0897855153467
      },
      {
        "layer_index": 1,
        "z_mid_m": 6.0,
        "sw_gamma_max": 0.00013965865202,
        "ref_gamma_max": 0.00010238136840577661,
        "gamma_max_pct_diff": 36.41022208892464,
        "sw_tau_peak_kpa": 31.876424946,
        "ref_tau_peak_kpa": 36.1,
        "tau_peak_pct_diff": -11.69965388919668,
        "sw_secant_g_over_gmax": 0.55718268726,
        "ref_secant_g_over_gmax": 0.6918075144227482,
        "secant_g_over_gmax_pct_diff": -19.459867716973367,
        "stress_path_nrmse": null,
        "loop_energy_pct_diff": null
      },
      {
        "layer_index": 2,
        "z_mid_m": 10.0,
        "sw_gamma_max": 0.00023872379076,
        "ref_gamma_max": 0.0001855473392878404,
        "gamma_max_pct_diff": 28.659236869824756,
        "sw_tau_peak_kpa": 50.649641113,
        "ref_tau_peak_kpa": 57.6,
        "tau_peak_pct_diff": -12.066595289930556,
        "sw_secant_g_over_gmax": 0.4768915674,
        "ref_secant_g_over_gmax": 0.6090693643668219,
        "secant_g_over_gmax_pct_diff": -21.70159996542129,
        "stress_path_nrmse": null,
        "loop_energy_pct_diff": null
      },
      {
        "layer_index": 3,
        "z_mid_m": 14.0,
        "sw_gamma_max": 0.00032010835314,
        "ref_gamma_max": 0.0002599749714841779,
        "gamma_max_pct_diff": 23.13045033240126,
        "sw_tau_peak_kpa": 64.994420296,
        "ref_tau_peak_kpa": 74.7,
        "tau_peak_pct_diff": -12.992743914323965,
        "sw_secant_g_over_gmax": 0.4327476526,
        "ref_secant_g_over_gmax": 0.5637519610572196,
        "secant_g_over_gmax_pct_diff": -23.237933968609816,
        "stress_path_nrmse": null,
        "loop_energy_pct_diff": null
      },
      {
        "layer_index": 4,
        "z_mid_m": 18.0,
        "sw_gamma_max": 0.00034437265504,
        "ref_gamma_max": 0.000301760267240939,
        "gamma_max_pct_diff": 14.121271891980852,
        "sw_tau_peak_kpa": 72.972414044,
        "ref_tau_peak_kpa": 84.9,
        "tau_peak_pct_diff": -14.048982280329803,
        "sw_secant_g_over_gmax": 0.42536927764,
        "ref_secant_g_over_gmax": 0.5520070668117482,
        "secant_g_over_gmax_pct_diff": -22.941334773696955,
        "stress_path_nrmse": null,
        "loop_energy_pct_diff": null
      }
    ]
  },
  "artifacts": {
    "output_dir": "H:\\Drive'\u0131m\\GitHub_Repo\\Deepsoil\\1DSRA\\output\\baseline_iter\\mrdf_uiuc_inverted\\run-3c08c6064cba\\compare",
    "json_path": "H:\\Drive'\u0131m\\GitHub_Repo\\Deepsoil\\1DSRA\\output\\baseline_iter\\mrdf_uiuc_inverted\\run-3c08c6064cba\\compare\\deepsoil_compare.json",
    "markdown_path": "H:\\Drive'\u0131m\\GitHub_Repo\\Deepsoil\\1DSRA\\output\\baseline_iter\\mrdf_uiuc_inverted\\run-3c08c6064cba\\compare\\deepsoil_compare.md",
    "layer_parity_csv": "H:\\Drive'\u0131m\\GitHub_Repo\\Deepsoil\\1DSRA\\output\\baseline_iter\\mrdf_uiuc_inverted\\run-3c08c6064cba\\compare\\layer_parity.csv"
  }
}