{
  "run_id": "run-624f55ac9863",
  "run_dir": "H:\\Drive'\u0131m\\GitHub_Repo\\Deepsoil\\1DSRA\\output\\baseline_iter\\adaptive_reload_sweep\\inverse_025\\run-624f55ac9863",
  "stratawave_dt_s": 0.004999999999999893,
  "deepsoil_dt_s": 0.004999999999999893,
  "overlap_duration_s": 29.99499999999936,
  "overlap_samples": 6000,
  "stratawave_pga_m_s2": 2.686099762828024,
  "deepsoil_pga_m_s2": 3.0161205902380765,
  "pga_ratio": 0.8905810236904346,
  "pga_pct_diff": -10.941897630956545,
  "surface_rmse_m_s2": 0.32915780676372364,
  "surface_nrmse": 0.10913284032120571,
  "surface_corrcoef": 0.7503673836569414,
  "psa_point_count": 80,
  "psa_rmse_m_s2": 0.774338703427065,
  "psa_nrmse": 0.0688624567419176,
  "psa_max_abs_diff_m_s2": 2.8296332675775506,
  "psa_pct_diff_at_peak": -12.86851247251592,
  "psa_peak_period_s": 0.16941210201752382,
  "used_reference_psa_csv": true,
  "surface_psa_peak_period_diff_pct": 11.732494130275942,
  "arias_intensity_sw": 1.1901914945717675,
  "arias_intensity_ref": 0.7032394850645711,
  "arias_intensity_ratio": 1.692441223579027,
  "xcorr_lag_samples": 1,
  "xcorr_lag_s": 0.004999999999999893,
  "xcorr_peak_coeff": 0.7717908529085511,
  "input_history_nrmse": 3.9028023283585766e-05,
  "input_psa_nrmse": 0.014235105834099681,
  "applied_input_history_nrmse": 3.9028023283585766e-05,
  "applied_input_psa_nrmse": 0.00012773466201254687,
  "input_dt_used_s": 0.004999999999999893,
  "input_pga_loaded_m_s2": 2.146046870732979,
  "applied_input_pga_loaded_m_s2": 1.0730234353664896,
  "boundary_condition": "rigid",
  "motion_input_type": "outcrop",
  "damping_mode": "frequency_independent",
  "base_motion_semantics_ok": true,
  "reference_kind": "primary_gqh",
  "warnings": [],
  "profile": {
    "depth_points": 5,
    "compared_metrics": [
      "effective_stress_kpa",
      "pga_g",
      "max_displacement_m",
      "max_strain_pct",
      "max_stress_ratio",
      "mobilized_strength_kpa",
      "mobilized_friction_angle_deg"
    ],
    "gamma_max_nrmse": null,
    "ru_max_nrmse": null,
    "sigma_v_eff_min_nrmse": null,
    "effective_stress_kpa_nrmse": 0.614482167294058,
    "pga_g_nrmse": 0.06906680975275847,
    "max_displacement_m_nrmse": 0.136312062994239,
    "max_strain_pct_nrmse": 0.963589144985404,
    "max_stress_ratio_nrmse": 0.30882668938546887,
    "vs_m_s_nrmse": null,
    "implied_strength_kpa_nrmse": null,
    "normalized_implied_strength_nrmse": null,
    "implied_friction_angle_deg_nrmse": null,
    "mobilized_strength_nrmse": 0.32014035009299446,
    "mobilized_friction_angle_deg_nrmse": 0.2854428584509698
  },
  "hysteresis": {
    "layer_index": 0,
    "point_count": 240,
    "sw_gamma_peak": 4.8777507793155625e-05,
    "ref_gamma_peak": 2.6860040502993477e-05,
    "gamma_peak_pct_diff": 81.59878719363626,
    "sw_tau_peak_kpa": 16.300736174489565,
    "ref_tau_peak_kpa": 10.957557413672664,
    "tau_peak_pct_diff": 48.76249842095072,
    "sw_loop_energy": 0.0003073300050417728,
    "ref_loop_energy": 0.00011449206940372935,
    "loop_energy_pct_diff": 168.42907691540262,
    "stress_path_nrmse": 0.7442631509157271
  },
  "layer_parity": {
    "row_count": 5,
    "gamma_max_nrmse": 0.9635891449854042,
    "tau_peak_kpa_nrmse": 0.32014035009299446,
    "secant_g_over_gmax_nrmse": 0.20839061928836966,
    "worst_gamma_layer_index": 0,
    "worst_tau_layer_index": 4,
    "worst_secant_layer_index": 3,
    "rows": [
      {
        "layer_index": 0,
        "z_mid_m": 2.0,
        "sw_gamma_max": 9.0631400785e-05,
        "ref_gamma_max": 2.9259805780019977e-05,
        "gamma_max_pct_diff": 209.74710312973963,
        "sw_tau_peak_kpa": 16.300736174,
        "ref_tau_peak_kpa": 12.1,
        "tau_peak_pct_diff": 34.71682788429753,
        "sw_secant_g_over_gmax": 0.65567196483,
        "ref_secant_g_over_gmax": 0.8113587690390948,
        "secant_g_over_gmax_pct_diff": -19.188404704552234,
        "stress_path_nrmse": 0.7442631509157271,
        "loop_energy_pct_diff": 168.42907691540262
      },
      {
        "layer_index": 1,
        "z_mid_m": 6.0,
        "sw_gamma_max": 0.00026421887007,
        "ref_gamma_max": 0.00010238136840577661,
        "gamma_max_pct_diff": 158.07319650466025,
        "sw_tau_peak_kpa": 50.087436459,
        "ref_tau_peak_kpa": 36.1,
        "tau_peak_pct_diff": 38.746361382271466,
        "sw_secant_g_over_gmax": 0.52649552074,
        "ref_secant_g_over_gmax": 0.6918075144227482,
        "secant_g_over_gmax_pct_diff": -23.89566320635971,
        "stress_path_nrmse": null,
        "loop_energy_pct_diff": null
      },
      {
        "layer_index": 2,
        "z_mid_m": 10.0,
        "sw_gamma_max": 0.00046086791085,
        "ref_gamma_max": 0.0001855473392878404,
        "gamma_max_pct_diff": 148.38292622189186,
        "sw_tau_peak_kpa": 88.538335146,
        "ref_tau_peak_kpa": 57.6,
        "tau_peak_pct_diff": 53.71238740624999,
        "sw_secant_g_over_gmax": 0.42790962725,
        "ref_secant_g_over_gmax": 0.6090693643668219,
        "secant_g_over_gmax_pct_diff": -29.74369549930532,
        "stress_path_nrmse": null,
        "loop_energy_pct_diff": null
      },
      {
        "layer_index": 3,
        "z_mid_m": 14.0,
        "sw_gamma_max": 0.0006522512353,
        "ref_gamma_max": 0.0002599749714841779,
        "gamma_max_pct_diff": 150.8900112869889,
        "sw_tau_peak_kpa": 66.947863519,
        "ref_tau_peak_kpa": 74.7,
        "tau_peak_pct_diff": -10.377692745649274,
        "sw_secant_g_over_gmax": 0.39061081795,
        "ref_secant_g_over_gmax": 0.5637519610572196,
        "secant_g_over_gmax_pct_diff": -30.71229105483255,
        "stress_path_nrmse": null,
        "loop_energy_pct_diff": null
      },
      {
        "layer_index": 4,
        "z_mid_m": 18.0,
        "sw_gamma_max": 0.00070562226722,
        "ref_gamma_max": 0.000301760267240939,
        "gamma_max_pct_diff": 133.83537987676797,
        "sw_tau_peak_kpa": 134.53031663,
        "ref_tau_peak_kpa": 84.9,
        "tau_peak_pct_diff": 58.45738118963484,
        "sw_secant_g_over_gmax": 0.38296168882,
        "ref_secant_g_over_gmax": 0.5520070668117482,
        "secant_g_over_gmax_pct_diff": -30.623770628175308,
        "stress_path_nrmse": null,
        "loop_energy_pct_diff": null
      }
    ]
  },
  "backbone_diagnostic": {
    "row_count": 5,
    "tau_peak_kpa_nrmse": 0.00032434026175287247,
    "secant_g_over_gmax_nrmse": 0.001194232004210919,
    "backbone_loop_energy_nrmse": 1.4303591295408211,
    "worst_tau_layer_index": 0,
    "worst_secant_layer_index": 0,
    "rows": [
      {
        "layer_index": 0,
        "z_mid_m": 2.0,
        "material": "gqh",
        "reload_factor": 1.4,
        "ref_gamma_max": 2.9259805780019977e-05,
        "ref_tau_peak_kpa": 12.1,
        "ref_secant_g_over_gmax": 0.8113587690390948,
        "sw_backbone_tau_peak_kpa": 12.129743532742133,
        "sw_backbone_tau_pct_diff": 0.24581432018291677,
        "sw_backbone_secant_g_over_gmax": 0.8133531985746272,
        "sw_backbone_secant_pct_diff": 0.2458135182164175,
        "sw_backbone_tangent_g_over_gmax": 0.6822728945235856,
        "backbone_masing_loop_energy": 0.00027825684613537493,
        "backbone_masing_loop_energy_pct_diff": 143.0359129540821
      },
      {
        "layer_index": 1,
        "z_mid_m": 6.0,
        "material": "gqh",
        "reload_factor": 1.4,
        "ref_gamma_max": 0.00010238136840577661,
        "ref_tau_peak_kpa": 36.1,
        "ref_secant_g_over_gmax": 0.6918075144227482,
        "sw_backbone_tau_peak_kpa": 36.058119371991374,
        "sw_backbone_tau_pct_diff": -0.11601281996849651,
        "sw_backbone_secant_g_over_gmax": 0.6910049234884731,
        "sw_backbone_secant_pct_diff": -0.1160136190403829,
        "sw_backbone_tangent_g_over_gmax": 0.4973337230797821,
        "backbone_masing_loop_energy": 0.0037939241580697593,
        "backbone_masing_loop_energy_pct_diff": null
      },
      {
        "layer_index": 2,
        "z_mid_m": 10.0,