{
  "run_id": "run-aee4d5229ced",
  "run_dir": "H:\\Drive'\u0131m\\GitHub_Repo\\Deepsoil\\1DSRA\\output\\baseline_iter\\tangent_floor_sweep\\tan_035_e10\\run-aee4d5229ced",
  "stratawave_dt_s": 0.004999999999999893,
  "deepsoil_dt_s": 0.004999999999999893,
  "overlap_duration_s": 29.989999999999363,
  "overlap_samples": 5999,
  "stratawave_pga_m_s2": 2.7449891723510853,
  "deepsoil_pga_m_s2": 3.0161205902380765,
  "pga_ratio": 0.9101059093046444,
  "pga_pct_diff": -8.989409069535565,
  "surface_rmse_m_s2": 0.3275647212429425,
  "surface_nrmse": 0.10860465006053166,
  "surface_corrcoef": 0.7613793060999625,
  "psa_point_count": 80,
  "psa_rmse_m_s2": 0.8060897883390974,
  "psa_nrmse": 0.07168610187496721,
  "psa_max_abs_diff_m_s2": 3.592353116035122,
  "psa_pct_diff_at_peak": -11.64318870998553,
  "psa_peak_period_s": 0.16941210201752382,
  "used_reference_psa_csv": true,
  "surface_psa_peak_period_diff_pct": 11.732494130275942,
  "arias_intensity_sw": 1.2260724703201884,
  "arias_intensity_ref": 0.7032391887594881,
  "arias_intensity_ratio": 1.7434643716073002,
  "xcorr_lag_samples": 0,
  "xcorr_lag_s": 0.0,
  "xcorr_peak_coeff": 0.7613792911110349,
  "input_history_nrmse": 0.021913421177076252,
  "input_psa_nrmse": 0.014235384034179578,
  "applied_input_history_nrmse": 0.021913421177076252,
  "applied_input_psa_nrmse": 0.00012250314068310337,
  "input_dt_used_s": 0.004999999999999893,
  "input_pga_loaded_m_s2": 2.1460672722560035,
  "applied_input_pga_loaded_m_s2": 1.0730336361280017,
  "boundary_condition": "rigid",
  "motion_input_type": "outcrop",
  "damping_mode": "frequency_independent",
  "base_motion_semantics_ok": true,
  "reference_kind": "primary_gqh",
  "warnings": [],
  "profile": {
    "depth_points": 5,
    "compared_metrics": [
      "effective_stress_kpa",
      "pga_g",
      "max_displacement_m",
      "max_strain_pct",
      "max_stress_ratio",
      "mobilized_strength_kpa",
      "mobilized_friction_angle_deg"
    ],
    "gamma_max_nrmse": null,
    "ru_max_nrmse": null,
    "sigma_v_eff_min_nrmse": null,
    "effective_stress_kpa_nrmse": 0.614482167294058,
    "pga_g_nrmse": 0.05581642720627798,
    "max_displacement_m_nrmse": 0.3186087846247211,
    "max_strain_pct_nrmse": 0.22719535610575875,
    "max_stress_ratio_nrmse": 0.48465007705494856,
    "vs_m_s_nrmse": null,
    "implied_strength_kpa_nrmse": null,
    "normalized_implied_strength_nrmse": null,
    "implied_friction_angle_deg_nrmse": null,
    "mobilized_strength_nrmse": 0.09576011935048455,
    "mobilized_friction_angle_deg_nrmse": 0.4572174008289757
  },
  "hysteresis": {
    "layer_index": 0,
    "point_count": 240,
    "sw_gamma_peak": 2.2686567289685533e-05,
    "ref_gamma_peak": 2.6860040502993477e-05,
    "gamma_peak_pct_diff": -15.537851526481587,
    "sw_tau_peak_kpa": 8.58016786720957,
    "ref_tau_peak_kpa": 10.957557413672664,
    "tau_peak_pct_diff": -21.696345788675732,
    "sw_loop_energy": 0.00013657961428129817,
    "ref_loop_energy": 0.00011449206940372935,
    "loop_energy_pct_diff": 19.29176841033617,
    "stress_path_nrmse": 0.3108408486574193
  },
  "layer_parity": {
    "row_count": 5,
    "gamma_max_nrmse": 0.22719535610575872,
    "tau_peak_kpa_nrmse": 0.09576011935048455,
    "secant_g_over_gmax_nrmse": 0.08686689917565142,
    "worst_gamma_layer_index": 3,
    "worst_tau_layer_index": 4,
    "worst_secant_layer_index": 3,
    "rows": [
      {
        "layer_index": 0,
        "z_mid_m": 2.0,
        "sw_gamma_max": 4.2092497385e-05,
        "ref_gamma_max": 2.9259805780019977e-05,
        "gamma_max_pct_diff": 43.85774704541207,
        "sw_tau_peak_kpa": 10.697706314,
        "ref_tau_peak_kpa": 12.1,
        "tau_peak_pct_diff": -11.589204016528928,
        "sw_secant_g_over_gmax": 0.77677736667,
        "ref_secant_g_over_gmax": 0.8113587690390948,
        "secant_g_over_gmax_pct_diff": -4.262159193774426,
        "stress_path_nrmse": 0.3108408486574193,
        "loop_energy_pct_diff": 19.29176841033617
      },
      {
        "layer_index": 1,
        "z_mid_m": 6.0,
        "sw_gamma_max": 0.00012913290125,
        "ref_gamma_max": 0.00010238136840577661,
        "gamma_max_pct_diff": 26.12929799706996,
        "sw_tau_peak_kpa": 33.408215767,
        "ref_tau_peak_kpa": 36.1,
        "tau_peak_pct_diff": -7.4564660193905805,
        "sw_secant_g_over_gmax": 0.62522329389,
        "ref_secant_g_over_gmax": 0.6918075144227482,
        "secant_g_over_gmax_pct_diff": -9.624674370342285,
        "stress_path_nrmse": null,
        "loop_energy_pct_diff": null
      },
      {
        "layer_index": 2,
        "z_mid_m": 10.0,
        "sw_gamma_max": 0.00018794505536,
        "ref_gamma_max": 0.0001855473392878404,
        "gamma_max_pct_diff": 1.292239533782804,
        "sw_tau_peak_kpa": 52.003873749,
        "ref_tau_peak_kpa": 57.6,
        "tau_peak_pct_diff": -9.715496963541668,
        "sw_secant_g_over_gmax": 0.63290849605,
        "ref_secant_g_over_gmax": 0.6090693643668219,
        "secant_g_over_gmax_pct_diff": 3.914025737932302,
        "stress_path_nrmse": null,
        "loop_energy_pct_diff": null
      },
      {
        "layer_index": 3,
        "z_mid_m": 14.0,
        "sw_gamma_max": 0.00037782043072,
        "ref_gamma_max": 0.0002599749714841779,
        "gamma_max_pct_diff": 45.32954021037145,
        "sw_tau_peak_kpa": 65.70054187,
        "ref_tau_peak_kpa": 74.7,
        "tau_peak_pct_diff": -12.047467376171362,
        "sw_secant_g_over_gmax": 0.43905065571,
        "ref_secant_g_over_gmax": 0.5637519610572196,
        "secant_g_over_gmax_pct_diff": -22.119888525684907,
        "stress_path_nrmse": null,
        "loop_energy_pct_diff": null
      },
      {
        "layer_index": 4,
        "z_mid_m": 18.0,
        "sw_gamma_max": 0.00039518262716,
        "ref_gamma_max": 0.000301760267240939,
        "gamma_max_pct_diff": 30.959132152566777,
        "sw_tau_peak_kpa": 99.355734828,
        "ref_tau_peak_kpa": 84.9,
        "tau_peak_pct_diff": 17.026778360424014,
        "sw_secant_g_over_gmax": 0.49642599306,
        "ref_secant_g_over_gmax": 0.5520070668117482,
        "secant_g_over_gmax_pct_diff": -10.068906195851845,
        "stress_path_nrmse": null,
        "loop_energy_pct_diff": null
      }
    ]
  },
  "backbone_diagnostic": {
    "row_count": 5,
    "tau_peak_kpa_nrmse": 0.00032434026175287247,
    "secant_g_over_gmax_nrmse": 0.001194232004210919,
    "backbone_loop_energy_nrmse": 1.4303591295408211,
    "worst_tau_layer_index": 0,
    "worst_secant_layer_index": 0,
    "rows": [
      {
        "layer_index": 0,
        "z_mid_m": 2.0,
        "material": "gqh",
        "reload_factor": 1.1,
        "ref_gamma_max": 2.9259805780019977e-05,
        "ref_tau_peak_kpa": 12.1,
        "ref_secant_g_over_gmax": 0.8113587690390948,
        "sw_backbone_tau_peak_kpa": 12.129743532742133,
        "sw_backbone_tau_pct_diff": 0.24581432018291677,
        "sw_backbone_secant_g_over_gmax": 0.8133531985746272,
        "sw_backbone_secant_pct_diff": 0.2458135182164175,
        "sw_backbone_tangent_g_over_gmax": 0.6822728945235856,
        "backbone_masing_loop_energy": 0.00027825684613537493,
        "backbone_masing_loop_energy_pct_diff": 143.0359129540821
      },
      {
        "layer_index": 1,
        "z_mid_m": 6.0,
        "material": "gqh",
        "reload_factor": 1.1,
        "ref_gamma_max": 0.00010238136840577661,
        "ref_tau_peak_kpa": 36.1,
        "ref_secant_g_over_gmax": 0.6918075144227482,
        "sw_backbone_tau_peak_kpa": 36.058119371991374,
        "sw_backbone_tau_pct_diff": -0.11601281996849651,
        "sw_backbone_secant_g_over_gmax": 0.6910049234884731,
        "sw_backbone_secant_pct_diff": -0.1160136190403829,
        "sw_backbone_tangent_g_over_gmax": 0.4973337230797821,
        "backbone_masing_loop_energy": 0.0037939241580697593,
        "backbone_masing_loop_energy_pct_diff": null
      },
      {
        "layer_index": 2,
        "z_mid_m": 10.0,