{
  "run_id": "run-ed9a5655fd01",
  "run_dir": "H:\\Drive'\u0131m\\GitHub_Repo\\Deepsoil\\1DSRA\\output\\baseline_iter\\reload_follow_backbone_crossing_sweep\\rf_1p0\\run-ed9a5655fd01",
  "stratawave_dt_s": 0.004999999999999893,
  "deepsoil_dt_s": 0.004999999999999893,
  "overlap_duration_s": 29.99499999999936,
  "overlap_samples": 6000,
  "stratawave_pga_m_s2": 2.457029245526315,
  "deepsoil_pga_m_s2": 3.0161205902380765,
  "pga_ratio": 0.8146322973553157,
  "pga_pct_diff": -18.536770264468426,
  "surface_rmse_m_s2": 0.2927922593918342,
  "surface_nrmse": 0.09707578017261123,
  "surface_corrcoef": 0.7599804546074708,
  "psa_point_count": 80,
  "psa_rmse_m_s2": 0.8332127537590367,
  "psa_nrmse": 0.07409816525844114,
  "psa_max_abs_diff_m_s2": 2.560451254703789,
  "psa_pct_diff_at_peak": -22.770263579293736,
  "psa_peak_period_s": 0.16941210201752382,
  "used_reference_psa_csv": true,
  "surface_psa_peak_period_diff_pct": 11.732494130275942,
  "arias_intensity_sw": 0.9526561714693097,
  "arias_intensity_ref": 0.7032394850645711,
  "arias_intensity_ratio": 1.3546682057846016,
  "xcorr_lag_samples": 2,
  "xcorr_lag_s": 0.009999999999999787,
  "xcorr_peak_coeff": 0.793313299496366,
  "input_history_nrmse": 3.9028023283585766e-05,
  "input_psa_nrmse": 0.014235105834099681,
  "applied_input_history_nrmse": 3.9028023283585766e-05,
  "applied_input_psa_nrmse": 0.00012773466201254687,
  "input_dt_used_s": 0.004999999999999893,
  "input_pga_loaded_m_s2": 2.146046870732979,
  "applied_input_pga_loaded_m_s2": 1.0730234353664896,
  "boundary_condition": "rigid",
  "motion_input_type": "outcrop",
  "damping_mode": "frequency_independent",
  "base_motion_semantics_ok": true,
  "reference_kind": "primary_gqh",
  "warnings": [],
  "profile": {
    "depth_points": 5,
    "compared_metrics": [
      "effective_stress_kpa",
      "pga_g",
      "max_displacement_m",
      "max_strain_pct",
      "max_stress_ratio",
      "mobilized_strength_kpa",
      "mobilized_friction_angle_deg"
    ],
    "gamma_max_nrmse": null,
    "ru_max_nrmse": null,
    "sigma_v_eff_min_nrmse": null,
    "effective_stress_kpa_nrmse": 0.614482167294058,
    "pga_g_nrmse": 0.13126320145564904,
    "max_displacement_m_nrmse": 0.3293298504460619,
    "max_strain_pct_nrmse": 0.17881534252139555,
    "max_stress_ratio_nrmse": 0.5204399069455928,
    "vs_m_s_nrmse": null,
    "implied_strength_kpa_nrmse": null,
    "normalized_implied_strength_nrmse": null,
    "implied_friction_angle_deg_nrmse": null,
    "mobilized_strength_nrmse": 0.11177781433324896,
    "mobilized_friction_angle_deg_nrmse": 0.49505831074060763
  },
  "hysteresis": {
    "layer_index": 0,
    "point_count": 240,
    "sw_gamma_peak": 2.4372573556239808e-05,
    "ref_gamma_peak": 2.6860040502993477e-05,
    "gamma_peak_pct_diff": -9.260845851950398,
    "sw_tau_peak_kpa": 8.113850607129526,
    "ref_tau_peak_kpa": 10.957557413672664,
    "tau_peak_pct_diff": -25.952013748929172,
    "sw_loop_energy": 0.00020153452272797924,
    "ref_loop_energy": 0.00011449206940372935,
    "loop_energy_pct_diff": 76.02487558969274,
    "stress_path_nrmse": 0.27697988704922716
  },
  "layer_parity": {
    "row_count": 5,
    "gamma_max_nrmse": 0.17881534252139555,
    "tau_peak_kpa_nrmse": 0.11177781433324896,
    "secant_g_over_gmax_nrmse": 0.18925010452050814,
    "worst_gamma_layer_index": 0,
    "worst_tau_layer_index": 3,
    "worst_secant_layer_index": 3,
    "rows": [
      {
        "layer_index": 0,
        "z_mid_m": 2.0,
        "sw_gamma_max": 4.3750152648e-05,
        "ref_gamma_max": 2.9259805780019977e-05,
        "gamma_max_pct_diff": 49.52304528922997,
        "sw_tau_peak_kpa": 9.1630312231,
        "ref_tau_peak_kpa": 12.1,
        "tau_peak_pct_diff": -24.272469230578505,
        "sw_secant_g_over_gmax": 0.64089401576,
        "ref_secant_g_over_gmax": 0.8113587690390948,
        "secant_g_over_gmax_pct_diff": -21.009787505098252,
        "stress_path_nrmse": 0.27697988704922716,
        "loop_energy_pct_diff": 76.02487558969274
      },
      {
        "layer_index": 1,
        "z_mid_m": 6.0,
        "sw_gamma_max": 0.00014176870196,
        "ref_gamma_max": 0.00010238136840577661,
        "gamma_max_pct_diff": 38.471192725336785,
        "sw_tau_peak_kpa": 32.999835212,
        "ref_tau_peak_kpa": 36.1,
        "tau_peak_pct_diff": -8.587714094182827,
        "sw_secant_g_over_gmax": 0.56224725446,
        "ref_secant_g_over_gmax": 0.6918075144227482,
        "secant_g_over_gmax_pct_diff": -18.727790210670772,
        "stress_path_nrmse": null,
        "loop_energy_pct_diff": null
      },
      {
        "layer_index": 2,
        "z_mid_m": 10.0,
        "sw_gamma_max": 0.00025358350446,
        "ref_gamma_max": 0.0001855473392878404,
        "gamma_max_pct_diff": 36.667820424314904,
        "sw_tau_peak_kpa": 52.692188828,
        "ref_tau_peak_kpa": 57.6,
        "tau_peak_pct_diff": -8.520505506944449,
        "sw_secant_g_over_gmax": 0.51308339425,
        "ref_secant_g_over_gmax": 0.6090693643668219,
        "secant_g_over_gmax_pct_diff": -15.759448058368069,
        "stress_path_nrmse": null,
        "loop_energy_pct_diff": null
      },
      {
        "layer_index": 3,
        "z_mid_m": 14.0,
        "sw_gamma_max": 0.00032497625788,
        "ref_gamma_max": 0.0002599749714841779,
        "gamma_max_pct_diff": 25.002901635005315,
        "sw_tau_peak_kpa": 54.732495466,
        "ref_tau_peak_kpa": 74.7,
        "tau_peak_pct_diff": -26.730260420348056,
        "sw_secant_g_over_gmax": 0.32178223892,
        "ref_secant_g_over_gmax": 0.5637519610572196,
        "secant_g_over_gmax_pct_diff": -42.92130916643679,
        "stress_path_nrmse": null,
        "loop_energy_pct_diff": null
      },
      {
        "layer_index": 4,
        "z_mid_m": 18.0,
        "sw_gamma_max": 0.00036455076373,
        "ref_gamma_max": 0.000301760267240939,
        "gamma_max_pct_diff": 20.80807293258599,
        "sw_tau_peak_kpa": 87.94463672,
        "ref_tau_peak_kpa": 84.9,
        "tau_peak_pct_diff": 3.586144546525323,
        "sw_secant_g_over_gmax": 0.48657882532,
        "ref_secant_g_over_gmax": 0.5520070668117482,
        "secant_g_over_gmax_pct_diff": -11.852790557491403,
        "stress_path_nrmse": null,
        "loop_energy_pct_diff": null
      }
    ]
  },
  "backbone_diagnostic": {
    "row_count": 5,
    "tau_peak_kpa_nrmse": 0.00032434026175287247,
    "secant_g_over_gmax_nrmse": 0.001194232004210919,
    "backbone_loop_energy_nrmse": 1.4303591295408211,
    "worst_tau_layer_index": 0,
    "worst_secant_layer_index": 0,
    "rows": [
      {
        "layer_index": 0,
        "z_mid_m": 2.0,
        "material": "gqh",
        "reload_factor": 1.0,
        "ref_gamma_max": 2.9259805780019977e-05,
        "ref_tau_peak_kpa": 12.1,
        "ref_secant_g_over_gmax": 0.8113587690390948,
        "sw_backbone_tau_peak_kpa": 12.129743532742133,
        "sw_backbone_tau_pct_diff": 0.24581432018291677,
        "sw_backbone_secant_g_over_gmax": 0.8133531985746272,
        "sw_backbone_secant_pct_diff": 0.2458135182164175,
        "sw_backbone_tangent_g_over_gmax": 0.6822728945235856,
        "backbone_masing_loop_energy": 0.00027825684613537493,
        "backbone_masing_loop_energy_pct_diff": 143.0359129540821
      },
      {
        "layer_index": 1,
        "z_mid_m": 6.0,
        "material": "gqh",
        "reload_factor": 1.0,
        "ref_gamma_max": 0.00010238136840577661,
        "ref_tau_peak_kpa": 36.1,
        "ref_secant_g_over_gmax": 0.6918075144227482,
        "sw_backbone_tau_peak_kpa": 36.058119371991374,
        "sw_backbone_tau_pct_diff": -0.11601281996849651,
        "sw_backbone_secant_g_over_gmax": 0.6910049234884731,
        "sw_backbone_secant_pct_diff": -0.1160136190403829,
        "sw_backbone_tangent_g_over_gmax": 0.4973337230797821,
        "backbone_masing_loop_energy": 0.0037939241580697593,
        "backbone_masing_loop_energy_pct_diff": null
      },
      {
        "layer_index": 2,