{
  "run_id": "run-3c08c6064cba",
  "run_dir": "H:\\Drive'\u0131m\\GitHub_Repo\\Deepsoil\\1DSRA\\output\\baseline_iter\\mrdf_histmax\\run-3c08c6064cba",
  "stratawave_dt_s": 0.004999999999999893,
  "deepsoil_dt_s": 0.004999999999999893,
  "overlap_duration_s": 29.989999999999363,
  "overlap_samples": 5999,
  "stratawave_pga_m_s2": 2.8687848102078934,
  "deepsoil_pga_m_s2": 3.0161205902380765,
  "pga_ratio": 0.951150567219677,
  "pga_pct_diff": -4.884943278032302,
  "surface_rmse_m_s2": 0.3204194980107126,
  "surface_nrmse": 0.10623563893565788,
  "surface_corrcoef": 0.780273964585095,
  "psa_point_count": 80,
  "psa_rmse_m_s2": 0.8571340781796473,
  "psa_nrmse": 0.07622550457498717,
  "psa_max_abs_diff_m_s2": 4.122302438846436,
  "psa_pct_diff_at_peak": -6.9826859094804945,
  "psa_peak_period_s": 0.16941210201752382,
  "used_reference_psa_csv": true,
  "surface_psa_peak_period_diff_pct": 11.732494130275942,
  "arias_intensity_sw": 1.2572095908775316,
  "arias_intensity_ref": 0.7032391887594881,
  "arias_intensity_ratio": 1.7877410857822722,
  "xcorr_lag_samples": 0,
  "xcorr_lag_s": 0.0,
  "xcorr_peak_coeff": 0.7802739525308007,
  "input_history_nrmse": 0.021913421177076252,
  "input_psa_nrmse": 0.014235384034179578,
  "applied_input_history_nrmse": 0.021913421177076252,
  "applied_input_psa_nrmse": 0.00012250314068310337,
  "input_dt_used_s": 0.004999999999999893,
  "input_pga_loaded_m_s2": 2.1460672722560035,
  "applied_input_pga_loaded_m_s2": 1.0730336361280017,
  "boundary_condition": "rigid",
  "motion_input_type": "outcrop",
  "damping_mode": "frequency_independent",
  "base_motion_semantics_ok": true,
  "reference_kind": "primary_gqh",
  "warnings": [],
  "profile": {
    "depth_points": 5,
    "compared_metrics": [
      "effective_stress_kpa",
      "pga_g",
      "max_displacement_m",
      "max_strain_pct",
      "max_stress_ratio",
      "mobilized_strength_kpa",
      "mobilized_friction_angle_deg"
    ],
    "gamma_max_nrmse": null,
    "ru_max_nrmse": null,
    "sigma_v_eff_min_nrmse": null,
    "effective_stress_kpa_nrmse": 0.614482167294058,
    "pga_g_nrmse": 0.05949208262390692,
    "max_displacement_m_nrmse": 0.3421038995339635,
    "max_strain_pct_nrmse": 0.15118192648016046,
    "max_stress_ratio_nrmse": 0.4758338177601456,
    "vs_m_s_nrmse": null,
    "implied_strength_kpa_nrmse": null,
    "normalized_implied_strength_nrmse": null,
    "implied_friction_angle_deg_nrmse": null,
    "mobilized_strength_nrmse": 0.040859035048275406,
    "mobilized_friction_angle_deg_nrmse": 0.44890847931564365
  },
  "hysteresis": {
    "layer_index": 0,
    "point_count": 240,
    "sw_gamma_peak": 2.8049538776282545e-05,
    "ref_gamma_peak": 2.6860040502993477e-05,
    "gamma_peak_pct_diff": 4.4285051363064865,
    "sw_tau_peak_kpa": 10.489456732661258,
    "ref_tau_peak_kpa": 10.957557413672664,
    "tau_peak_pct_diff": -4.271943676309802,
    "sw_loop_energy": 0.0002821633657190604,
    "ref_loop_energy": 0.00011449206940372935,
    "loop_energy_pct_diff": 146.44795677862862,
    "stress_path_nrmse": 0.3168248709681341
  },
  "layer_parity": {
    "row_count": 5,
    "gamma_max_nrmse": 0.15118192648016043,
    "tau_peak_kpa_nrmse": 0.040859035048275406,
    "secant_g_over_gmax_nrmse": 0.11732816540230397,
    "worst_gamma_layer_index": 0,
    "worst_tau_layer_index": 4,
    "worst_secant_layer_index": 3,
    "rows": [
      {
        "layer_index": 0,
        "z_mid_m": 2.0,
        "sw_gamma_max": 5.0642426561e-05,
        "ref_gamma_max": 2.9259805780019977e-05,
        "gamma_max_pct_diff": 73.07847817493418,
        "sw_tau_peak_kpa": 11.727351507,
        "ref_tau_peak_kpa": 12.1,
        "tau_peak_pct_diff": -3.0797396115702464,
        "sw_secant_g_over_gmax": 0.71814414103,
        "ref_secant_g_over_gmax": 0.8113587690390948,
        "secant_g_over_gmax_pct_diff": -11.488706545871233,
        "stress_path_nrmse": 0.3168248709681341,
        "loop_energy_pct_diff": 146.44795677862862
      },
      {
        "layer_index": 1,
        "z_mid_m": 6.0,
        "sw_gamma_max": 0.00013956927376,
        "ref_gamma_max": 0.00010238136840577661,
        "gamma_max_pct_diff": 36.32292274785141,
        "sw_tau_peak_kpa": 34.397541058,
        "ref_tau_peak_kpa": 36.1,
        "tau_peak_pct_diff": -4.715952747922437,
        "sw_secant_g_over_gmax": 0.59764319408,
        "ref_secant_g_over_gmax": 0.6918075144227482,
        "secant_g_over_gmax_pct_diff": -13.611346852934949,
        "stress_path_nrmse": null,
        "loop_energy_pct_diff": null
      },
      {
        "layer_index": 2,
        "z_mid_m": 10.0,
        "sw_gamma_max": 0.00024058538369,
        "ref_gamma_max": 0.0001855473392878404,
        "gamma_max_pct_diff": 29.662534969999662,
        "sw_tau_peak_kpa": 54.737893062,
        "ref_tau_peak_kpa": 57.6,
        "tau_peak_pct_diff": -4.968935656250006,
        "sw_secant_g_over_gmax": 0.50911315806,
        "ref_secant_g_over_gmax": 0.6090693643668219,
        "secant_g_over_gmax_pct_diff": -16.41130093790461,
        "stress_path_nrmse": null,
        "loop_energy_pct_diff": null
      },
      {
        "layer_index": 3,
        "z_mid_m": 14.0,
        "sw_gamma_max": 0.00031882968451,
        "ref_gamma_max": 0.0002599749714841779,
        "gamma_max_pct_diff": 22.63860735894111,
        "sw_tau_peak_kpa": 70.348230157,
        "ref_tau_peak_kpa": 74.7,
        "tau_peak_pct_diff": -5.825662440428379,
        "sw_secant_g_over_gmax": 0.46692100752,
        "ref_secant_g_over_gmax": 0.5637519610572196,
        "secant_g_over_gmax_pct_diff": -17.176162608043057,
        "stress_path_nrmse": null,
        "loop_energy_pct_diff": null
      },
      {
        "layer_index": 4,
        "z_mid_m": 18.0,
        "sw_gamma_max": 0.00034729070016,
        "ref_gamma_max": 0.000301760267240939,
        "gamma_max_pct_diff": 15.088279625199121,
        "sw_tau_peak_kpa": 79.422714314,
        "ref_tau_peak_kpa": 84.9,
        "tau_peak_pct_diff": -6.451455460541816,
        "sw_secant_g_over_gmax": 0.46042485345,
        "ref_secant_g_over_gmax": 0.5520070668117482,
        "secant_g_over_gmax_pct_diff": -16.5907682832221,
        "stress_path_nrmse": null,
        "loop_energy_pct_diff": null
      }
    ]
  },
  "artifacts": {
    "output_dir": "H:\\Drive'\u0131m\\GitHub_Repo\\Deepsoil\\1DSRA\\output\\baseline_iter\\mrdf_histmax\\run-3c08c6064cba\\compare_histmax",
    "json_path": "H:\\Drive'\u0131m\\GitHub_Repo\\Deepsoil\\1DSRA\\output\\baseline_iter\\mrdf_histmax\\run-3c08c6064cba\\compare_histmax\\deepsoil_compare.json",
    "markdown_path": "H:\\Drive'\u0131m\\GitHub_Repo\\Deepsoil\\1DSRA\\output\\baseline_iter\\mrdf_histmax\\run-3c08c6064cba\\compare_histmax\\deepsoil_compare.md",
    "layer_parity_csv": "H:\\Drive'\u0131m\\GitHub_Repo\\Deepsoil\\1DSRA\\output\\baseline_iter\\mrdf_histmax\\run-3c08c6064cba\\compare_histmax\\layer_parity.csv"
  }
}