{
  "run_id": "run-ed9a5655fd01",
  "run_dir": "H:\\Drive'\u0131m\\GitHub_Repo\\Deepsoil\\1DSRA\\output\\baseline_iter\\reload_factor_1p0_case\\run-ed9a5655fd01",
  "stratawave_dt_s": 0.004999999999999893,
  "deepsoil_dt_s": 0.004999999999999893,
  "overlap_duration_s": 29.99499999999936,
  "overlap_samples": 6000,
  "stratawave_pga_m_s2": 2.4610505541198786,
  "deepsoil_pga_m_s2": 3.0161205902380765,
  "pga_ratio": 0.8159655691769327,
  "pga_pct_diff": -18.403443082306723,
  "surface_rmse_m_s2": 0.2897282747207131,
  "surface_nrmse": 0.09605991075378227,
  "surface_corrcoef": 0.7623506159928317,
  "psa_point_count": 80,
  "psa_rmse_m_s2": 0.8309310471937512,
  "psa_nrmse": 0.0738952515735713,
  "psa_max_abs_diff_m_s2": 2.5641849626556734,
  "psa_pct_diff_at_peak": -22.803467692840645,
  "psa_peak_period_s": 0.16941210201752382,
  "used_reference_psa_csv": true,
  "surface_psa_peak_period_diff_pct": 11.732494130275942,
  "arias_intensity_sw": 0.9389570488957335,
  "arias_intensity_ref": 0.7032394850645711,
  "arias_intensity_ratio": 1.3351881810355386,
  "xcorr_lag_samples": 2,
  "xcorr_lag_s": 0.009999999999999787,
  "xcorr_peak_coeff": 0.7962312432184154,
  "input_history_nrmse": 3.9028023283585766e-05,
  "input_psa_nrmse": 0.014235105834099681,
  "applied_input_history_nrmse": 3.9028023283585766e-05,
  "applied_input_psa_nrmse": 0.00012773466201254687,
  "input_dt_used_s": 0.004999999999999893,
  "input_pga_loaded_m_s2": 2.146046870732979,
  "applied_input_pga_loaded_m_s2": 1.0730234353664896,
  "boundary_condition": "rigid",
  "motion_input_type": "outcrop",
  "damping_mode": "frequency_independent",
  "base_motion_semantics_ok": true,
  "reference_kind": "primary_gqh",
  "warnings": [],
  "profile": {
    "depth_points": 5,
    "compared_metrics": [
      "effective_stress_kpa",
      "pga_g",
      "max_displacement_m",
      "max_strain_pct",
      "max_stress_ratio",
      "mobilized_strength_kpa",
      "mobilized_friction_angle_deg"
    ],
    "gamma_max_nrmse": null,
    "ru_max_nrmse": null,
    "sigma_v_eff_min_nrmse": null,
    "effective_stress_kpa_nrmse": 0.614482167294058,
    "pga_g_nrmse": 0.13158919970612662,
    "max_displacement_m_nrmse": 0.3512856772580802,
    "max_strain_pct_nrmse": 0.13484841038234502,
    "max_stress_ratio_nrmse": 0.5397325823275649,
    "vs_m_s_nrmse": null,
    "implied_strength_kpa_nrmse": null,
    "normalized_implied_strength_nrmse": null,
    "implied_friction_angle_deg_nrmse": null,
    "mobilized_strength_nrmse": 0.13756129442149082,
    "mobilized_friction_angle_deg_nrmse": 0.5154812712619925
  },
  "hysteresis": {
    "layer_index": 0,
    "point_count": 240,
    "sw_gamma_peak": 2.3159934261969318e-05,
    "ref_gamma_peak": 2.6860040502993477e-05,
    "gamma_peak_pct_diff": -13.775505068995678,
    "sw_tau_peak_kpa": 7.498185826451579,
    "ref_tau_peak_kpa": 10.957557413672664,
    "tau_peak_pct_diff": -31.570645323788465,
    "sw_loop_energy": 0.00024631538260636585,
    "ref_loop_energy": 0.00011449206940372935,
    "loop_energy_pct_diff": 115.1375059330901,
    "stress_path_nrmse": 0.26942980273556505
  },
  "layer_parity": {
    "row_count": 5,
    "gamma_max_nrmse": 0.134848410382345,
    "tau_peak_kpa_nrmse": 0.13756129442149082,
    "secant_g_over_gmax_nrmse": 0.18532339406543788,
    "worst_gamma_layer_index": 0,
    "worst_tau_layer_index": 4,
    "worst_secant_layer_index": 3,
    "rows": [
      {
        "layer_index": 0,
        "z_mid_m": 2.0,
        "sw_gamma_max": 4.6175781332e-05,
        "ref_gamma_max": 2.9259805780019977e-05,
        "gamma_max_pct_diff": 57.813013794955104,
        "sw_tau_peak_kpa": 10.056172762,
        "ref_tau_peak_kpa": 12.1,
        "tau_peak_pct_diff": -16.89113419834711,
        "sw_secant_g_over_gmax": 0.68065063538,
        "ref_secant_g_over_gmax": 0.8113587690390948,
        "secant_g_over_gmax_pct_diff": -16.109782582851047,
        "stress_path_nrmse": 0.26942980273556505,
        "loop_energy_pct_diff": 115.1375059330901
      },
      {
        "layer_index": 1,
        "z_mid_m": 6.0,
        "sw_gamma_max": 0.00013412646937,
        "ref_gamma_max": 0.00010238136840577661,
        "gamma_max_pct_diff": 31.00671680652419,
        "sw_tau_peak_kpa": 29.760446961,
        "ref_tau_peak_kpa": 36.1,
        "tau_peak_pct_diff": -17.561088750692527,
        "sw_secant_g_over_gmax": 0.54459456253,
        "ref_secant_g_over_gmax": 0.6918075144227482,
        "secant_g_over_gmax_pct_diff": -21.279467022786577,
        "stress_path_nrmse": null,
        "loop_energy_pct_diff": null
      },
      {
        "layer_index": 2,
        "z_mid_m": 10.0,
        "sw_gamma_max": 0.00023454424739,
        "ref_gamma_max": 0.0001855473392878404,
        "gamma_max_pct_diff": 26.406688605839005,
        "sw_tau_peak_kpa": 46.906227524,
        "ref_tau_peak_kpa": 57.6,
        "tau_peak_pct_diff": -18.565577215277777,
        "sw_secant_g_over_gmax": 0.45070716626,
        "ref_secant_g_over_gmax": 0.6090693643668219,
        "secant_g_over_gmax_pct_diff": -26.00068356277491,
        "stress_path_nrmse": null,
        "loop_energy_pct_diff": null
      },
      {
        "layer_index": 3,
        "z_mid_m": 14.0,
        "sw_gamma_max": 0.00031776577742,
        "ref_gamma_max": 0.0002599749714841779,
        "gamma_max_pct_diff": 22.229372929978087,
        "sw_tau_peak_kpa": 60.206487573,
        "ref_tau_peak_kpa": 74.7,
        "tau_peak_pct_diff": -19.402292405622497,
        "sw_secant_g_over_gmax": 0.40307581054,
        "ref_secant_g_over_gmax": 0.5637519610572196,
        "secant_g_over_gmax_pct_diff": -28.501213586184097,
        "stress_path_nrmse": null,
        "loop_energy_pct_diff": null
      },
      {
        "layer_index": 4,
        "z_mid_m": 18.0,
        "sw_gamma_max": 0.00033704163057,
        "ref_gamma_max": 0.000301760267240939,
        "gamma_max_pct_diff": 11.691851830476674,
        "sw_tau_peak_kpa": 67.202429946,
        "ref_tau_peak_kpa": 84.9,
        "tau_peak_pct_diff": -20.845194409894006,
        "sw_secant_g_over_gmax": 0.39905405968,
        "ref_secant_g_over_gmax": 0.5520070668117482,
        "secant_g_over_gmax_pct_diff": -27.708523373652742,
        "stress_path_nrmse": null,
        "loop_energy_pct_diff": null
      }
    ]
  },
  "backbone_diagnostic": {
    "row_count": 5,
    "tau_peak_kpa_nrmse": 0.00032434026175287247,
    "secant_g_over_gmax_nrmse": 0.001194232004210919,
    "backbone_loop_energy_nrmse": 1.4303591295408211,
    "worst_tau_layer_index": 0,
    "worst_secant_layer_index": 0,
    "rows": [
      {
        "layer_index": 0,
        "z_mid_m": 2.0,
        "material": "gqh",
        "reload_factor": 1.0,
        "ref_gamma_max": 2.9259805780019977e-05,
        "ref_tau_peak_kpa": 12.1,
        "ref_secant_g_over_gmax": 0.8113587690390948,
        "sw_backbone_tau_peak_kpa": 12.129743532742133,
        "sw_backbone_tau_pct_diff": 0.24581432018291677,
        "sw_backbone_secant_g_over_gmax": 0.8133531985746272,
        "sw_backbone_secant_pct_diff": 0.2458135182164175,
        "sw_backbone_tangent_g_over_gmax": 0.6822728945235856,
        "backbone_masing_loop_energy": 0.00027825684613537493,
        "backbone_masing_loop_energy_pct_diff": 143.0359129540821
      },
      {
        "layer_index": 1,
        "z_mid_m": 6.0,
        "material": "gqh",
        "reload_factor": 1.0,
        "ref_gamma_max": 0.00010238136840577661,
        "ref_tau_peak_kpa": 36.1,
        "ref_secant_g_over_gmax": 0.6918075144227482,
        "sw_backbone_tau_peak_kpa": 36.058119371991374,
        "sw_backbone_tau_pct_diff": -0.11601281996849651,
        "sw_backbone_secant_g_over_gmax": 0.6910049234884731,
        "sw_backbone_secant_pct_diff": -0.1160136190403829,
        "sw_backbone_tangent_g_over_gmax": 0.4973337230797821,
        "backbone_masing_loop_energy": 0.0037939241580697593,
        "backbone_masing_loop_energy_pct_diff": null
      },
      {
        "layer_index": 2,
        "z_mid_m": 10.0,