{
  "run_id": "run-39d836a96524",
  "run_dir": "H:\\Drive'\u0131m\\GitHub_Repo\\Deepsoil\\1DSRA\\output\\baseline_iter\\reload_semantics_probe\\rf2_secant\\run-39d836a96524",
  "stratawave_dt_s": 0.004999999999999893,
  "deepsoil_dt_s": 0.004999999999999893,
  "overlap_duration_s": 29.99499999999936,
  "overlap_samples": 6000,
  "stratawave_pga_m_s2": 3.4160280732566046,
  "deepsoil_pga_m_s2": 3.0161205902380765,
  "pga_ratio": 1.1325900178901538,
  "pga_pct_diff": 13.259001789015388,
  "surface_rmse_m_s2": 0.45576261247089833,
  "surface_nrmse": 0.15110888269730624,
  "surface_corrcoef": 0.6946088121782039,
  "psa_point_count": 80,
  "psa_rmse_m_s2": 1.7151024822681342,
  "psa_nrmse": 0.15252520630885566,
  "psa_max_abs_diff_m_s2": 8.631315998250706,
  "psa_pct_diff_at_peak": 10.902816361966536,
  "psa_peak_period_s": 0.16941210201752382,
  "used_reference_psa_csv": true,
  "surface_psa_peak_period_diff_pct": 11.732494130275942,
  "arias_intensity_sw": 1.9006946985676598,
  "arias_intensity_ref": 0.7032394850645711,
  "arias_intensity_ratio": 2.702770164267922,
  "xcorr_lag_samples": 1,
  "xcorr_lag_s": 0.004999999999999893,
  "xcorr_peak_coeff": 0.7141047252423026,
  "input_history_nrmse": 3.9028023283585766e-05,
  "input_psa_nrmse": 0.014235105834099681,
  "applied_input_history_nrmse": 0.057151003838187726,
  "applied_input_psa_nrmse": 0.1872332908040134,
  "input_dt_used_s": 0.004999999999999893,
  "input_pga_loaded_m_s2": 2.146046870732979,
  "applied_input_pga_loaded_m_s2": 1.0730234353664896,
  "boundary_condition": "",
  "motion_input_type": "",
  "damping_mode": "",
  "base_motion_semantics_ok": null,
  "reference_kind": "primary_gqh",
  "warnings": [],
  "profile": {
    "depth_points": 5,
    "compared_metrics": [
      "pga_g",
      "max_displacement_m",
      "max_strain_pct"
    ],
    "gamma_max_nrmse": null,
    "ru_max_nrmse": null,
    "sigma_v_eff_min_nrmse": null,
    "effective_stress_kpa_nrmse": null,
    "pga_g_nrmse": 0.09514511721170325,
    "max_displacement_m_nrmse": 0.31369218454680164,
    "max_strain_pct_nrmse": 0.1989039433664118,
    "max_stress_ratio_nrmse": null,
    "vs_m_s_nrmse": null,
    "implied_strength_kpa_nrmse": null,
    "normalized_implied_strength_nrmse": null,
    "implied_friction_angle_deg_nrmse": null,
    "mobilized_strength_nrmse": null,
    "mobilized_friction_angle_deg_nrmse": null
  },
  "hysteresis": {
    "layer_index": 0,
    "point_count": 240,
    "sw_gamma_peak": 2.876961095626101e-05,
    "ref_gamma_peak": 2.6860040502993477e-05,
    "gamma_peak_pct_diff": 7.109335717698259,
    "sw_tau_peak_kpa": 11.427019705071174,
    "ref_tau_peak_kpa": 10.957557413672664,
    "tau_peak_pct_diff": 4.284369898100859,
    "sw_loop_energy": 0.0003611801522425192,
    "ref_loop_energy": 0.00011449206940372935,
    "loop_energy_pct_diff": 215.46303086627108,
    "stress_path_nrmse": 0.34012651156947177
  },
  "layer_parity": {
    "row_count": 5,
    "gamma_max_nrmse": 0.1989039433664118,
    "tau_peak_kpa_nrmse": 0.07327991260195686,
    "secant_g_over_gmax_nrmse": 0.058411992978147455,
    "worst_gamma_layer_index": 0,
    "worst_tau_layer_index": 0,
    "worst_secant_layer_index": 3,
    "rows": [
      {
        "layer_index": 0,
        "z_mid_m": 2.0,
        "sw_gamma_max": 5.6496162462e-05,
        "ref_gamma_max": 2.9259805780019977e-05,
        "gamma_max_pct_diff": 93.08454364580346,
        "sw_tau_peak_kpa": 13.829159071,
        "ref_tau_peak_kpa": 12.1,
        "tau_peak_pct_diff": 14.290570834710742,
        "sw_secant_g_over_gmax": 0.75574302876,
        "ref_secant_g_over_gmax": 0.8113587690390948,
        "secant_g_over_gmax_pct_diff": -6.854642163412049,
        "stress_path_nrmse": 0.34012651156947177,
        "loop_energy_pct_diff": 215.46303086627108
      },
      {
        "layer_index": 1,
        "z_mid_m": 6.0,
        "sw_gamma_max": 0.00014787832237,
        "ref_gamma_max": 0.00010238136840577661,
        "gamma_max_pct_diff": 44.43870469078077,
        "sw_tau_peak_kpa": 40.416032549,
        "ref_tau_peak_kpa": 36.1,
        "tau_peak_pct_diff": 11.95576883379501,
        "sw_secant_g_over_gmax": 0.65271557368,
        "ref_secant_g_over_gmax": 0.6918075144227482,
        "secant_g_over_gmax_pct_diff": -5.650696173106328,
        "stress_path_nrmse": null,
        "loop_energy_pct_diff": null
      },
      {
        "layer_index": 2,
        "z_mid_m": 10.0,
        "sw_gamma_max": 0.00025636848565,
        "ref_gamma_max": 0.0001855473392878404,
        "gamma_max_pct_diff": 38.1687749519784,
        "sw_tau_peak_kpa": 63.901273254,
        "ref_tau_peak_kpa": 57.6,
        "tau_peak_pct_diff": 10.939710510416669,
        "sw_secant_g_over_gmax": 0.55835265683,
        "ref_secant_g_over_gmax": 0.6090693643668219,
        "secant_g_over_gmax_pct_diff": -8.326918164657013,
        "stress_path_nrmse": null,
        "loop_energy_pct_diff": null
      },
      {
        "layer_index": 3,
        "z_mid_m": 14.0,
        "sw_gamma_max": 0.00034053134449,
        "ref_gamma_max": 0.0002599749714841779,
        "gamma_max_pct_diff": 30.986203227922957,
        "sw_tau_peak_kpa": 82.701795089,
        "ref_tau_peak_kpa": 74.7,
        "tau_peak_pct_diff": 10.711907749665324,
        "sw_secant_g_over_gmax": 0.51311152935,
        "ref_secant_g_over_gmax": 0.5637519610572196,
        "secant_g_over_gmax_pct_diff": -8.98275043021618,
        "stress_path_nrmse": null,
        "loop_energy_pct_diff": null
      },
      {
        "layer_index": 4,
        "z_mid_m": 18.0,
        "sw_gamma_max": 0.00036255525539,
        "ref_gamma_max": 0.000301760267240939,
        "gamma_max_pct_diff": 20.146783638854455,
        "sw_tau_peak_kpa": 93.157130874,
        "ref_tau_peak_kpa": 84.9,
        "tau_peak_pct_diff": 9.72571363250883,
        "sw_secant_g_over_gmax": 0.51363268338,
        "ref_secant_g_over_gmax": 0.5520070668117482,
        "secant_g_over_gmax_pct_diff": -6.951792058277222,
        "stress_path_nrmse": null,
        "loop_energy_pct_diff": null
      }
    ]
  },
  "backbone_diagnostic": null,
  "reload_diagnostic": null,
  "envelope_diagnostic": null,
  "artifacts": {
    "output_dir": "H:\\Drive'\u0131m\\GitHub_Repo\\Deepsoil\\1DSRA\\output\\baseline_iter\\reload_semantics_probe\\rf2_secant\\run-39d836a96524\\compare",
    "json_path": "H:\\Drive'\u0131m\\GitHub_Repo\\Deepsoil\\1DSRA\\output\\baseline_iter\\reload_semantics_probe\\rf2_secant\\run-39d836a96524\\compare\\deepsoil_compare.json",
    "markdown_path": "H:\\Drive'\u0131m\\GitHub_Repo\\Deepsoil\\1DSRA\\output\\baseline_iter\\reload_semantics_probe\\rf2_secant\\run-39d836a96524\\compare\\deepsoil_compare.md",
    "layer_parity_csv": "H:\\Drive'\u0131m\\GitHub_Repo\\Deepsoil\\1DSRA\\output\\baseline_iter\\reload_semantics_probe\\rf2_secant\\run-39d836a96524\\compare\\layer_parity.csv",
    "backbone_diagnostic_csv": null,
    "hysteresis_envelope_csv": null
  }
}