{
  "iterations": 2,
  "converged": true,
  "max_change_history": [
    0.0002838758074998233,
    0.00011355456019333465
  ],
  "layer_vs_m_s": {
    "1": 174.93045532684738,
    "2": 289.9087939481053
  },
  "layer_damping": {
    "1": 0.010075674844796004,
    "2": 0.01007485293593874
  },
  "layer_gamma_eff": {
    "1": 1.136197441503153e-06,
    "2": 7.488209235694073e-07
  },
  "layer_max_abs_strain": {
    "1": 1.7479960638510045e-06,
    "2": 1.1520321901067804e-06
  }
}