{
  "run_id": "run-126ef349b930",
  "run_dir": "H:\\Drive'\u0131m\\GitHub_Repo\\Deepsoil\\1DSRA\\output\\baseline_iter\\substeps_12\\run-126ef349b930",
  "stratawave_dt_s": 0.004999999999999893,
  "deepsoil_dt_s": 0.004999999999999893,
  "overlap_duration_s": 29.989999999999363,
  "overlap_samples": 5999,
  "stratawave_pga_m_s2": 2.870641556726335,
  "deepsoil_pga_m_s2": 3.0161205902380765,
  "pga_ratio": 0.951766174740295,
  "pga_pct_diff": -4.823382525970501,
  "surface_rmse_m_s2": 0.320635414220481,
  "surface_nrmse": 0.10630722632857159,
  "surface_corrcoef": 0.7802220450484036,
  "psa_point_count": 80,
  "psa_rmse_m_s2": 0.8592386710613655,
  "psa_nrmse": 0.07641266742198843,
  "psa_max_abs_diff_m_s2": 4.138148290945212,
  "psa_pct_diff_at_peak": -6.923931236951881,
  "psa_peak_period_s": 0.16941210201752382,
  "used_reference_psa_csv": true,
  "surface_psa_peak_period_diff_pct": 11.732494130275942,
  "arias_intensity_sw": 1.2585708786563286,
  "arias_intensity_ref": 0.7032391887594881,
  "arias_intensity_ratio": 1.789676825144577,
  "xcorr_lag_samples": 0,
  "xcorr_lag_s": 0.0,
  "xcorr_peak_coeff": 0.7802220326714796,
  "input_history_nrmse": 0.021913421177076252,
  "input_psa_nrmse": 0.014235384034179578,
  "applied_input_history_nrmse": 0.021913421177076252,
  "applied_input_psa_nrmse": 0.00012250314068310337,
  "input_dt_used_s": 0.004999999999999893,
  "input_pga_loaded_m_s2": 2.1460672722560035,
  "applied_input_pga_loaded_m_s2": 1.0730336361280017,
  "boundary_condition": "rigid",
  "motion_input_type": "outcrop",
  "damping_mode": "frequency_independent",
  "base_motion_semantics_ok": true,
  "reference_kind": "primary_gqh",
  "warnings": [],
  "profile": {
    "depth_points": 5,
    "compared_metrics": [
      "effective_stress_kpa",
      "pga_g",
      "max_displacement_m",
      "max_strain_pct",
      "max_stress_ratio",
      "mobilized_strength_kpa",
      "mobilized_friction_angle_deg"
    ],
    "gamma_max_nrmse": null,
    "ru_max_nrmse": null,
    "sigma_v_eff_min_nrmse": null,
    "effective_stress_kpa_nrmse": 0.614482167294058,
    "pga_g_nrmse": 0.05900760180751365,
    "max_displacement_m_nrmse": 0.3416394236386133,
    "max_strain_pct_nrmse": 0.1517372566974431,
    "max_stress_ratio_nrmse": 0.4759184113620918,
    "vs_m_s_nrmse": null,
    "implied_strength_kpa_nrmse": null,
    "normalized_implied_strength_nrmse": null,
    "implied_friction_angle_deg_nrmse": null,
    "mobilized_strength_nrmse": 0.04053570235251297,
    "mobilized_friction_angle_deg_nrmse": 0.4489855690075867
  },
  "hysteresis": {
    "layer_index": 0,
    "point_count": 240,
    "sw_gamma_peak": 2.78693079643473e-05,
    "ref_gamma_peak": 2.6860040502993477e-05,
    "gamma_peak_pct_diff": 3.7575053590903633,
    "sw_tau_peak_kpa": 10.441957379264261,
    "ref_tau_peak_kpa": 10.957557413672664,
    "tau_peak_pct_diff": -4.705428545280037,
    "sw_loop_energy": 0.00028331470591978585,
    "ref_loop_energy": 0.00011449206940372935,
    "loop_energy_pct_diff": 147.4535637230411,
    "stress_path_nrmse": 0.3150355123556273
  },
  "layer_parity": {
    "row_count": 5,
    "gamma_max_nrmse": 0.15173725669744306,
    "tau_peak_kpa_nrmse": 0.04053570235251297,
    "secant_g_over_gmax_nrmse": 0.11711825330079974,
    "worst_gamma_layer_index": 0,
    "worst_tau_layer_index": 4,
    "worst_secant_layer_index": 3,
    "rows": [
      {
        "layer_index": 0,
        "z_mid_m": 2.0,
        "sw_gamma_max": 5.0596924933e-05,
        "ref_gamma_max": 2.9259805780019977e-05,
        "gamma_max_pct_diff": 72.92296918645319,
        "sw_tau_peak_kpa": 11.702988519,
        "ref_tau_peak_kpa": 12.1,
        "tau_peak_pct_diff": -3.2810866198347095,
        "sw_secant_g_over_gmax": 0.71904214979,
        "ref_secant_g_over_gmax": 0.8113587690390948,
        "secant_g_over_gmax_pct_diff": -11.378026931098162,
        "stress_path_nrmse": 0.3150355123556273,
        "loop_energy_pct_diff": 147.4535637230411
      },
      {
        "layer_index": 1,
        "z_mid_m": 6.0,
        "sw_gamma_max": 0.00013972245756,
        "ref_gamma_max": 0.00010238136840577661,
        "gamma_max_pct_diff": 36.472543525914155,
        "sw_tau_peak_kpa": 34.389144906,
        "ref_tau_peak_kpa": 36.1,
        "tau_peak_pct_diff": -4.739210786703609,
        "sw_secant_g_over_gmax": 0.59699319693,
        "ref_secant_g_over_gmax": 0.6918075144227482,
        "secant_g_over_gmax_pct_diff": -13.70530321166898,
        "stress_path_nrmse": null,
        "loop_energy_pct_diff": null
      },
      {
        "layer_index": 2,
        "z_mid_m": 10.0,
        "sw_gamma_max": 0.00024078619635,
        "ref_gamma_max": 0.0001855473392878404,
        "gamma_max_pct_diff": 29.770762153838977,
        "sw_tau_peak_kpa": 54.772171018,
        "ref_tau_peak_kpa": 57.6,
        "tau_peak_pct_diff": -4.909425315972221,
        "sw_secant_g_over_gmax": 0.50890830553,
        "ref_secant_g_over_gmax": 0.6090693643668219,
        "secant_g_over_gmax_pct_diff": -16.44493463251885,
        "stress_path_nrmse": null,
        "loop_energy_pct_diff": null
      },
      {
        "layer_index": 3,
        "z_mid_m": 14.0,
        "sw_gamma_max": 0.00031920998292,
        "ref_gamma_max": 0.0002599749714841779,
        "gamma_max_pct_diff": 22.78489005985992,
        "sw_tau_peak_kpa": 70.426912402,
        "ref_tau_peak_kpa": 74.7,
        "tau_peak_pct_diff": -5.720331456492642,
        "sw_secant_g_over_gmax": 0.46778047904,
        "ref_secant_g_over_gmax": 0.5637519610572196,
        "secant_g_over_gmax_pct_diff": -17.02370699291966,
        "stress_path_nrmse": null,
        "loop_energy_pct_diff": null
      },
      {
        "layer_index": 4,
        "z_mid_m": 18.0,
        "sw_gamma_max": 0.00034729139061,
        "ref_gamma_max": 0.000301760267240939,
        "gamma_max_pct_diff": 15.088508432658209,
        "sw_tau_peak_kpa": 79.433883994,
        "ref_tau_peak_kpa": 84.9,
        "tau_peak_pct_diff": -6.438299182567734,
        "sw_secant_g_over_gmax": 0.46038936773,
        "ref_secant_g_over_gmax": 0.5520070668117482,
        "secant_g_over_gmax_pct_diff": -16.597196773387086,
        "stress_path_nrmse": null,
        "loop_energy_pct_diff": null
      }
    ]
  },
  "artifacts": {
    "output_dir": "H:\\Drive'\u0131m\\GitHub_Repo\\Deepsoil\\1DSRA\\output\\baseline_iter\\substeps_12\\run-126ef349b930\\compare",
    "json_path": "H:\\Drive'\u0131m\\GitHub_Repo\\Deepsoil\\1DSRA\\output\\baseline_iter\\substeps_12\\run-126ef349b930\\compare\\deepsoil_compare.json",
    "markdown_path": "H:\\Drive'\u0131m\\GitHub_Repo\\Deepsoil\\1DSRA\\output\\baseline_iter\\substeps_12\\run-126ef349b930\\compare\\deepsoil_compare.md",
    "layer_parity_csv": "H:\\Drive'\u0131m\\GitHub_Repo\\Deepsoil\\1DSRA\\output\\baseline_iter\\substeps_12\\run-126ef349b930\\compare\\layer_parity.csv"
  }
}