{
  "run_id": "run-b605a335966b",
  "run_dir": "H:\\Drive'\u0131m\\GitHub_Repo\\Deepsoil\\1DSRA\\output\\baseline_iter\\tangent_floor_sweep\\tan_035_e05\\run-b605a335966b",
  "stratawave_dt_s": 0.004999999999999893,
  "deepsoil_dt_s": 0.004999999999999893,
  "overlap_duration_s": 29.989999999999363,
  "overlap_samples": 5999,
  "stratawave_pga_m_s2": 2.6815650895037293,
  "deepsoil_pga_m_s2": 3.0161205902380765,
  "pga_ratio": 0.8890775449041515,
  "pga_pct_diff": -11.092245509584853,
  "surface_rmse_m_s2": 0.31780615079272734,
  "surface_nrmse": 0.10536917914408143,
  "surface_corrcoef": 0.7642220270088086,
  "psa_point_count": 80,
  "psa_rmse_m_s2": 0.7776433561771624,
  "psa_nrmse": 0.06915634171246535,
  "psa_max_abs_diff_m_s2": 2.8083236888628846,
  "psa_pct_diff_at_peak": -12.0051820998216,
  "psa_peak_period_s": 0.16941210201752382,
  "used_reference_psa_csv": true,
  "surface_psa_peak_period_diff_pct": 11.732494130275942,
  "arias_intensity_sw": 1.165750274019389,
  "arias_intensity_ref": 0.7032391887594881,
  "arias_intensity_ratio": 1.6576867339770542,
  "xcorr_lag_samples": 1,
  "xcorr_lag_s": 0.004999999999999893,
  "xcorr_peak_coeff": 0.7657728666984018,
  "input_history_nrmse": 0.021913421177076252,
  "input_psa_nrmse": 0.014235384034179578,
  "applied_input_history_nrmse": 0.021913421177076252,
  "applied_input_psa_nrmse": 0.00012250314068310337,
  "input_dt_used_s": 0.004999999999999893,
  "input_pga_loaded_m_s2": 2.1460672722560035,
  "applied_input_pga_loaded_m_s2": 1.0730336361280017,
  "boundary_condition": "rigid",
  "motion_input_type": "outcrop",
  "damping_mode": "frequency_independent",
  "base_motion_semantics_ok": true,
  "reference_kind": "primary_gqh",
  "warnings": [],
  "profile": {
    "depth_points": 5,
    "compared_metrics": [
      "effective_stress_kpa",
      "pga_g",
      "max_displacement_m",
      "max_strain_pct",
      "max_stress_ratio",
      "mobilized_strength_kpa",
      "mobilized_friction_angle_deg"
    ],
    "gamma_max_nrmse": null,
    "ru_max_nrmse": null,
    "sigma_v_eff_min_nrmse": null,
    "effective_stress_kpa_nrmse": 0.614482167294058,
    "pga_g_nrmse": 0.09387037436169912,
    "max_displacement_m_nrmse": 0.3239843302773567,
    "max_strain_pct_nrmse": 0.19090947946923204,
    "max_stress_ratio_nrmse": 0.4508022758594201,
    "vs_m_s_nrmse": null,
    "implied_strength_kpa_nrmse": null,
    "normalized_implied_strength_nrmse": null,
    "implied_friction_angle_deg_nrmse": null,
    "mobilized_strength_nrmse": 0.037250023909259744,
    "mobilized_friction_angle_deg_nrmse": 0.42351837751884336
  },
  "hysteresis": {
    "layer_index": 0,
    "point_count": 240,
    "sw_gamma_peak": 2.6488635848400565e-05,
    "ref_gamma_peak": 2.6860040502993477e-05,
    "gamma_peak_pct_diff": -1.3827404860075312,
    "sw_tau_peak_kpa": 10.597670374132326,
    "ref_tau_peak_kpa": 10.957557413672664,
    "tau_peak_pct_diff": -3.2843728392540887,
    "sw_loop_energy": 0.00016698364765143858,
    "ref_loop_energy": 0.00011449206940372935,
    "loop_energy_pct_diff": 45.847348660115514,
    "stress_path_nrmse": 0.31374103589747987
  },
  "layer_parity": {
    "row_count": 5,
    "gamma_max_nrmse": 0.19090947946923204,
    "tau_peak_kpa_nrmse": 0.037250023909259744,
    "secant_g_over_gmax_nrmse": 0.09176418701180115,
    "worst_gamma_layer_index": 0,
    "worst_tau_layer_index": 4,
    "worst_secant_layer_index": 4,
    "rows": [
      {
        "layer_index": 0,
        "z_mid_m": 2.0,
        "sw_gamma_max": 4.8524297974e-05,
        "ref_gamma_max": 2.9259805780019977e-05,
        "gamma_max_pct_diff": 65.83943973795874,
        "sw_tau_peak_kpa": 11.771487799,
        "ref_tau_peak_kpa": 12.1,
        "tau_peak_pct_diff": -2.714976867768585,
        "sw_secant_g_over_gmax": 0.76522447803,
        "ref_secant_g_over_gmax": 0.8113587690390948,
        "secant_g_over_gmax_pct_diff": -5.686053170255657,
        "stress_path_nrmse": 0.31374103589747987,
        "loop_energy_pct_diff": 45.847348660115514
      },
      {
        "layer_index": 1,
        "z_mid_m": 6.0,
        "sw_gamma_max": 0.00014227310504,
        "ref_gamma_max": 0.00010238136840577661,
        "gamma_max_pct_diff": 38.9638634991839,
        "sw_tau_peak_kpa": 38.279196344,
        "ref_tau_peak_kpa": 36.1,
        "tau_peak_pct_diff": 6.036554969529079,
        "sw_secant_g_over_gmax": 0.66363852463,
        "ref_secant_g_over_gmax": 0.6918075144227482,
        "secant_g_over_gmax_pct_diff": -4.071795868862859,
        "stress_path_nrmse": null,
        "loop_energy_pct_diff": null
      },
      {
        "layer_index": 2,
        "z_mid_m": 10.0,
        "sw_gamma_max": 0.0002467554201,
        "ref_gamma_max": 0.0001855473392878404,
        "gamma_max_pct_diff": 32.98785153540102,
        "sw_tau_peak_kpa": 57.885119082,
        "ref_tau_peak_kpa": 57.6,
        "tau_peak_pct_diff": 0.49499840625000235,
        "sw_secant_g_over_gmax": 0.52331793975,
        "ref_secant_g_over_gmax": 0.6090693643668219,
        "secant_g_over_gmax_pct_diff": -14.079090105930325,
        "stress_path_nrmse": null,
        "loop_energy_pct_diff": null
      },
      {
        "layer_index": 3,
        "z_mid_m": 14.0,
        "sw_gamma_max": 0.00035095791835,
        "ref_gamma_max": 0.0002599749714841779,
        "gamma_max_pct_diff": 34.99681001844416,
        "sw_tau_peak_kpa": 77.702697989,
        "ref_tau_peak_kpa": 74.7,
        "tau_peak_pct_diff": 4.019676022757694,
        "sw_secant_g_over_gmax": 0.48113227447,
        "ref_secant_g_over_gmax": 0.5637519610572196,
        "secant_g_over_gmax_pct_diff": -14.655325798296223,
        "stress_path_nrmse": null,
        "loop_energy_pct_diff": null
      },
      {
        "layer_index": 4,
        "z_mid_m": 18.0,
        "sw_gamma_max": 0.00035282030191,
        "ref_gamma_max": 0.000301760267240939,
        "gamma_max_pct_diff": 16.920728211143963,
        "sw_tau_peak_kpa": 78.895536577,
        "ref_tau_peak_kpa": 84.9,
        "tau_peak_pct_diff": -7.072395080094233,
        "sw_secant_g_over_gmax": 0.44897519566,
        "ref_secant_g_over_gmax": 0.5520070668117482,
        "secant_g_over_gmax_pct_diff": -18.664955096831267,
        "stress_path_nrmse": null,
        "loop_energy_pct_diff": null
      }
    ]
  },
  "backbone_diagnostic": {
    "row_count": 5,
    "tau_peak_kpa_nrmse": 0.00032434026175287247,
    "secant_g_over_gmax_nrmse": 0.001194232004210919,
    "backbone_loop_energy_nrmse": 1.4303591295408211,
    "worst_tau_layer_index": 0,
    "worst_secant_layer_index": 0,
    "rows": [
      {
        "layer_index": 0,
        "z_mid_m": 2.0,
        "material": "gqh",
        "reload_factor": 1.1,
        "ref_gamma_max": 2.9259805780019977e-05,
        "ref_tau_peak_kpa": 12.1,
        "ref_secant_g_over_gmax": 0.8113587690390948,
        "sw_backbone_tau_peak_kpa": 12.129743532742133,
        "sw_backbone_tau_pct_diff": 0.24581432018291677,
        "sw_backbone_secant_g_over_gmax": 0.8133531985746272,
        "sw_backbone_secant_pct_diff": 0.2458135182164175,
        "sw_backbone_tangent_g_over_gmax": 0.6822728945235856,
        "backbone_masing_loop_energy": 0.00027825684613537493,
        "backbone_masing_loop_energy_pct_diff": 143.0359129540821
      },
      {
        "layer_index": 1,
        "z_mid_m": 6.0,
        "material": "gqh",
        "reload_factor": 1.1,
        "ref_gamma_max": 0.00010238136840577661,
        "ref_tau_peak_kpa": 36.1,
        "ref_secant_g_over_gmax": 0.6918075144227482,
        "sw_backbone_tau_peak_kpa": 36.058119371991374,
        "sw_backbone_tau_pct_diff": -0.11601281996849651,
        "sw_backbone_secant_g_over_gmax": 0.6910049234884731,
        "sw_backbone_secant_pct_diff": -0.1160136190403829,
        "sw_backbone_tangent_g_over_gmax": 0.4973337230797821,
        "backbone_masing_loop_energy": 0.0037939241580697593,
        "backbone_masing_loop_energy_pct_diff": null
      },
      {
        "layer_index": 2,
        "z_mid_m": 10.0,