{
  "run_id": "run-0724dfb421f7",
  "run_dir": "H:\\Drive'\u0131m\\GitHub_Repo\\Deepsoil\\1DSRA\\output\\baseline_iter\\reload_factor_compare_exact\\rf_0p8\\run-0724dfb421f7",
  "stratawave_dt_s": 0.004999999999999893,
  "deepsoil_dt_s": 0.004999999999999893,
  "overlap_duration_s": 29.99499999999936,
  "overlap_samples": 6000,
  "stratawave_pga_m_s2": 2.285416435816806,
  "deepsoil_pga_m_s2": 3.0161205902380765,
  "pga_ratio": 0.7577337733821867,
  "pga_pct_diff": -24.22662266178133,
  "surface_rmse_m_s2": 0.27887223184129606,
  "surface_nrmse": 0.09246057095465054,
  "surface_corrcoef": 0.7563483850806684,
  "psa_point_count": 80,
  "psa_rmse_m_s2": 0.937111387275685,
  "psa_nrmse": 0.08333793995189148,
  "psa_max_abs_diff_m_s2": 3.249198571704781,
  "psa_pct_diff_at_peak": -28.895339352102493,
  "psa_peak_period_s": 0.16941210201752382,
  "used_reference_psa_csv": true,
  "surface_psa_peak_period_diff_pct": 11.732494130275942,
  "arias_intensity_sw": 0.8168207473015693,
  "arias_intensity_ref": 0.7032394850645711,
  "arias_intensity_ratio": 1.1615114973621954,
  "xcorr_lag_samples": 2,
  "xcorr_lag_s": 0.009999999999999787,
  "xcorr_peak_coeff": 0.8021186398197792,
  "input_history_nrmse": 3.9028023283585766e-05,
  "input_psa_nrmse": 0.014235105834099681,
  "applied_input_history_nrmse": 3.9028023283585766e-05,
  "applied_input_psa_nrmse": 0.00012773466201254687,
  "input_dt_used_s": 0.004999999999999893,
  "input_pga_loaded_m_s2": 2.146046870732979,
  "applied_input_pga_loaded_m_s2": 1.0730234353664896,
  "boundary_condition": "rigid",
  "motion_input_type": "outcrop",
  "damping_mode": "frequency_independent",
  "base_motion_semantics_ok": true,
  "reference_kind": "primary_gqh",
  "warnings": [],
  "profile": {
    "depth_points": 5,
    "compared_metrics": [
      "effective_stress_kpa",
      "pga_g",
      "max_displacement_m",
      "max_strain_pct",
      "max_stress_ratio",
      "mobilized_strength_kpa",
      "mobilized_friction_angle_deg"
    ],
    "gamma_max_nrmse": null,
    "ru_max_nrmse": null,
    "sigma_v_eff_min_nrmse": null,
    "effective_stress_kpa_nrmse": 0.614482167294058,
    "pga_g_nrmse": 0.16951872497680434,
    "max_displacement_m_nrmse": 0.36469060123666797,
    "max_strain_pct_nrmse": 0.11770039400755951,
    "max_stress_ratio_nrmse": 0.569089498036812,
    "vs_m_s_nrmse": null,
    "implied_strength_kpa_nrmse": null,
    "normalized_implied_strength_nrmse": null,
    "implied_friction_angle_deg_nrmse": null,
    "mobilized_strength_nrmse": 0.18292250204361218,
    "mobilized_friction_angle_deg_nrmse": 0.54647056755953
  },
  "hysteresis": {
    "layer_index": 0,
    "point_count": 240,
    "sw_gamma_peak": 2.4895524858057814e-05,
    "ref_gamma_peak": 2.6860040502993477e-05,
    "gamma_peak_pct_diff": -7.3138968078500195,
    "sw_tau_peak_kpa": 8.423874763505296,
    "ref_tau_peak_kpa": 10.957557413672664,
    "tau_peak_pct_diff": -23.12269563840824,
    "sw_loop_energy": 0.00023239192744312222,
    "ref_loop_energy": 0.00011449206940372935,
    "loop_energy_pct_diff": 102.97644077306941,
    "stress_path_nrmse": 0.2545955141384049
  },
  "layer_parity": {
    "row_count": 5,
    "gamma_max_nrmse": 0.11770039400755948,
    "tau_peak_kpa_nrmse": 0.18292250204361218,
    "secant_g_over_gmax_nrmse": 0.21811175236703492,
    "worst_gamma_layer_index": 0,
    "worst_tau_layer_index": 4,
    "worst_secant_layer_index": 3,
    "rows": [
      {
        "layer_index": 0,
        "z_mid_m": 2.0,
        "sw_gamma_max": 4.5351732341e-05,
        "ref_gamma_max": 2.9259805780019977e-05,
        "gamma_max_pct_diff": 54.99669643046084,
        "sw_tau_peak_kpa": 9.3019910285,
        "ref_tau_peak_kpa": 12.1,
        "tau_peak_pct_diff": -23.124041086776856,
        "sw_secant_g_over_gmax": 0.6464889397,
        "ref_secant_g_over_gmax": 0.8113587690390948,
        "secant_g_over_gmax_pct_diff": -20.320212910788253,
        "stress_path_nrmse": 0.2545955141384049,
        "loop_energy_pct_diff": 102.97644077306941
      },
      {
        "layer_index": 1,
        "z_mid_m": 6.0,
        "sw_gamma_max": 0.0001316065508,
        "ref_gamma_max": 0.00010238136840577661,
        "gamma_max_pct_diff": 28.54541099547799,
        "sw_tau_peak_kpa": 27.650383053,
        "ref_tau_peak_kpa": 36.1,
        "tau_peak_pct_diff": -23.40614112742383,
        "sw_secant_g_over_gmax": 0.51692612131,
        "ref_secant_g_over_gmax": 0.6918075144227482,
        "secant_g_over_gmax_pct_diff": -25.278909157075457,
        "stress_path_nrmse": null,
        "loop_energy_pct_diff": null
      },
      {
        "layer_index": 2,
        "z_mid_m": 10.0,
        "sw_gamma_max": 0.00023105532275,
        "ref_gamma_max": 0.0001855473392878404,
        "gamma_max_pct_diff": 24.526346557609667,
        "sw_tau_peak_kpa": 43.377855915,
        "ref_tau_peak_kpa": 57.6,
        "tau_peak_pct_diff": -24.691222369791674,
        "sw_secant_g_over_gmax": 0.42458329485,
        "ref_secant_g_over_gmax": 0.6090693643668219,
        "secant_g_over_gmax_pct_diff": -30.289829091734152,
        "stress_path_nrmse": null,
        "loop_energy_pct_diff": null
      },
      {
        "layer_index": 3,
        "z_mid_m": 14.0,
        "sw_gamma_max": 0.00031133025101,
        "ref_gamma_max": 0.0002599749714841779,
        "gamma_max_pct_diff": 19.753932169946456,
        "sw_tau_peak_kpa": 55.429811526,
        "ref_tau_peak_kpa": 74.7,
        "tau_peak_pct_diff": -25.796771718875505,
        "sw_secant_g_over_gmax": 0.37814397368,
        "ref_secant_g_over_gmax": 0.5637519610572196,
        "secant_g_over_gmax_pct_diff": -32.923696979988115,
        "stress_path_nrmse": null,
        "loop_energy_pct_diff": null
      },
      {
        "layer_index": 4,
        "z_mid_m": 18.0,
        "sw_gamma_max": 0.00032380547422,
        "ref_gamma_max": 0.000301760267240939,
        "gamma_max_pct_diff": 7.305536670094183,
        "sw_tau_peak_kpa": 61.382160497,
        "ref_tau_peak_kpa": 84.9,
        "tau_peak_pct_diff": -27.70063545700825,
        "sw_secant_g_over_gmax": 0.37783648625,
        "ref_secant_g_over_gmax": 0.5520070668117482,
        "secant_g_over_gmax_pct_diff": -31.552237468210862,
        "stress_path_nrmse": null,
        "loop_energy_pct_diff": null
      }
    ]
  },
  "backbone_diagnostic": {
    "row_count": 5,
    "tau_peak_kpa_nrmse": 0.00032434026175287247,
    "secant_g_over_gmax_nrmse": 0.001194232004210919,
    "backbone_loop_energy_nrmse": 1.4303591295408211,
    "worst_tau_layer_index": 0,
    "worst_secant_layer_index": 0,
    "rows": [
      {
        "layer_index": 0,
        "z_mid_m": 2.0,
        "material": "gqh",
        "reload_factor": 0.8,
        "ref_gamma_max": 2.9259805780019977e-05,
        "ref_tau_peak_kpa": 12.1,
        "ref_secant_g_over_gmax": 0.8113587690390948,
        "sw_backbone_tau_peak_kpa": 12.129743532742133,
        "sw_backbone_tau_pct_diff": 0.24581432018291677,
        "sw_backbone_secant_g_over_gmax": 0.8133531985746272,
        "sw_backbone_secant_pct_diff": 0.2458135182164175,
        "sw_backbone_tangent_g_over_gmax": 0.6822728945235856,
        "backbone_masing_loop_energy": 0.00027825684613537493,
        "backbone_masing_loop_energy_pct_diff": 143.0359129540821
      },
      {
        "layer_index": 1,
        "z_mid_m": 6.0,
        "material": "gqh",
        "reload_factor": 0.8,
        "ref_gamma_max": 0.00010238136840577661,
        "ref_tau_peak_kpa": 36.1,
        "ref_secant_g_over_gmax": 0.6918075144227482,
        "sw_backbone_tau_peak_kpa": 36.058119371991374,
        "sw_backbone_tau_pct_diff": -0.11601281996849651,
        "sw_backbone_secant_g_over_gmax": 0.6910049234884731,
        "sw_backbone_secant_pct_diff": -0.1160136190403829,
        "sw_backbone_tangent_g_over_gmax": 0.4973337230797821,
        "backbone_masing_loop_energy": 0.0037939241580697593,
        "backbone_masing_loop_energy_pct_diff": null
      },
      {
        "layer_index": 2,
        "z_mid_m": 10.0,