{
  "run_id": "run-3c08c6064cba",
  "run_dir": "H:\\Drive'\u0131m\\GitHub_Repo\\Deepsoil\\1DSRA\\output\\baseline_iter\\newmark_iterative\\run-3c08c6064cba",
  "stratawave_dt_s": 0.004999999999999893,
  "deepsoil_dt_s": 0.004999999999999893,
  "overlap_duration_s": 29.989999999999363,
  "overlap_samples": 5999,
  "stratawave_pga_m_s2": 2.869451717137513,
  "deepsoil_pga_m_s2": 3.0161205902380765,
  "pga_ratio": 0.9513716813660338,
  "pga_pct_diff": -4.862831863396621,
  "surface_rmse_m_s2": 0.32077386523027396,
  "surface_nrmse": 0.10635313000040791,
  "surface_corrcoef": 0.7799880932519625,
  "psa_point_count": 80,
  "psa_rmse_m_s2": 0.8584637159835223,
  "psa_nrmse": 0.07634375015065907,
  "psa_max_abs_diff_m_s2": 4.129700829430023,
  "psa_pct_diff_at_peak": -6.995152507593789,
  "psa_peak_period_s": 0.16941210201752382,
  "used_reference_psa_csv": true,
  "surface_psa_peak_period_diff_pct": 11.732494130275942,
  "arias_intensity_sw": 1.2585380595078055,
  "arias_intensity_ref": 0.7032391887594881,
  "arias_intensity_ratio": 1.7896301566012882,
  "xcorr_lag_samples": 0,
  "xcorr_lag_s": 0.0,
  "xcorr_peak_coeff": 0.7799880812856053,
  "input_history_nrmse": 0.021913421177076252,
  "input_psa_nrmse": 0.014235384034179578,
  "applied_input_history_nrmse": 0.021913421177076252,
  "applied_input_psa_nrmse": 0.00012250314068310337,
  "input_dt_used_s": 0.004999999999999893,
  "input_pga_loaded_m_s2": 2.1460672722560035,
  "applied_input_pga_loaded_m_s2": 1.0730336361280017,
  "boundary_condition": "rigid",
  "motion_input_type": "outcrop",
  "damping_mode": "frequency_independent",
  "base_motion_semantics_ok": true,
  "reference_kind": "primary_gqh",
  "warnings": [],
  "profile": {
    "depth_points": 5,
    "compared_metrics": [
      "effective_stress_kpa",
      "pga_g",
      "max_displacement_m",
      "max_strain_pct",
      "max_stress_ratio",
      "mobilized_strength_kpa",
      "mobilized_friction_angle_deg"
    ],
    "gamma_max_nrmse": null,
    "ru_max_nrmse": null,
    "sigma_v_eff_min_nrmse": null,
    "effective_stress_kpa_nrmse": 0.614482167294058,
    "pga_g_nrmse": 0.05912735337135454,
    "max_displacement_m_nrmse": 0.3417410494524027,
    "max_strain_pct_nrmse": 0.15172753113867773,
    "max_stress_ratio_nrmse": 0.4755139148863543,
    "vs_m_s_nrmse": null,
    "implied_strength_kpa_nrmse": null,
    "normalized_implied_strength_nrmse": null,
    "implied_friction_angle_deg_nrmse": null,
    "mobilized_strength_nrmse": 0.040584146263807595,
    "mobilized_friction_angle_deg_nrmse": 0.44858279994566974
  },
  "hysteresis": {
    "layer_index": 0,
    "point_count": 240,
    "sw_gamma_peak": 2.6425955852441467e-05,
    "ref_gamma_peak": 2.6860040502993477e-05,
    "gamma_peak_pct_diff": -1.6160982724640045,
    "sw_tau_peak_kpa": 9.98050743816199,
    "ref_tau_peak_kpa": 10.957557413672664,
    "tau_peak_pct_diff": -8.916676761296516,
    "sw_loop_energy": 0.00028362650045575066,
    "ref_loop_energy": 0.00011449206940372935,
    "loop_energy_pct_diff": 147.7258922236863,
    "stress_path_nrmse": 0.3152970360085437
  },
  "layer_parity": {
    "row_count": 5,
    "gamma_max_nrmse": 0.15172753113867765,
    "tau_peak_kpa_nrmse": 0.040584146263807595,
    "secant_g_over_gmax_nrmse": 0.11741451619398412,
    "worst_gamma_layer_index": 0,
    "worst_tau_layer_index": 4,
    "worst_secant_layer_index": 3,
    "rows": [
      {
        "layer_index": 0,
        "z_mid_m": 2.0,
        "sw_gamma_max": 5.0668129332e-05,
        "ref_gamma_max": 2.9259805780019977e-05,
        "gamma_max_pct_diff": 73.16632144769284,
        "sw_tau_peak_kpa": 11.750471753,
        "ref_tau_peak_kpa": 12.1,
        "tau_peak_pct_diff": -2.88866319834711,
        "sw_secant_g_over_gmax": 0.71823980953,
        "ref_secant_g_over_gmax": 0.8113587690390948,
        "secant_g_over_gmax_pct_diff": -11.476915399506565,
        "stress_path_nrmse": 0.3152970360085437,
        "loop_energy_pct_diff": 147.7258922236863
      },
      {
        "layer_index": 1,
        "z_mid_m": 6.0,
        "sw_gamma_max": 0.00013961457996,
        "ref_gamma_max": 0.00010238136840577661,
        "gamma_max_pct_diff": 36.36717513547378,
        "sw_tau_peak_kpa": 34.406259194,
        "ref_tau_peak_kpa": 36.1,
        "tau_peak_pct_diff": -4.691802786703604,
        "sw_secant_g_over_gmax": 0.5975619405,
        "ref_secant_g_over_gmax": 0.6918075144227482,
        "secant_g_over_gmax_pct_diff": -13.623091966757224,
        "stress_path_nrmse": null,
        "loop_energy_pct_diff": null
      },
      {
        "layer_index": 2,
        "z_mid_m": 10.0,
        "sw_gamma_max": 0.00024069602907,
        "ref_gamma_max": 0.0001855473392878404,
        "gamma_max_pct_diff": 29.722166857163707,
        "sw_tau_peak_kpa": 54.752295987,
        "ref_tau_peak_kpa": 57.6,
        "tau_peak_pct_diff": -4.943930578125008,
        "sw_secant_g_over_gmax": 0.50903224895,
        "ref_secant_g_over_gmax": 0.6090693643668219,
        "secant_g_over_gmax_pct_diff": -16.42458499301123,
        "stress_path_nrmse": null,
        "loop_energy_pct_diff": null
      },
      {
        "layer_index": 3,
        "z_mid_m": 14.0,
        "sw_gamma_max": 0.0003190405721,
        "ref_gamma_max": 0.0002599749714841779,
        "gamma_max_pct_diff": 22.71972577922443,
        "sw_tau_peak_kpa": 70.371694355,
        "ref_tau_peak_kpa": 74.7,
        "tau_peak_pct_diff": -5.794251198125837,
        "sw_secant_g_over_gmax": 0.46683058503,
        "ref_secant_g_over_gmax": 0.5637519610572196,
        "secant_g_over_gmax_pct_diff": -17.192202018323847,
        "stress_path_nrmse": null,
        "loop_energy_pct_diff": null
      },
      {
        "layer_index": 4,
        "z_mid_m": 18.0,
        "sw_gamma_max": 0.00034765945494,
        "ref_gamma_max": 0.000301760267240939,
        "gamma_max_pct_diff": 15.210480862416864,
        "sw_tau_peak_kpa": 79.46621542,
        "ref_tau_peak_kpa": 84.9,
        "tau_peak_pct_diff": -6.400217408716146,
        "sw_secant_g_over_gmax": 0.46023104621,
        "ref_secant_g_over_gmax": 0.5520070668117482,
        "secant_g_over_gmax_pct_diff": -16.62587784098907,
        "stress_path_nrmse": null,
        "loop_energy_pct_diff": null
      }
    ]
  },
  "artifacts": {
    "output_dir": "H:\\Drive'\u0131m\\GitHub_Repo\\Deepsoil\\1DSRA\\output\\baseline_iter\\newmark_iterative\\run-3c08c6064cba\\compare",
    "json_path": "H:\\Drive'\u0131m\\GitHub_Repo\\Deepsoil\\1DSRA\\output\\baseline_iter\\newmark_iterative\\run-3c08c6064cba\\compare\\deepsoil_compare.json",
    "markdown_path": "H:\\Drive'\u0131m\\GitHub_Repo\\Deepsoil\\1DSRA\\output\\baseline_iter\\newmark_iterative\\run-3c08c6064cba\\compare\\deepsoil_compare.md",
    "layer_parity_csv": "H:\\Drive'\u0131m\\GitHub_Repo\\Deepsoil\\1DSRA\\output\\baseline_iter\\newmark_iterative\\run-3c08c6064cba\\compare\\layer_parity.csv"
  }
}