{
  "run_id": "run-86b89e204743",
  "run_dir": "H:\\Drive'\u0131m\\GitHub_Repo\\Deepsoil\\1DSRA\\output\\baseline_iter\\variant_runs_refit\\mrd_soft90_refit\\run-86b89e204743",
  "stratawave_dt_s": 0.004999999999999893,
  "deepsoil_dt_s": 0.004999999999999893,
  "overlap_duration_s": 29.99499999999936,
  "overlap_samples": 6000,
  "stratawave_pga_m_s2": 14.211700135413567,
  "deepsoil_pga_m_s2": 3.0161205902380765,
  "pga_ratio": 4.711913768106921,
  "pga_pct_diff": 371.1913768106922,
  "surface_rmse_m_s2": 2.503262083815872,
  "surface_nrmse": 0.8299608748800127,
  "surface_corrcoef": 0.5731924901772529,
  "psa_point_count": 80,
  "psa_rmse_m_s2": 19.070712298500155,
  "psa_nrmse": 1.695971149163563,
  "psa_max_abs_diff_m_s2": 41.26342082172182,
  "psa_pct_diff_at_peak": 329.20378854695633,
  "psa_peak_period_s": 0.16941210201752382,
  "used_reference_psa_csv": true,
  "surface_psa_peak_period_diff_pct": 0.0,
  "arias_intensity_sw": 35.09300934673027,
  "arias_intensity_ref": 0.7032394850645711,
  "arias_intensity_ratio": 49.90193254508177,
  "xcorr_lag_samples": 3,
  "xcorr_lag_s": 0.01499999999999968,
  "xcorr_peak_coeff": 0.6607019114326327,
  "input_history_nrmse": 1.0062741449790598,
  "input_psa_nrmse": 3.4412024257890197,
  "applied_input_history_nrmse": 1.0062741449790598,
  "applied_input_psa_nrmse": 3.296672167787897,
  "input_dt_used_s": 0.004999999999999893,
  "input_pga_loaded_m_s2": 21.052719801890525,
  "applied_input_pga_loaded_m_s2": 10.526359900945263,
  "boundary_condition": "rigid",
  "motion_input_type": "outcrop",
  "damping_mode": "frequency_independent",
  "base_motion_semantics_ok": true,
  "reference_kind": "primary_gqh",
  "warnings": [],
  "profile": {
    "depth_points": 5,
    "compared_metrics": [
      "effective_stress_kpa",
      "pga_g",
      "max_displacement_m",
      "max_strain_pct",
      "max_stress_ratio",
      "mobilized_strength_kpa",
      "mobilized_friction_angle_deg"
    ],
    "gamma_max_nrmse": null,
    "ru_max_nrmse": null,
    "sigma_v_eff_min_nrmse": null,
    "effective_stress_kpa_nrmse": 0.0,
    "pga_g_nrmse": 3.7780697303995567,
    "max_displacement_m_nrmse": 5.506285357168274,
    "max_strain_pct_nrmse": 7.990407102783246,
    "max_stress_ratio_nrmse": 2.333804480797976,
    "vs_m_s_nrmse": null,
    "implied_strength_kpa_nrmse": null,
    "normalized_implied_strength_nrmse": null,
    "implied_friction_angle_deg_nrmse": null,
    "mobilized_strength_nrmse": 1.598608597818526,
    "mobilized_friction_angle_deg_nrmse": 1.0800490467707125
  },
  "hysteresis": {
    "layer_index": 0,
    "point_count": 240,
    "gamma_peak_pct_diff": 460.69578262259927,
    "tau_peak_pct_diff": 354.71842252827383,
    "loop_energy_pct_diff": 2260.054935142664,
    "stress_path_nrmse": 1.147404171718379
  },
  "artifacts": null
}