{
  "run_id": "run-06695f88ceb5",
  "run_dir": "H:\\Drive'\u0131m\\GitHub_Repo\\Deepsoil\\1DSRA\\output\\baseline_iter\\mrdf_blend_sweep\\blend_0_3\\run-06695f88ceb5",
  "stratawave_dt_s": 0.004999999999999893,
  "deepsoil_dt_s": 0.004999999999999893,
  "overlap_duration_s": 29.99499999999936,
  "overlap_samples": 6000,
  "stratawave_pga_m_s2": 2.678967142207766,
  "deepsoil_pga_m_s2": 3.0161205902380765,
  "pga_ratio": 0.888216190983366,
  "pga_pct_diff": -11.178380901663395,
  "surface_rmse_m_s2": 0.3319194409660567,
  "surface_nrmse": 0.11004846491899972,
  "surface_corrcoef": 0.7119870988551058,
  "psa_point_count": 80,
  "psa_rmse_m_s2": 0.8708660433726566,
  "psa_nrmse": 0.07744669738751225,
  "psa_max_abs_diff_m_s2": 2.9399971527339925,
  "psa_pct_diff_at_peak": -17.718854952935732,
  "psa_peak_period_s": 0.16941210201752382,
  "used_reference_psa_csv": true,
  "surface_psa_peak_period_diff_pct": 11.732494130275942,
  "arias_intensity_sw": 1.0490583797273794,
  "arias_intensity_ref": 0.7032394850645711,
  "arias_intensity_ratio": 1.4917512483404645,
  "xcorr_lag_samples": 2,
  "xcorr_lag_s": 0.009999999999999787,
  "xcorr_peak_coeff": 0.7654091079191114,
  "input_history_nrmse": 3.9028023283585766e-05,
  "input_psa_nrmse": 0.014235105834099681,
  "applied_input_history_nrmse": 3.9028023283585766e-05,
  "applied_input_psa_nrmse": 0.00012773466201254687,
  "input_dt_used_s": 0.004999999999999893,
  "input_pga_loaded_m_s2": 2.146046870732979,
  "applied_input_pga_loaded_m_s2": 1.0730234353664896,
  "boundary_condition": "rigid",
  "motion_input_type": "outcrop",
  "damping_mode": "frequency_independent",
  "base_motion_semantics_ok": true,
  "reference_kind": "primary_gqh",
  "warnings": [],
  "profile": {
    "depth_points": 5,
    "compared_metrics": [
      "effective_stress_kpa",
      "pga_g",
      "max_displacement_m",
      "max_strain_pct",
      "max_stress_ratio",
      "mobilized_strength_kpa",
      "mobilized_friction_angle_deg"
    ],
    "gamma_max_nrmse": null,
    "ru_max_nrmse": null,
    "sigma_v_eff_min_nrmse": null,
    "effective_stress_kpa_nrmse": 0.614482167294058,
    "pga_g_nrmse": 0.09006105017551036,
    "max_displacement_m_nrmse": 0.3428714289703721,
    "max_strain_pct_nrmse": 0.14730135942565095,
    "max_stress_ratio_nrmse": 0.5084976625010876,
    "vs_m_s_nrmse": null,
    "implied_strength_kpa_nrmse": null,
    "normalized_implied_strength_nrmse": null,
    "implied_friction_angle_deg_nrmse": null,
    "mobilized_strength_nrmse": 0.091944199742123,
    "mobilized_friction_angle_deg_nrmse": 0.4828268233524141
  },
  "hysteresis": {
    "layer_index": 0,
    "point_count": 240,
    "sw_gamma_peak": 2.4209366440444084e-05,
    "ref_gamma_peak": 2.6860040502993477e-05,
    "gamma_peak_pct_diff": -9.868466364575966,
    "sw_tau_peak_kpa": 8.97567743200614,
    "ref_tau_peak_kpa": 10.957557413672664,
    "tau_peak_pct_diff": -18.086877456773035,
    "sw_loop_energy": 0.00022609850053522908,
    "ref_loop_energy": 0.00011449206940372935,
    "loop_energy_pct_diff": 97.47961733309747,
    "stress_path_nrmse": 0.27150364567048124
  },
  "layer_parity": {
    "row_count": 5,
    "gamma_max_nrmse": 0.14730135942565095,
    "tau_peak_kpa_nrmse": 0.091944199742123,
    "secant_g_over_gmax_nrmse": 0.15574676819044275,
    "worst_gamma_layer_index": 0,
    "worst_tau_layer_index": 4,
    "worst_secant_layer_index": 3,
    "rows": [
      {
        "layer_index": 0,
        "z_mid_m": 2.0,
        "sw_gamma_max": 4.8255449569e-05,
        "ref_gamma_max": 2.9259805780019977e-05,
        "gamma_max_pct_diff": 64.92060792129787,
        "sw_tau_peak_kpa": 10.864523029,
        "ref_tau_peak_kpa": 12.1,
        "tau_peak_pct_diff": -10.210553479338833,
        "sw_secant_g_over_gmax": 0.69849612029,
        "ref_secant_g_over_gmax": 0.8113587690390948,
        "secant_g_over_gmax_pct_diff": -13.910325870115367,
        "stress_path_nrmse": 0.27150364567048124,
        "loop_energy_pct_diff": 97.47961733309747
      },
      {
        "layer_index": 1,
        "z_mid_m": 6.0,
        "sw_gamma_max": 0.00013371840921,
        "ref_gamma_max": 0.00010238136840577661,
        "gamma_max_pct_diff": 30.608148037270485,
        "sw_tau_peak_kpa": 32.051700269,
        "ref_tau_peak_kpa": 36.1,
        "tau_peak_pct_diff": -11.21412667867036,
        "sw_secant_g_over_gmax": 0.57537929056,
        "ref_secant_g_over_gmax": 0.6918075144227482,
        "secant_g_over_gmax_pct_diff": -16.829569126594006,
        "stress_path_nrmse": null,
        "loop_energy_pct_diff": null
      },
      {
        "layer_index": 2,
        "z_mid_m": 10.0,
        "sw_gamma_max": 0.00024270827219,
        "ref_gamma_max": 0.0001855473392878404,
        "gamma_max_pct_diff": 30.806657277626385,
        "sw_tau_peak_kpa": 50.991590681,
        "ref_tau_peak_kpa": 57.6,
        "tau_peak_pct_diff": -11.472932845486117,
        "sw_secant_g_over_gmax": 0.47018757186,
        "ref_secant_g_over_gmax": 0.6090693643668219,
        "secant_g_over_gmax_pct_diff": -22.802294883309564,
        "stress_path_nrmse": null,
        "loop_energy_pct_diff": null
      },
      {
        "layer_index": 3,
        "z_mid_m": 14.0,
        "sw_gamma_max": 0.0003216456408,
        "ref_gamma_max": 0.0002599749714841779,
        "gamma_max_pct_diff": 23.72177173969818,
        "sw_tau_peak_kpa": 65.25643711,
        "ref_tau_peak_kpa": 74.7,
        "tau_peak_pct_diff": -12.641985127175381,
        "sw_secant_g_over_gmax": 0.42851020535,
        "ref_secant_g_over_gmax": 0.5637519610572196,
        "secant_g_over_gmax_pct_diff": -23.989584968112037,
        "stress_path_nrmse": null,
        "loop_energy_pct_diff": null
      },
      {
        "layer_index": 4,
        "z_mid_m": 18.0,
        "sw_gamma_max": 0.0003400406769,
        "ref_gamma_max": 0.000301760267240939,
        "gamma_max_pct_diff": 12.685702464763585,
        "sw_tau_peak_kpa": 72.494115289,
        "ref_tau_peak_kpa": 84.9,
        "tau_peak_pct_diff": -14.612349482921081,
        "sw_secant_g_over_gmax": 0.42563271904,
        "ref_secant_g_over_gmax": 0.5520070668117482,
        "secant_g_over_gmax_pct_diff": -22.893610493368158,
        "stress_path_nrmse": null,
        "loop_energy_pct_diff": null
      }
    ]
  },
  "artifacts": {
    "output_dir": "H:\\Drive'\u0131m\\GitHub_Repo\\Deepsoil\\1DSRA\\output\\baseline_iter\\mrdf_blend_sweep\\blend_0_3\\compare",
    "json_path": "H:\\Drive'\u0131m\\GitHub_Repo\\Deepsoil\\1DSRA\\output\\baseline_iter\\mrdf_blend_sweep\\blend_0_3\\compare\\deepsoil_compare.json",
    "markdown_path": "H:\\Drive'\u0131m\\GitHub_Repo\\Deepsoil\\1DSRA\\output\\baseline_iter\\mrdf_blend_sweep\\blend_0_3\\compare\\deepsoil_compare.md",
    "layer_parity_csv": "H:\\Drive'\u0131m\\GitHub_Repo\\Deepsoil\\1DSRA\\output\\baseline_iter\\mrdf_blend_sweep\\blend_0_3\\compare\\layer_parity.csv"
  }
}