{
  "run_id": "run-1c356a5c63de",
  "run_dir": "H:\\Drive'\u0131m\\GitHub_Repo\\Deepsoil\\1DSRA\\output\\baseline_iter\\tangent_floor_sweep\\tan_020_currsec\\run-1c356a5c63de",
  "stratawave_dt_s": 0.004999999999999893,
  "deepsoil_dt_s": 0.004999999999999893,
  "overlap_duration_s": 29.989999999999363,
  "overlap_samples": 5999,
  "stratawave_pga_m_s2": 2.60279900227916,
  "deepsoil_pga_m_s2": 3.0161205902380765,
  "pga_ratio": 0.8629625124086,
  "pga_pct_diff": -13.703748759140002,
  "surface_rmse_m_s2": 0.3244799540759306,
  "surface_nrmse": 0.10758189016923349,
  "surface_corrcoef": 0.761268826061884,
  "psa_point_count": 80,
  "psa_rmse_m_s2": 0.7844117268384754,
  "psa_nrmse": 0.06975825742430453,
  "psa_max_abs_diff_m_s2": 3.315395591632001,
  "psa_pct_diff_at_peak": -9.043109808930573,
  "psa_peak_period_s": 0.16941210201752382,
  "used_reference_psa_csv": true,
  "surface_psa_peak_period_diff_pct": 11.732494130275942,
  "arias_intensity_sw": 1.202620371403709,
  "arias_intensity_ref": 0.7032391887594881,
  "arias_intensity_ratio": 1.710115691255955,
  "xcorr_lag_samples": 1,
  "xcorr_lag_s": 0.004999999999999893,
  "xcorr_peak_coeff": 0.7628569964856289,
  "input_history_nrmse": 0.021913421177076252,
  "input_psa_nrmse": 0.014235384034179578,
  "applied_input_history_nrmse": 0.021913421177076252,
  "applied_input_psa_nrmse": 0.00012250314068310337,
  "input_dt_used_s": 0.004999999999999893,
  "input_pga_loaded_m_s2": 2.1460672722560035,
  "applied_input_pga_loaded_m_s2": 1.0730336361280017,
  "boundary_condition": "rigid",
  "motion_input_type": "outcrop",
  "damping_mode": "frequency_independent",
  "base_motion_semantics_ok": true,
  "reference_kind": "primary_gqh",
  "warnings": [],
  "profile": {
    "depth_points": 5,
    "compared_metrics": [
      "effective_stress_kpa",
      "pga_g",
      "max_displacement_m",
      "max_strain_pct",
      "max_stress_ratio",
      "mobilized_strength_kpa",
      "mobilized_friction_angle_deg"
    ],
    "gamma_max_nrmse": null,
    "ru_max_nrmse": null,
    "sigma_v_eff_min_nrmse": null,
    "effective_stress_kpa_nrmse": 0.614482167294058,
    "pga_g_nrmse": 0.08308936458123345,
    "max_displacement_m_nrmse": 0.339940432271822,
    "max_strain_pct_nrmse": 0.14821958198039814,
    "max_stress_ratio_nrmse": 0.4995459217284125,
    "vs_m_s_nrmse": null,
    "implied_strength_kpa_nrmse": null,
    "normalized_implied_strength_nrmse": null,
    "implied_friction_angle_deg_nrmse": null,
    "mobilized_strength_nrmse": 0.07824502691189386,
    "mobilized_friction_angle_deg_nrmse": 0.4733127837550921
  },
  "hysteresis": {
    "layer_index": 0,
    "point_count": 240,
    "sw_gamma_peak": 2.293129957715211e-05,
    "ref_gamma_peak": 2.6860040502993477e-05,
    "gamma_peak_pct_diff": -14.626712589668351,
    "sw_tau_peak_kpa": 9.081636131644718,
    "ref_tau_peak_kpa": 10.957557413672664,
    "tau_peak_pct_diff": -17.11988549279424,
    "sw_loop_energy": 0.00018642623031592026,
    "ref_loop_energy": 0.00011449206940372935,
    "loop_energy_pct_diff": 62.828946394996166,
    "stress_path_nrmse": 0.30825484835422917
  },
  "layer_parity": {
    "row_count": 5,
    "gamma_max_nrmse": 0.14821958198039809,
    "tau_peak_kpa_nrmse": 0.07824502691189386,
    "secant_g_over_gmax_nrmse": 0.12169143210908094,
    "worst_gamma_layer_index": 0,
    "worst_tau_layer_index": 3,
    "worst_secant_layer_index": 3,
    "rows": [
      {
        "layer_index": 0,
        "z_mid_m": 2.0,
        "sw_gamma_max": 4.0440159364e-05,
        "ref_gamma_max": 2.9259805780019977e-05,
        "gamma_max_pct_diff": 38.210621314562914,
        "sw_tau_peak_kpa": 10.544007478,
        "ref_tau_peak_kpa": 12.1,
        "tau_peak_pct_diff": -12.859442330578515,
        "sw_secant_g_over_gmax": 0.7992246191,
        "ref_secant_g_over_gmax": 0.8113587690390948,
        "secant_g_over_gmax_pct_diff": -1.4955344543161164,
        "stress_path_nrmse": 0.30825484835422917,
        "loop_energy_pct_diff": 62.828946394996166
      },
      {
        "layer_index": 1,
        "z_mid_m": 6.0,
        "sw_gamma_max": 0.00013559228225,
        "ref_gamma_max": 0.00010238136840577661,
        "gamma_max_pct_diff": 32.438435197111076,
        "sw_tau_peak_kpa": 33.625157022,
        "ref_tau_peak_kpa": 36.1,
        "tau_peak_pct_diff": -6.855520714681435,
        "sw_secant_g_over_gmax": 0.65275816205,
        "ref_secant_g_over_gmax": 0.6918075144227482,
        "secant_g_over_gmax_pct_diff": -5.644540072007083,
        "stress_path_nrmse": null,
        "loop_energy_pct_diff": null
      },
      {
        "layer_index": 2,
        "z_mid_m": 10.0,
        "sw_gamma_max": 0.0002405625371,
        "ref_gamma_max": 0.0001855473392878404,
        "gamma_max_pct_diff": 29.65022189125238,
        "sw_tau_peak_kpa": 53.688706676,
        "ref_tau_peak_kpa": 57.6,
        "tau_peak_pct_diff": -6.790439798611109,
        "sw_secant_g_over_gmax": 0.48867312494,
        "ref_secant_g_over_gmax": 0.6090693643668219,
        "secant_g_over_gmax_pct_diff": -19.76724597730897,
        "stress_path_nrmse": null,
        "loop_energy_pct_diff": null
      },
      {
        "layer_index": 3,
        "z_mid_m": 14.0,
        "sw_gamma_max": 0.00032351392821,
        "ref_gamma_max": 0.0002599749714841779,
        "gamma_max_pct_diff": 24.440412999406416,
        "sw_tau_peak_kpa": 60.822343563,
        "ref_tau_peak_kpa": 74.7,
        "tau_peak_pct_diff": -18.577853329317275,
        "sw_secant_g_over_gmax": 0.40005428292,
        "ref_secant_g_over_gmax": 0.5637519610572196,
        "secant_g_over_gmax_pct_diff": -29.037181144387116,
        "stress_path_nrmse": null,
        "loop_energy_pct_diff": null
      },
      {
        "layer_index": 4,
        "z_mid_m": 18.0,
        "sw_gamma_max": 0.00034311952773,
        "ref_gamma_max": 0.000301760267240939,
        "gamma_max_pct_diff": 13.705999423720659,
        "sw_tau_peak_kpa": 82.84721997,
        "ref_tau_peak_kpa": 84.9,
        "tau_peak_pct_diff": -2.417879893992942,
        "sw_secant_g_over_gmax": 0.47598645987,
        "ref_secant_g_over_gmax": 0.5520070668117482,
        "secant_g_over_gmax_pct_diff": -13.771672776006978,
        "stress_path_nrmse": null,
        "loop_energy_pct_diff": null
      }
    ]
  },
  "backbone_diagnostic": {
    "row_count": 5,
    "tau_peak_kpa_nrmse": 0.00032434026175287247,
    "secant_g_over_gmax_nrmse": 0.001194232004210919,
    "backbone_loop_energy_nrmse": 1.4303591295408211,
    "worst_tau_layer_index": 0,
    "worst_secant_layer_index": 0,
    "rows": [
      {
        "layer_index": 0,
        "z_mid_m": 2.0,
        "material": "gqh",
        "reload_factor": 1.1,
        "ref_gamma_max": 2.9259805780019977e-05,
        "ref_tau_peak_kpa": 12.1,
        "ref_secant_g_over_gmax": 0.8113587690390948,
        "sw_backbone_tau_peak_kpa": 12.129743532742133,
        "sw_backbone_tau_pct_diff": 0.24581432018291677,
        "sw_backbone_secant_g_over_gmax": 0.8133531985746272,
        "sw_backbone_secant_pct_diff": 0.2458135182164175,
        "sw_backbone_tangent_g_over_gmax": 0.6822728945235856,
        "backbone_masing_loop_energy": 0.00027825684613537493,
        "backbone_masing_loop_energy_pct_diff": 143.0359129540821
      },
      {
        "layer_index": 1,
        "z_mid_m": 6.0,
        "material": "gqh",
        "reload_factor": 1.1,
        "ref_gamma_max": 0.00010238136840577661,
        "ref_tau_peak_kpa": 36.1,
        "ref_secant_g_over_gmax": 0.6918075144227482,
        "sw_backbone_tau_peak_kpa": 36.058119371991374,
        "sw_backbone_tau_pct_diff": -0.11601281996849651,
        "sw_backbone_secant_g_over_gmax": 0.6910049234884731,
        "sw_backbone_secant_pct_diff": -0.1160136190403829,
        "sw_backbone_tangent_g_over_gmax": 0.4973337230797821,
        "backbone_masing_loop_energy": 0.0037939241580697593,
        "backbone_masing_loop_energy_pct_diff": null
      },
      {
        "layer_index": 2,
        "z_mid_m": 10.0,