{
  "case": "elastic_outcrop",
  "geo_run": "H:\\Drive'\u0131m\\GitHub_Repo\\Deepsoil\\1DSRA\\out\\boundary_semantics\\run-e9a80a760dc2",
  "deepsoil_case": "C:\\DEEPSOIL\\Batch Output\\Batch_run_22\\profile_0\\Motion_Kocaeli",
  "surface_metrics_geo": {
    "input_pga_g": 0.21876097017380222,
    "surface_pga_g": 0.28851399423114676,
    "surface_to_input_pga_amp": 1.3188549767443747,
    "input_psa_peak_g": 0.7727544284663005,
    "surface_psa_peak_g": 1.0603243782235594,
    "surface_to_input_peak_psa_amp": 1.372136268863582,
    "surface_peak_period_s": 0.16931815540668732
  },
  "surface_metrics_deepsoil": {
    "input_pga_g": 0.2188357,
    "surface_pga_g": 0.3074536789233513,
    "surface_to_input_pga_amp": 1.4049521121249928,
    "input_psa_peak_g": 0.7730184051898091,
    "surface_psa_peak_g": 1.2011026859219496,
    "surface_to_input_peak_psa_amp": 1.5537827791138135,
    "surface_peak_period_s": 0.16931815540668732
  },
  "profile_metrics": {
    "gamma_max": {
      "nrmse": 0.20485976951608703,
      "geo_values": [
        5.3270059305e-05,
        0.00015073006214,
        0.00026101432671,
        0.00034140073209,
        0.00036395471678
      ],
      "deepsoil_values": [
        2.9259805780019977e-05,
        0.00010238136840577661,
        0.0001855473392878404,
        0.0002599749714841779,
        0.000301760267240939
      ],
      "geo_over_deepsoil_mean_ratio": 1.4437734767642518
    },
    "pga_g": {
      "nrmse": 0.13879886581755985,
      "geo_values": [
        0.2849067258088313,
        0.26394562584620607,
        0.21879811884787528,
        0.15994299876221926,
        0.11176601405807036
      ],
      "deepsoil_values": [
        0.3074536789233513,
        0.30177225242213074,
        0.2720211695419406,
        0.21807773157533167,
        0.14265107561942297
      ],
      "geo_over_deepsoil_mean_ratio": 0.8245147491808718
    },
    "max_displacement_m": {
      "nrmse": 0.39266837757683853,
      "geo_values": [
        0.004177708738337171,
        0.0038906972503724574,
        0.0032035750588666756,
        0.0021023460083864354,
        0.0007279094335552322
      ],
      "deepsoil_values": [
        0.004715434738700916,
        0.004660948359449364,
        0.004487606942373282,
        0.004218624815143988,
        0.003911043416148974
      ],
      "geo_over_deepsoil_mean_ratio": 0.623809012452188
    },
    "max_strain_pct": {
      "nrmse": 0.20485976951608695,
      "geo_values": [
        0.0053270059305,
        0.015073006214,
        0.026101432671,
        0.034140073209,
        0.036395471677999995
      ],
      "deepsoil_values": [
        0.0029259805780019977,
        0.010238136840577661,
        0.01855473392878404,
        0.025997497148417786,
        0.0301760267240939
      ],
      "geo_over_deepsoil_mean_ratio": 1.4437734767642518
    },
    "max_stress_ratio": {
      "nrmse": 0.07459292272218353,
      "geo_values": [
        0.5645277763002945,
        0.5513954187275105,
        0.5208868001275762,
        0.4723400673349222,
        0.4094966804274343
      ],
      "deepsoil_values": [
        0.5950748983354827,
        0.5897631528359648,
        0.5651134723940591,
        0.5237881108053706,
        0.4628214418020889
      ],
      "geo_over_deepsoil_mean_ratio": 0.9183818593744384
    },
    "effective_stress_kpa": {
      "nrmse": 3.4648824731834145e-17,
      "geo_values": [
        20.38,
        61.14,
        101.89999999999999,
        142.66,
        183.42
      ],
      "deepsoil_values": [
        20.38,
        61.14,
        101.9,
        142.66,
        183.42
      ],
      "geo_over_deepsoil_mean_ratio": 1.0
    }
  }
}