{
  "run_id": "run-d99bed375e15",
  "run_dir": "H:\\Drive'\u0131m\\GitHub_Repo\\Deepsoil\\1DSRA\\output\\baseline_iter\\mrdf_local_ref\\run-d99bed375e15",
  "stratawave_dt_s": 0.004999999999999893,
  "deepsoil_dt_s": 0.004999999999999893,
  "overlap_duration_s": 29.99499999999936,
  "overlap_samples": 6000,
  "stratawave_pga_m_s2": 2.869336322584785,
  "deepsoil_pga_m_s2": 3.0161205902380765,
  "pga_ratio": 0.9513334221024283,
  "pga_pct_diff": -4.866657789757172,
  "surface_rmse_m_s2": 0.3294476148416705,
  "surface_nrmse": 0.1092289266908572,
  "surface_corrcoef": 0.765350034880639,
  "psa_point_count": 80,
  "psa_rmse_m_s2": 0.8574957117641929,
  "psa_nrmse": 0.07625766489057256,
  "psa_max_abs_diff_m_s2": 4.124677768721167,
  "psa_pct_diff_at_peak": -6.977598291179408,
  "psa_peak_period_s": 0.16941210201752382,
  "used_reference_psa_csv": true,
  "surface_psa_peak_period_diff_pct": 11.732494130275942,
  "arias_intensity_sw": 1.2576782305734242,
  "arias_intensity_ref": 0.7032394850645711,
  "arias_intensity_ratio": 1.7884067338140788,
  "xcorr_lag_samples": 1,
  "xcorr_lag_s": 0.004999999999999893,
  "xcorr_peak_coeff": 0.7802976427976157,
  "input_history_nrmse": 8.170042486602506e-07,
  "input_psa_nrmse": 0.014240944871516564,
  "applied_input_history_nrmse": 8.170042486602506e-07,
  "applied_input_psa_nrmse": 2.3215137809655103e-07,
  "input_dt_used_s": 0.004999999999999893,
  "input_pga_loaded_m_s2": 2.1467799709269246,
  "applied_input_pga_loaded_m_s2": 1.0733899854634623,
  "boundary_condition": "rigid",
  "motion_input_type": "outcrop",
  "damping_mode": "frequency_independent",
  "base_motion_semantics_ok": true,
  "reference_kind": "primary_gqh",
  "warnings": [],
  "profile": {
    "depth_points": 5,
    "compared_metrics": [
      "effective_stress_kpa",
      "pga_g",
      "max_displacement_m",
      "max_strain_pct",
      "max_stress_ratio",
      "mobilized_strength_kpa",
      "mobilized_friction_angle_deg"
    ],
    "gamma_max_nrmse": null,
    "ru_max_nrmse": null,
    "sigma_v_eff_min_nrmse": null,
    "effective_stress_kpa_nrmse": 0.614482167294058,
    "pga_g_nrmse": 0.059341409558830334,
    "max_displacement_m_nrmse": 0.34195601276858845,
    "max_strain_pct_nrmse": 0.15142569717829496,
    "max_stress_ratio_nrmse": 0.47574975079035536,
    "vs_m_s_nrmse": null,
    "implied_strength_kpa_nrmse": null,
    "normalized_implied_strength_nrmse": null,
    "implied_friction_angle_deg_nrmse": null,
    "mobilized_strength_nrmse": 0.04073632469583078,
    "mobilized_friction_angle_deg_nrmse": 0.4488217986452064
  },
  "hysteresis": {
    "layer_index": 0,
    "point_count": 240,
    "gamma_peak_pct_diff": 2.8311350558155395,
    "tau_peak_pct_diff": -5.510568069783247,
    "loop_energy_pct_diff": 146.7749529803768,
    "stress_path_nrmse": 0.31642513352346274
  },
  "artifacts": null
}