{
  "run_id": "run-6b609cef88a3",
  "run_dir": "H:\\Drive'\u0131m\\GitHub_Repo\\Deepsoil\\1DSRA\\output\\baseline_iter\\substeps_8\\run-6b609cef88a3",
  "stratawave_dt_s": 0.004999999999999893,
  "deepsoil_dt_s": 0.004999999999999893,
  "overlap_duration_s": 29.989999999999363,
  "overlap_samples": 5999,
  "stratawave_pga_m_s2": 2.8703271747856305,
  "deepsoil_pga_m_s2": 3.0161205902380765,
  "pga_ratio": 0.9516619408639302,
  "pga_pct_diff": -4.8338059136069855,
  "surface_rmse_m_s2": 0.3205983738028721,
  "surface_nrmse": 0.10629494551402831,
  "surface_corrcoef": 0.7802336952229119,
  "psa_point_count": 80,
  "psa_rmse_m_s2": 0.858818870389318,
  "psa_nrmse": 0.07637533426856195,
  "psa_max_abs_diff_m_s2": 4.135079296180487,
  "psa_pct_diff_at_peak": -6.934039742490325,
  "psa_peak_period_s": 0.16941210201752382,
  "used_reference_psa_csv": true,
  "surface_psa_peak_period_diff_pct": 11.732494130275942,
  "arias_intensity_sw": 1.2583497493242035,
  "arias_intensity_ref": 0.7032391887594881,
  "arias_intensity_ratio": 1.7893623811607098,
  "xcorr_lag_samples": 0,
  "xcorr_lag_s": 0.0,
  "xcorr_peak_coeff": 0.7802336826572817,
  "input_history_nrmse": 0.021913421177076252,
  "input_psa_nrmse": 0.014235384034179578,
  "applied_input_history_nrmse": 0.021913421177076252,
  "applied_input_psa_nrmse": 0.00012250314068310337,
  "input_dt_used_s": 0.004999999999999893,
  "input_pga_loaded_m_s2": 2.1460672722560035,
  "applied_input_pga_loaded_m_s2": 1.0730336361280017,
  "boundary_condition": "rigid",
  "motion_input_type": "outcrop",
  "damping_mode": "frequency_independent",
  "base_motion_semantics_ok": true,
  "reference_kind": "primary_gqh",
  "warnings": [],
  "profile": {
    "depth_points": 5,
    "compared_metrics": [
      "effective_stress_kpa",
      "pga_g",
      "max_displacement_m",
      "max_strain_pct",
      "max_stress_ratio",
      "mobilized_strength_kpa",
      "mobilized_friction_angle_deg"
    ],
    "gamma_max_nrmse": null,
    "ru_max_nrmse": null,
    "sigma_v_eff_min_nrmse": null,
    "effective_stress_kpa_nrmse": 0.614482167294058,
    "pga_g_nrmse": 0.059161127799497615,
    "max_displacement_m_nrmse": 0.34171843207185,
    "max_strain_pct_nrmse": 0.15165142472457763,
    "max_stress_ratio_nrmse": 0.4759742872309797,
    "vs_m_s_nrmse": null,
    "implied_strength_kpa_nrmse": null,
    "normalized_implied_strength_nrmse": null,
    "implied_friction_angle_deg_nrmse": null,
    "mobilized_strength_nrmse": 0.0406004831733638,
    "mobilized_friction_angle_deg_nrmse": 0.4490428302565436
  },
  "hysteresis": {
    "layer_index": 0,
    "point_count": 240,
    "sw_gamma_peak": 2.781509942391644e-05,
    "ref_gamma_peak": 2.6860040502993477e-05,
    "gamma_peak_pct_diff": 3.5556868233930077,
    "sw_tau_peak_kpa": 10.42409446854543,
    "ref_tau_peak_kpa": 10.957557413672664,
    "tau_peak_pct_diff": -4.868447638354028,
    "sw_loop_energy": 0.00028309464100774207,
    "ref_loop_energy": 0.00011449206940372935,
    "loop_energy_pct_diff": 147.26135398031406,
    "stress_path_nrmse": 0.3153567486598045
  },
  "layer_parity": {
    "row_count": 5,
    "gamma_max_nrmse": 0.1516514247245776,
    "tau_peak_kpa_nrmse": 0.0406004831733638,
    "secant_g_over_gmax_nrmse": 0.11744377378266928,
    "worst_gamma_layer_index": 0,
    "worst_tau_layer_index": 4,
    "worst_secant_layer_index": 3,
    "rows": [
      {
        "layer_index": 0,
        "z_mid_m": 2.0,
        "sw_gamma_max": 5.0594742787e-05,
        "ref_gamma_max": 2.9259805780019977e-05,
        "gamma_max_pct_diff": 72.91551135841291,
        "sw_tau_peak_kpa": 11.701681741,
        "ref_tau_peak_kpa": 12.1,
        "tau_peak_pct_diff": -3.291886438016528,
        "sw_secant_g_over_gmax": 0.71900459138,
        "ref_secant_g_over_gmax": 0.8113587690390948,
        "secant_g_over_gmax_pct_diff": -11.382656006598825,
        "stress_path_nrmse": 0.3153567486598045,
        "loop_energy_pct_diff": 147.26135398031406
      },
      {
        "layer_index": 1,
        "z_mid_m": 6.0,
        "sw_gamma_max": 0.00013969636921,
        "ref_gamma_max": 0.00010238136840577661,
        "gamma_max_pct_diff": 36.4470619852723,
        "sw_tau_peak_kpa": 34.385208322,
        "ref_tau_peak_kpa": 36.1,
        "tau_peak_pct_diff": -4.750115451523558,
        "sw_secant_g_over_gmax": 0.59700585833,
        "ref_secant_g_over_gmax": 0.6918075144227482,
        "secant_g_over_gmax_pct_diff": -13.703473020505106,
        "stress_path_nrmse": null,
        "loop_energy_pct_diff": null
      },
      {
        "layer_index": 2,
        "z_mid_m": 10.0,
        "sw_gamma_max": 0.00024075647217,
        "ref_gamma_max": 0.0001855473392878404,
        "gamma_max_pct_diff": 29.75474242533514,
        "sw_tau_peak_kpa": 54.763981408,
        "ref_tau_peak_kpa": 57.6,
        "tau_peak_pct_diff": -4.923643388888892,
        "sw_secant_g_over_gmax": 0.50891383999,
        "ref_secant_g_over_gmax": 0.6090693643668219,
        "secant_g_over_gmax_pct_diff": -16.4440259576907,
        "stress_path_nrmse": null,
        "loop_energy_pct_diff": null
      },
      {
        "layer_index": 3,
        "z_mid_m": 14.0,
        "sw_gamma_max": 0.00031912691008,
        "ref_gamma_max": 0.0002599749714841779,
        "gamma_max_pct_diff": 22.752935891531433,
        "sw_tau_peak_kpa": 70.410256192,
        "ref_tau_peak_kpa": 74.7,
        "tau_peak_pct_diff": -5.742628926372151,
        "sw_secant_g_over_gmax": 0.46650700036,
        "ref_secant_g_over_gmax": 0.5637519610572196,
        "secant_g_over_gmax_pct_diff": -17.24960042974457,
        "stress_path_nrmse": null,
        "loop_energy_pct_diff": null
      },
      {
        "layer_index": 4,
        "z_mid_m": 18.0,
        "sw_gamma_max": 0.00034732764112,
        "ref_gamma_max": 0.000301760267240939,
        "gamma_max_pct_diff": 15.100521448928184,
        "sw_tau_peak_kpa": 79.435174341,
        "ref_tau_peak_kpa": 84.9,
        "tau_peak_pct_diff": -6.436779339222612,
        "sw_secant_g_over_gmax": 0.46037933042,
        "ref_secant_g_over_gmax": 0.5520070668117482,
        "secant_g_over_gmax_pct_diff": -16.59901510336934,
        "stress_path_nrmse": null,
        "loop_energy_pct_diff": null
      }
    ]
  },
  "artifacts": {
    "output_dir": "H:\\Drive'\u0131m\\GitHub_Repo\\Deepsoil\\1DSRA\\output\\baseline_iter\\substeps_8\\run-6b609cef88a3\\compare",
    "json_path": "H:\\Drive'\u0131m\\GitHub_Repo\\Deepsoil\\1DSRA\\output\\baseline_iter\\substeps_8\\run-6b609cef88a3\\compare\\deepsoil_compare.json",
    "markdown_path": "H:\\Drive'\u0131m\\GitHub_Repo\\Deepsoil\\1DSRA\\output\\baseline_iter\\substeps_8\\run-6b609cef88a3\\compare\\deepsoil_compare.md",
    "layer_parity_csv": "H:\\Drive'\u0131m\\GitHub_Repo\\Deepsoil\\1DSRA\\output\\baseline_iter\\substeps_8\\run-6b609cef88a3\\compare\\layer_parity.csv"
  }
}