{
  "run_id": "run-f771a03c21c9",
  "run_dir": "H:\\Drive'\u0131m\\GitHub_Repo\\Deepsoil\\1DSRA\\output\\baseline_iter\\variant_runs_refit_mps2\\mr_default_refit\\run-f771a03c21c9",
  "stratawave_dt_s": 0.004999999999999893,
  "deepsoil_dt_s": 0.004999999999999893,
  "overlap_duration_s": 29.99499999999936,
  "overlap_samples": 6000,
  "stratawave_pga_m_s2": 3.4290669978587935,
  "deepsoil_pga_m_s2": 3.0161205902380765,
  "pga_ratio": 1.136913095901156,
  "pga_pct_diff": 13.6913095901156,
  "surface_rmse_m_s2": 0.621611703017525,
  "surface_nrmse": 0.20609643560998697,
  "surface_corrcoef": 0.6400673939341016,
  "psa_point_count": 80,
  "psa_rmse_m_s2": 2.6773896443129224,
  "psa_nrmse": 0.23810204468246982,
  "psa_max_abs_diff_m_s2": 11.06093955425327,
  "psa_pct_diff_at_peak": 81.70401547555272,
  "psa_peak_period_s": 0.16941210201752382,
  "used_reference_psa_csv": true,
  "surface_psa_peak_period_diff_pct": 11.732494130275942,
  "arias_intensity_sw": 3.0177805759090353,
  "arias_intensity_ref": 0.7032394850645711,
  "arias_intensity_ratio": 4.2912558808212315,
  "xcorr_lag_samples": 35,
  "xcorr_lag_s": 0.17499999999999627,
  "xcorr_peak_coeff": 0.667269004537172,
  "input_history_nrmse": 8.170042486602506e-07,
  "input_psa_nrmse": 0.014240944871516564,
  "applied_input_history_nrmse": 8.170042486602506e-07,
  "applied_input_psa_nrmse": 2.3215137809655103e-07,
  "input_dt_used_s": 0.004999999999999893,
  "input_pga_loaded_m_s2": 2.1467799709269246,
  "applied_input_pga_loaded_m_s2": 1.0733899854634623,
  "boundary_condition": "rigid",
  "motion_input_type": "outcrop",
  "damping_mode": "frequency_independent",
  "base_motion_semantics_ok": true,
  "reference_kind": "primary_gqh",
  "warnings": [],
  "profile": {
    "depth_points": 5,
    "compared_metrics": [
      "effective_stress_kpa",
      "pga_g",
      "max_displacement_m",
      "max_strain_pct",
      "max_stress_ratio",
      "mobilized_strength_kpa",
      "mobilized_friction_angle_deg"
    ],
    "gamma_max_nrmse": null,
    "ru_max_nrmse": null,
    "sigma_v_eff_min_nrmse": null,
    "effective_stress_kpa_nrmse": 0.0,
    "pga_g_nrmse": 0.11117323657075352,
    "max_displacement_m_nrmse": 0.36297724979837503,
    "max_strain_pct_nrmse": 0.11102444844098859,
    "max_stress_ratio_nrmse": 0.1635667609685103,
    "vs_m_s_nrmse": null,
    "implied_strength_kpa_nrmse": null,
    "normalized_implied_strength_nrmse": null,
    "implied_friction_angle_deg_nrmse": null,
    "mobilized_strength_nrmse": 0.13790546732775277,
    "mobilized_friction_angle_deg_nrmse": 0.13430963871194534
  },
  "hysteresis": {
    "layer_index": 0,
    "point_count": 240,
    "gamma_peak_pct_diff": 5.004804359877622,
    "tau_peak_pct_diff": 13.275149810526072,
    "loop_energy_pct_diff": 136.07830316639053,
    "stress_path_nrmse": 0.38475546909355707
  },
  "artifacts": null
}