{
  "run_id": "run-ef52a0607914",
  "run_dir": "H:\\Drive'\u0131m\\GitHub_Repo\\Deepsoil\\1DSRA\\output\\baseline_iter\\tangent_floor_sweep\\baseline_current\\run-ef52a0607914",
  "stratawave_dt_s": 0.004999999999999893,
  "deepsoil_dt_s": 0.004999999999999893,
  "overlap_duration_s": 29.989999999999363,
  "overlap_samples": 5999,
  "stratawave_pga_m_s2": 2.6172884881141445,
  "deepsoil_pga_m_s2": 3.0161205902380765,
  "pga_ratio": 0.8677665265060074,
  "pga_pct_diff": -13.223347349399262,
  "surface_rmse_m_s2": 0.32066504681496016,
  "surface_nrmse": 0.10631705106653967,
  "surface_corrcoef": 0.7640485971242901,
  "psa_point_count": 80,
  "psa_rmse_m_s2": 0.7731706364106115,
  "psa_nrmse": 0.06875857976400573,
  "psa_max_abs_diff_m_s2": 2.9700264642611636,
  "psa_pct_diff_at_peak": -14.70094894372888,
  "psa_peak_period_s": 0.16941210201752382,
  "used_reference_psa_csv": true,
  "surface_psa_peak_period_diff_pct": 11.732494130275942,
  "arias_intensity_sw": 1.1864081588578053,
  "arias_intensity_ref": 0.7032391887594881,
  "arias_intensity_ratio": 1.6870620662517768,
  "xcorr_lag_samples": 1,
  "xcorr_lag_s": 0.004999999999999893,
  "xcorr_peak_coeff": 0.764800622668366,
  "input_history_nrmse": 0.021913421177076252,
  "input_psa_nrmse": 0.014235384034179578,
  "applied_input_history_nrmse": 0.021913421177076252,
  "applied_input_psa_nrmse": 0.00012250314068310337,
  "input_dt_used_s": 0.004999999999999893,
  "input_pga_loaded_m_s2": 2.1460672722560035,
  "applied_input_pga_loaded_m_s2": 1.0730336361280017,
  "boundary_condition": "rigid",
  "motion_input_type": "outcrop",
  "damping_mode": "frequency_independent",
  "base_motion_semantics_ok": true,
  "reference_kind": "primary_gqh",
  "warnings": [],
  "profile": {
    "depth_points": 5,
    "compared_metrics": [
      "effective_stress_kpa",
      "pga_g",
      "max_displacement_m",
      "max_strain_pct",
      "max_stress_ratio",
      "mobilized_strength_kpa",
      "mobilized_friction_angle_deg"
    ],
    "gamma_max_nrmse": null,
    "ru_max_nrmse": null,
    "sigma_v_eff_min_nrmse": null,
    "effective_stress_kpa_nrmse": 0.614482167294058,
    "pga_g_nrmse": 0.0676710830192488,
    "max_displacement_m_nrmse": 0.30862649674347636,
    "max_strain_pct_nrmse": 0.22049347894916008,
    "max_stress_ratio_nrmse": 0.4879070309804274,
    "vs_m_s_nrmse": null,
    "implied_strength_kpa_nrmse": null,
    "normalized_implied_strength_nrmse": null,
    "implied_friction_angle_deg_nrmse": null,
    "mobilized_strength_nrmse": 0.05539026291634238,
    "mobilized_friction_angle_deg_nrmse": 0.46059261708066784
  },
  "hysteresis": {
    "layer_index": 0,
    "point_count": 240,
    "sw_gamma_peak": 2.2809748030126584e-05,
    "ref_gamma_peak": 2.6860040502993477e-05,
    "gamma_peak_pct_diff": -15.079249312433086,
    "sw_tau_peak_kpa": 9.461566671473982,
    "ref_tau_peak_kpa": 10.957557413672664,
    "tau_peak_pct_diff": -13.65259323516762,
    "sw_loop_energy": 0.0001572823489162922,
    "ref_loop_energy": 0.00011449206940372935,
    "loop_energy_pct_diff": 37.37401178563119,
    "stress_path_nrmse": 0.2898775748310826
  },
  "layer_parity": {
    "row_count": 5,
    "gamma_max_nrmse": 0.22049347894916005,
    "tau_peak_kpa_nrmse": 0.05539026291634238,
    "secant_g_over_gmax_nrmse": 0.08429554217766436,
    "worst_gamma_layer_index": 3,
    "worst_tau_layer_index": 1,
    "worst_secant_layer_index": 4,
    "rows": [
      {
        "layer_index": 0,
        "z_mid_m": 2.0,
        "sw_gamma_max": 4.2240431248e-05,
        "ref_gamma_max": 2.9259805780019977e-05,
        "gamma_max_pct_diff": 44.36333434873251,
        "sw_tau_peak_kpa": 10.92496196,
        "ref_tau_peak_kpa": 12.1,
        "tau_peak_pct_diff": -9.711058181818187,
        "sw_secant_g_over_gmax": 0.79335709642,
        "ref_secant_g_over_gmax": 0.8113587690390948,
        "secant_g_over_gmax_pct_diff": -2.2187068539869816,
        "stress_path_nrmse": 0.2898775748310826,
        "loop_energy_pct_diff": 37.37401178563119
      },
      {
        "layer_index": 1,
        "z_mid_m": 6.0,
        "sw_gamma_max": 0.00010013989659,
        "ref_gamma_max": 0.00010238136840577661,
        "gamma_max_pct_diff": -2.189335667885198,
        "sw_tau_peak_kpa": 29.894041294,
        "ref_tau_peak_kpa": 36.1,
        "tau_peak_pct_diff": -17.19102134626039,
        "sw_secant_g_over_gmax": 0.64479800518,
        "ref_secant_g_over_gmax": 0.6918075144227482,
        "secant_g_over_gmax_pct_diff": -6.795171816249137,
        "stress_path_nrmse": null,
        "loop_energy_pct_diff": null
      },
      {
        "layer_index": 2,
        "z_mid_m": 10.0,
        "sw_gamma_max": 0.00017866500881,
        "ref_gamma_max": 0.0001855473392878404,
        "gamma_max_pct_diff": -3.7092046182154133,
        "sw_tau_peak_kpa": 51.233083038,
        "ref_tau_peak_kpa": 57.6,
        "tau_peak_pct_diff": -11.053675281250008,
        "sw_secant_g_over_gmax": 0.57551017802,
        "ref_secant_g_over_gmax": 0.6090693643668219,
        "secant_g_over_gmax_pct_diff": -5.509912057670053,
        "stress_path_nrmse": null,
        "loop_energy_pct_diff": null
      },
      {
        "layer_index": 3,
        "z_mid_m": 14.0,
        "sw_gamma_max": 0.00037874196031,
        "ref_gamma_max": 0.0002599749714841779,
        "gamma_max_pct_diff": 45.68400879045786,
        "sw_tau_peak_kpa": 79.976934327,
        "ref_tau_peak_kpa": 74.7,
        "tau_peak_pct_diff": 7.064169112449789,
        "sw_secant_g_over_gmax": 0.47065845962,
        "ref_secant_g_over_gmax": 0.5637519610572196,
        "secant_g_over_gmax_pct_diff": -16.51320223572061,
        "stress_path_nrmse": null,
        "loop_energy_pct_diff": null
      },
      {
        "layer_index": 4,
        "z_mid_m": 18.0,
        "sw_gamma_max": 0.00039012782579,
        "ref_gamma_max": 0.000301760267240939,
        "gamma_max_pct_diff": 29.284027137510574,
        "sw_tau_peak_kpa": 86.415089251,
        "ref_tau_peak_kpa": 84.9,
        "tau_peak_pct_diff": 1.7845574216725464,
        "sw_secant_g_over_gmax": 0.44683067541,
        "ref_secant_g_over_gmax": 0.5520070668117482,
        "secant_g_over_gmax_pct_diff": -19.05345016853138,
        "stress_path_nrmse": null,
        "loop_energy_pct_diff": null
      }
    ]
  },
  "backbone_diagnostic": {
    "row_count": 5,
    "tau_peak_kpa_nrmse": 0.00032434026175287247,
    "secant_g_over_gmax_nrmse": 0.001194232004210919,
    "backbone_loop_energy_nrmse": 1.4303591295408211,
    "worst_tau_layer_index": 0,
    "worst_secant_layer_index": 0,
    "rows": [
      {
        "layer_index": 0,
        "z_mid_m": 2.0,
        "material": "gqh",
        "reload_factor": 1.1,
        "ref_gamma_max": 2.9259805780019977e-05,
        "ref_tau_peak_kpa": 12.1,
        "ref_secant_g_over_gmax": 0.8113587690390948,
        "sw_backbone_tau_peak_kpa": 12.129743532742133,
        "sw_backbone_tau_pct_diff": 0.24581432018291677,
        "sw_backbone_secant_g_over_gmax": 0.8133531985746272,
        "sw_backbone_secant_pct_diff": 0.2458135182164175,
        "sw_backbone_tangent_g_over_gmax": 0.6822728945235856,
        "backbone_masing_loop_energy": 0.00027825684613537493,
        "backbone_masing_loop_energy_pct_diff": 143.0359129540821
      },
      {
        "layer_index": 1,
        "z_mid_m": 6.0,
        "material": "gqh",
        "reload_factor": 1.1,
        "ref_gamma_max": 0.00010238136840577661,
        "ref_tau_peak_kpa": 36.1,
        "ref_secant_g_over_gmax": 0.6918075144227482,
        "sw_backbone_tau_peak_kpa": 36.058119371991374,
        "sw_backbone_tau_pct_diff": -0.11601281996849651,
        "sw_backbone_secant_g_over_gmax": 0.6910049234884731,
        "sw_backbone_secant_pct_diff": -0.1160136190403829,
        "sw_backbone_tangent_g_over_gmax": 0.4973337230797821,
        "backbone_masing_loop_energy": 0.0037939241580697593,
        "backbone_masing_loop_energy_pct_diff": null
      },
      {
        "layer_index": 2,
        "z_mid_m": 10.0,