{
  "run_id": "run-4ae945e0523c",
  "run_dir": "H:\\Drive'\u0131m\\GitHub_Repo\\Deepsoil\\1DSRA\\output\\baseline_iter\\reload_1p2\\run-4ae945e0523c",
  "stratawave_dt_s": 0.004999999999999893,
  "deepsoil_dt_s": 0.004999999999999893,
  "overlap_duration_s": 29.989999999999363,
  "overlap_samples": 5999,
  "stratawave_pga_m_s2": 2.615951671457939,
  "deepsoil_pga_m_s2": 3.0161205902380765,
  "pga_ratio": 0.8673233026307644,
  "pga_pct_diff": -13.267669736923562,
  "surface_rmse_m_s2": 0.2876163465560577,
  "surface_nrmse": 0.09535969731686192,
  "surface_corrcoef": 0.7894942588559127,
  "psa_point_count": 80,
  "psa_rmse_m_s2": 0.7996167615740521,
  "psa_nrmse": 0.07111045129257425,
  "psa_max_abs_diff_m_s2": 2.7565952834709204,
  "psa_pct_diff_at_peak": -17.31970724706053,
  "psa_peak_period_s": 0.16941210201752382,
  "used_reference_psa_csv": true,
  "surface_psa_peak_period_diff_pct": 11.732494130275942,
  "arias_intensity_sw": 1.0525333111791761,
  "arias_intensity_ref": 0.7032391887594881,
  "arias_intensity_ratio": 1.4966931991316381,
  "xcorr_lag_samples": 0,
  "xcorr_lag_s": 0.0,
  "xcorr_peak_coeff": 0.7894942490047272,
  "input_history_nrmse": 0.021913421177076252,
  "input_psa_nrmse": 0.014235384034179578,
  "applied_input_history_nrmse": 0.021913421177076252,
  "applied_input_psa_nrmse": 0.00012250314068310337,
  "input_dt_used_s": 0.004999999999999893,
  "input_pga_loaded_m_s2": 2.1460672722560035,
  "applied_input_pga_loaded_m_s2": 1.0730336361280017,
  "boundary_condition": "rigid",
  "motion_input_type": "outcrop",
  "damping_mode": "frequency_independent",
  "base_motion_semantics_ok": true,
  "reference_kind": "primary_gqh",
  "warnings": [],
  "profile": {
    "depth_points": 5,
    "compared_metrics": [
      "effective_stress_kpa",
      "pga_g",
      "max_displacement_m",
      "max_strain_pct",
      "max_stress_ratio",
      "mobilized_strength_kpa",
      "mobilized_friction_angle_deg"
    ],
    "gamma_max_nrmse": null,
    "ru_max_nrmse": null,
    "sigma_v_eff_min_nrmse": null,
    "effective_stress_kpa_nrmse": 0.614482167294058,
    "pga_g_nrmse": 0.10012111261406094,
    "max_displacement_m_nrmse": 0.34476951846325665,
    "max_strain_pct_nrmse": 0.14632273761043052,
    "max_stress_ratio_nrmse": 0.5158846101167622,
    "vs_m_s_nrmse": null,
    "implied_strength_kpa_nrmse": null,
    "normalized_implied_strength_nrmse": null,
    "implied_friction_angle_deg_nrmse": null,
    "mobilized_strength_nrmse": 0.09972752590366923,
    "mobilized_friction_angle_deg_nrmse": 0.49045738291968954
  },
  "hysteresis": {
    "layer_index": 0,
    "point_count": 240,
    "sw_gamma_peak": 2.5568801664513296e-05,
    "ref_gamma_peak": 2.6860040502993477e-05,
    "gamma_peak_pct_diff": -4.807285522656883,
    "sw_tau_peak_kpa": 9.271083180077675,
    "ref_tau_peak_kpa": 10.957557413672664,
    "tau_peak_pct_diff": -15.3909687161724,
    "sw_loop_energy": 0.0002650010228534982,
    "ref_loop_energy": 0.00011449206940372935,
    "loop_energy_pct_diff": 131.45797279550814,
    "stress_path_nrmse": 0.28949205918212606
  },
  "layer_parity": {
    "row_count": 5,
    "gamma_max_nrmse": 0.14632273761043052,
    "tau_peak_kpa_nrmse": 0.09972752590366923,
    "secant_g_over_gmax_nrmse": 0.16191862619560318,
    "worst_gamma_layer_index": 0,
    "worst_tau_layer_index": 4,
    "worst_secant_layer_index": 3,
    "rows": [
      {
        "layer_index": 0,
        "z_mid_m": 2.0,
        "sw_gamma_max": 4.8166611733e-05,
        "ref_gamma_max": 2.9259805780019977e-05,
        "gamma_max_pct_diff": 64.6169906086339,
        "sw_tau_peak_kpa": 10.643925671,
        "ref_tau_peak_kpa": 12.1,
        "tau_peak_pct_diff": -12.033672140495867,
        "sw_secant_g_over_gmax": 0.68983799152,
        "ref_secant_g_over_gmax": 0.8113587690390948,
        "secant_g_over_gmax_pct_diff": -14.97744057946323,
        "stress_path_nrmse": 0.28949205918212606,
        "loop_energy_pct_diff": 131.45797279550814
      },
      {
        "layer_index": 1,
        "z_mid_m": 6.0,
        "sw_gamma_max": 0.000136057874,
        "ref_gamma_max": 0.00010238136840577661,
        "gamma_max_pct_diff": 32.89319738406943,
        "sw_tau_peak_kpa": 31.385999489,
        "ref_tau_peak_kpa": 36.1,
        "tau_peak_pct_diff": -13.058173160664824,
        "sw_secant_g_over_gmax": 0.56303145353,
        "ref_secant_g_over_gmax": 0.6918075144227482,
        "secant_g_over_gmax_pct_diff": -18.614435114975652,
        "stress_path_nrmse": null,
        "loop_energy_pct_diff": null
      },
      {
        "layer_index": 2,
        "z_mid_m": 10.0,
        "sw_gamma_max": 0.00023800458764,
        "ref_gamma_max": 0.0001855473392878404,
        "gamma_max_pct_diff": 28.271625210848445,
        "sw_tau_peak_kpa": 49.949122232,
        "ref_tau_peak_kpa": 57.6,
        "tau_peak_pct_diff": -13.282773902777778,
        "sw_secant_g_over_gmax": 0.47261900144,
        "ref_secant_g_over_gmax": 0.6090693643668219,
        "secant_g_over_gmax_pct_diff": -22.403090831644988,
        "stress_path_nrmse": null,
        "loop_energy_pct_diff": null
      },
      {
        "layer_index": 3,
        "z_mid_m": 14.0,
        "sw_gamma_max": 0.00032016015144,
        "ref_gamma_max": 0.0002599749714841779,
        "gamma_max_pct_diff": 23.15037467346545,
        "sw_tau_peak_kpa": 64.130190003,
        "ref_tau_peak_kpa": 74.7,
        "tau_peak_pct_diff": -14.149678710843382,
        "sw_secant_g_over_gmax": 0.42668350936,
        "ref_secant_g_over_gmax": 0.5637519610572196,
        "secant_g_over_gmax_pct_diff": -24.313609737192106,
        "stress_path_nrmse": null,
        "loop_energy_pct_diff": null
      },
      {
        "layer_index": 4,
        "z_mid_m": 18.0,
        "sw_gamma_max": 0.00034514755738,
        "ref_gamma_max": 0.000301760267240939,
        "gamma_max_pct_diff": 14.378065918273665,
        "sw_tau_peak_kpa": 72.09998389,
        "ref_tau_peak_kpa": 84.9,
        "tau_peak_pct_diff": -15.076579634864547,
        "sw_secant_g_over_gmax": 0.41957318935,
        "ref_secant_g_over_gmax": 0.5520070668117482,
        "secant_g_over_gmax_pct_diff": -23.991337325924547,
        "stress_path_nrmse": null,
        "loop_energy_pct_diff": null
      }
    ]
  },
  "backbone_diagnostic": {
    "row_count": 5,
    "tau_peak_kpa_nrmse": 0.00032434026175287247,
    "secant_g_over_gmax_nrmse": 0.001194232004210919,
    "backbone_loop_energy_nrmse": 1.4303591295408211,
    "worst_tau_layer_index": 0,
    "worst_secant_layer_index": 0,
    "rows": [
      {
        "layer_index": 0,
        "z_mid_m": 2.0,
        "material": "gqh",
        "reload_factor": 1.2,
        "ref_gamma_max": 2.9259805780019977e-05,
        "ref_tau_peak_kpa": 12.1,
        "ref_secant_g_over_gmax": 0.8113587690390948,
        "sw_backbone_tau_peak_kpa": 12.129743532742133,
        "sw_backbone_tau_pct_diff": 0.24581432018291677,
        "sw_backbone_secant_g_over_gmax": 0.8133531985746272,
        "sw_backbone_secant_pct_diff": 0.2458135182164175,
        "sw_backbone_tangent_g_over_gmax": 0.6822728945235856,
        "backbone_masing_loop_energy": 0.00027825684613537493,
        "backbone_masing_loop_energy_pct_diff": 143.0359129540821
      },
      {
        "layer_index": 1,
        "z_mid_m": 6.0,
        "material": "gqh",
        "reload_factor": 1.2,
        "ref_gamma_max": 0.00010238136840577661,
        "ref_tau_peak_kpa": 36.1,
        "ref_secant_g_over_gmax": 0.6918075144227482,
        "sw_backbone_tau_peak_kpa": 36.058119371991374,
        "sw_backbone_tau_pct_diff": -0.11601281996849651,
        "sw_backbone_secant_g_over_gmax": 0.6910049234884731,
        "sw_backbone_secant_pct_diff": -0.1160136190403829,
        "sw_backbone_tangent_g_over_gmax": 0.4973337230797821,
        "backbone_masing_loop_energy": 0.0037939241580697593,
        "backbone_masing_loop_energy_pct_diff": null
      },
      {
        "layer_index": 2,
        "z_mid_m": 10.0,
        "material": "gqh",