{
  "iterations": 7,
  "converged": true,
  "max_change_history": [
    0.1902514876653679,
    0.12607003083050733,
    0.05130055795945518,
    0.04159532917294537,
    0.039932632905285245,
    0.0351805593814104,
    0.016813510386075464
  ],
  "layer_vs_m_s": {
    "1": 444.64716575817044,
    "2": 409.7848144215004,
    "3": 387.33280591271284,
    "4": 376.40814105728236,
    "5": 376.40759005244234
  },
  "layer_damping": {
    "1": 0.035492214631121746,
    "2": 0.03752721298939617,
    "3": 0.03849298901785616,
    "4": 0.03772211375704572,
    "5": 0.03540563050384421
  },
  "layer_gamma_eff": {
    "1": 7.76093241542433e-05,
    "2": 0.00020443454892148517,
    "3": 0.0003333083861093735,
    "4": 0.0004290172434591415,
    "5": 0.0004633743510991336
  },
  "layer_max_abs_strain": {
    "1": 0.00011939896023729739,
    "2": 0.0003145146906484387,
    "3": 0.0005127821324759593,
    "4": 0.0006600265283986792,
    "5": 0.0007128836170755902
  }
}