{
  "run_id": "run-3c08c6064cba",
  "run_dir": "H:\\Drive'\u0131m\\GitHub_Repo\\Deepsoil\\1DSRA\\output\\baseline_iter\\mrdf_scale_reversal\\run-3c08c6064cba",
  "stratawave_dt_s": 0.004999999999999893,
  "deepsoil_dt_s": 0.004999999999999893,
  "overlap_duration_s": 29.989999999999363,
  "overlap_samples": 5999,
  "stratawave_pga_m_s2": 2.0779957706036774,
  "deepsoil_pga_m_s2": 3.0161205902380765,
  "pga_ratio": 0.6889630929642808,
  "pga_pct_diff": -31.10369070357192,
  "surface_rmse_m_s2": 0.3218001090051591,
  "surface_nrmse": 0.10669338289951526,
  "surface_corrcoef": 0.6234047139930056,
  "psa_point_count": 80,
  "psa_rmse_m_s2": 1.1723881552596416,
  "psa_nrmse": 0.10426125966452862,
  "psa_max_abs_diff_m_s2": 3.4602031548984096,
  "psa_pct_diff_at_peak": -29.61798602559636,
  "psa_peak_period_s": 0.16941210201752382,
  "used_reference_psa_csv": true,
  "surface_psa_peak_period_diff_pct": 11.732494130275942,
  "arias_intensity_sw": 0.6122209465993933,
  "arias_intensity_ref": 0.7032391887594881,
  "arias_intensity_ratio": 0.870572852572891,
  "xcorr_lag_samples": 3,
  "xcorr_lag_s": 0.01499999999999968,
  "xcorr_peak_coeff": 0.7156399720618037,
  "input_history_nrmse": 0.021913421177076252,
  "input_psa_nrmse": 0.014235384034179578,
  "applied_input_history_nrmse": 0.021913421177076252,
  "applied_input_psa_nrmse": 0.00012250314068310337,
  "input_dt_used_s": 0.004999999999999893,
  "input_pga_loaded_m_s2": 2.1460672722560035,
  "applied_input_pga_loaded_m_s2": 1.0730336361280017,
  "boundary_condition": "rigid",
  "motion_input_type": "outcrop",
  "damping_mode": "frequency_independent",
  "base_motion_semantics_ok": true,
  "reference_kind": "primary_gqh",
  "warnings": [],
  "profile": {
    "depth_points": 5,
    "compared_metrics": [
      "effective_stress_kpa",
      "pga_g",
      "max_displacement_m",
      "max_strain_pct",
      "max_stress_ratio",
      "mobilized_strength_kpa",
      "mobilized_friction_angle_deg"
    ],
    "gamma_max_nrmse": null,
    "ru_max_nrmse": null,
    "sigma_v_eff_min_nrmse": null,
    "effective_stress_kpa_nrmse": 0.614482167294058,
    "pga_g_nrmse": 0.22251149253432698,
    "max_displacement_m_nrmse": 0.39833002494907555,
    "max_strain_pct_nrmse": 0.1024123670687055,
    "max_stress_ratio_nrmse": 0.6080689775087351,
    "vs_m_s_nrmse": null,
    "implied_strength_kpa_nrmse": null,
    "normalized_implied_strength_nrmse": null,
    "implied_friction_angle_deg_nrmse": null,
    "mobilized_strength_nrmse": 0.24691390322970877,
    "mobilized_friction_angle_deg_nrmse": 0.5880304156162922
  },
  "hysteresis": {
    "layer_index": 0,
    "point_count": 240,
    "sw_gamma_peak": 2.181367800723058e-05,
    "ref_gamma_peak": 2.6860040502993477e-05,
    "gamma_peak_pct_diff": -18.78762057414059,
    "sw_tau_peak_kpa": 6.821458548629783,
    "ref_tau_peak_kpa": 10.957557413672664,
    "tau_peak_pct_diff": -37.74654066500188,
    "sw_loop_energy": 0.0001350951704063743,
    "ref_loop_energy": 0.00011449206940372935,
    "loop_energy_pct_diff": 17.99522107508858,
    "stress_path_nrmse": 0.2515723977966517
  },
  "layer_parity": {
    "row_count": 5,
    "gamma_max_nrmse": 0.10241236706870548,
    "tau_peak_kpa_nrmse": 0.24691390322970877,
    "secant_g_over_gmax_nrmse": 0.27057825565011273,
    "worst_gamma_layer_index": 0,
    "worst_tau_layer_index": 4,
    "worst_secant_layer_index": 2,
    "rows": [
      {
        "layer_index": 0,
        "z_mid_m": 2.0,
        "sw_gamma_max": 4.2927481123e-05,
        "ref_gamma_max": 2.9259805780019977e-05,
        "gamma_max_pct_diff": 46.711435631992394,
        "sw_tau_peak_kpa": 8.3456318939,
        "ref_tau_peak_kpa": 12.1,
        "tau_peak_pct_diff": -31.027835587603303,
        "sw_secant_g_over_gmax": 0.6017044621,
        "ref_secant_g_over_gmax": 0.8113587690390948,
        "secant_g_over_gmax_pct_diff": -25.839901525608923,
        "stress_path_nrmse": 0.2515723977966517,
        "loop_energy_pct_diff": 17.99522107508858
      },
      {
        "layer_index": 1,
        "z_mid_m": 6.0,
        "sw_gamma_max": 0.00013268904007,
        "ref_gamma_max": 0.00010238136840577661,
        "gamma_max_pct_diff": 29.602721800027577,
        "sw_tau_peak_kpa": 24.953712102,
        "ref_tau_peak_kpa": 36.1,
        "tau_peak_pct_diff": -30.876143761772852,
        "sw_secant_g_over_gmax": 0.45149410499,
        "ref_secant_g_over_gmax": 0.6918075144227482,
        "secant_g_over_gmax_pct_diff": -34.737033701241074,
        "stress_path_nrmse": null,
        "loop_energy_pct_diff": null
      },
      {
        "layer_index": 2,
        "z_mid_m": 10.0,
        "sw_gamma_max": 0.00023714981608,
        "ref_gamma_max": 0.0001855473392878404,
        "gamma_max_pct_diff": 27.810949480719007,
        "sw_tau_peak_kpa": 38.998642727,
        "ref_tau_peak_kpa": 57.6,
        "tau_peak_pct_diff": -32.29402304340279,
        "sw_secant_g_over_gmax": 0.3655772899,
        "ref_secant_g_over_gmax": 0.6090693643668219,
        "secant_g_over_gmax_pct_diff": -39.977724822845445,
        "stress_path_nrmse": null,
        "loop_energy_pct_diff": null
      },
      {
        "layer_index": 3,
        "z_mid_m": 14.0,
        "sw_gamma_max": 0.00028458628086,
        "ref_gamma_max": 0.0002599749714841779,
        "gamma_max_pct_diff": 9.466799528938488,
        "sw_tau_peak_kpa": 48.673383077,
        "ref_tau_peak_kpa": 74.7,
        "tau_peak_pct_diff": -34.84152198527444,
        "sw_secant_g_over_gmax": 0.34953753627,
        "ref_secant_g_over_gmax": 0.5637519610572196,
        "secant_g_over_gmax_pct_diff": -37.99799195119381,
        "stress_path_nrmse": null,
        "loop_energy_pct_diff": null
      },
      {
        "layer_index": 4,
        "z_mid_m": 18.0,
        "sw_gamma_max": 0.00028172558646,
        "ref_gamma_max": 0.000301760267240939,
        "gamma_max_pct_diff": -6.639270625029768,
        "sw_tau_peak_kpa": 52.720743722,
        "ref_tau_peak_kpa": 84.9,
        "tau_peak_pct_diff": -37.902539785630154,
        "sw_secant_g_over_gmax": 0.36734875544,
        "ref_secant_g_over_gmax": 0.5520070668117482,
        "secant_g_over_gmax_pct_diff": -33.45216437867135,
        "stress_path_nrmse": null,
        "loop_energy_pct_diff": null
      }
    ]
  },
  "artifacts": {
    "output_dir": "H:\\Drive'\u0131m\\GitHub_Repo\\Deepsoil\\1DSRA\\output\\baseline_iter\\mrdf_scale_reversal\\run-3c08c6064cba\\compare",
    "json_path": "H:\\Drive'\u0131m\\GitHub_Repo\\Deepsoil\\1DSRA\\output\\baseline_iter\\mrdf_scale_reversal\\run-3c08c6064cba\\compare\\deepsoil_compare.json",
    "markdown_path": "H:\\Drive'\u0131m\\GitHub_Repo\\Deepsoil\\1DSRA\\output\\baseline_iter\\mrdf_scale_reversal\\run-3c08c6064cba\\compare\\deepsoil_compare.md",
    "layer_parity_csv": "H:\\Drive'\u0131m\\GitHub_Repo\\Deepsoil\\1DSRA\\output\\baseline_iter\\mrdf_scale_reversal\\run-3c08c6064cba\\compare\\layer_parity.csv"
  }
}