{
  "run_id": "run-1f27fd0edc1e",
  "run_dir": "H:\\Drive'\u0131m\\GitHub_Repo\\Deepsoil\\1DSRA\\output\\baseline_iter\\reload_2p0\\run-1f27fd0edc1e",
  "stratawave_dt_s": 0.004999999999999893,
  "deepsoil_dt_s": 0.004999999999999893,
  "overlap_duration_s": 29.989999999999363,
  "overlap_samples": 5999,
  "stratawave_pga_m_s2": 3.051934452710361,
  "deepsoil_pga_m_s2": 3.0161205902380765,
  "pga_ratio": 1.0118741480656306,
  "pga_pct_diff": 1.187414806563069,
  "surface_rmse_m_s2": 0.35148483880656806,
  "surface_nrmse": 0.11653540642387522,
  "surface_corrcoef": 0.7684932175999938,
  "psa_point_count": 80,
  "psa_rmse_m_s2": 0.9785960124684466,
  "psa_nrmse": 0.08702719530636091,
  "psa_max_abs_diff_m_s2": 5.088577035064116,
  "psa_pct_diff_at_peak": 5.6674705894502235,
  "psa_peak_period_s": 0.16941210201752382,
  "used_reference_psa_csv": true,
  "surface_psa_peak_period_diff_pct": 11.732494130275942,
  "arias_intensity_sw": 1.4330821935627693,
  "arias_intensity_ref": 0.7032391887594881,
  "arias_intensity_ratio": 2.037830394649539,
  "xcorr_lag_samples": 0,
  "xcorr_lag_s": 0.0,
  "xcorr_peak_coeff": 0.7684932038525767,
  "input_history_nrmse": 0.021913421177076252,
  "input_psa_nrmse": 0.014235384034179578,
  "applied_input_history_nrmse": 0.021913421177076252,
  "applied_input_psa_nrmse": 0.00012250314068310337,
  "input_dt_used_s": 0.004999999999999893,
  "input_pga_loaded_m_s2": 2.1460672722560035,
  "applied_input_pga_loaded_m_s2": 1.0730336361280017,
  "boundary_condition": "rigid",
  "motion_input_type": "outcrop",
  "damping_mode": "frequency_independent",
  "base_motion_semantics_ok": true,
  "reference_kind": "primary_gqh",
  "warnings": [],
  "profile": {
    "depth_points": 5,
    "compared_metrics": [
      "effective_stress_kpa",
      "pga_g",
      "max_displacement_m",
      "max_strain_pct",
      "max_stress_ratio",
      "mobilized_strength_kpa",
      "mobilized_friction_angle_deg"
    ],
    "gamma_max_nrmse": null,
    "ru_max_nrmse": null,
    "sigma_v_eff_min_nrmse": null,
    "effective_stress_kpa_nrmse": 0.614482167294058,
    "pga_g_nrmse": 0.04776309194627547,
    "max_displacement_m_nrmse": 0.3444725738023106,
    "max_strain_pct_nrmse": 0.14696116067398576,
    "max_stress_ratio_nrmse": 0.44794392583213744,
    "vs_m_s_nrmse": null,
    "implied_strength_kpa_nrmse": null,
    "normalized_implied_strength_nrmse": null,
    "implied_friction_angle_deg_nrmse": null,
    "mobilized_strength_nrmse": 0.004508831504185013,
    "mobilized_friction_angle_deg_nrmse": 0.4202298150327233
  },
  "hysteresis": {
    "layer_index": 0,
    "point_count": 240,
    "sw_gamma_peak": 2.8905941461806547e-05,
    "ref_gamma_peak": 2.6860040502993477e-05,
    "gamma_peak_pct_diff": 7.616894541112327,
    "sw_tau_peak_kpa": 11.102470944015362,
    "ref_tau_peak_kpa": 10.957557413672664,
    "tau_peak_pct_diff": 1.3224984809285847,
    "sw_loop_energy": 0.00029634076376082214,
    "ref_loop_energy": 0.00011449206940372935,
    "loop_energy_pct_diff": 158.83082147449548,
    "stress_path_nrmse": 0.30879127533033396
  },
  "layer_parity": {
    "row_count": 5,
    "gamma_max_nrmse": 0.14696116067398576,
    "tau_peak_kpa_nrmse": 0.004508831504185013,
    "secant_g_over_gmax_nrmse": 0.07934608095386318,
    "worst_gamma_layer_index": 0,
    "worst_tau_layer_index": 0,
    "worst_secant_layer_index": 3,
    "rows": [
      {
        "layer_index": 0,
        "z_mid_m": 2.0,
        "sw_gamma_max": 5.1696259099e-05,
        "ref_gamma_max": 2.9259805780019977e-05,
        "gamma_max_pct_diff": 76.68011704404658,
        "sw_tau_peak_kpa": 12.396841257,
        "ref_tau_peak_kpa": 12.1,
        "tau_peak_pct_diff": 2.453233528925624,
        "sw_secant_g_over_gmax": 0.73986600364,
        "ref_secant_g_over_gmax": 0.8113587690390948,
        "secant_g_over_gmax_pct_diff": -8.811486130083342,
        "stress_path_nrmse": 0.30879127533033396,
        "loop_energy_pct_diff": 158.83082147449548
      },
      {
        "layer_index": 1,
        "z_mid_m": 6.0,
        "sw_gamma_max": 0.00013890905662,
        "ref_gamma_max": 0.00010238136840577661,
        "gamma_max_pct_diff": 35.678062115218225,
        "sw_tau_peak_kpa": 36.522635348,
        "ref_tau_peak_kpa": 36.1,
        "tau_peak_pct_diff": 1.1707350360110804,
        "sw_secant_g_over_gmax": 0.63106376134,
        "ref_secant_g_over_gmax": 0.6918075144227482,
        "secant_g_over_gmax_pct_diff": -8.780441353464267,
        "stress_path_nrmse": null,
        "loop_energy_pct_diff": null
      },
      {
        "layer_index": 2,
        "z_mid_m": 10.0,
        "sw_gamma_max": 0.00023893301618,
        "ref_gamma_max": 0.0001855473392878404,
        "gamma_max_pct_diff": 28.771998077181888,
        "sw_tau_peak_kpa": 58.198760864,
        "ref_tau_peak_kpa": 57.6,
        "tau_peak_pct_diff": 1.0395153888888873,
        "sw_secant_g_over_gmax": 0.54274154663,
        "ref_secant_g_over_gmax": 0.6090693643668219,
        "secant_g_over_gmax_pct_diff": -10.890026919310777,
        "stress_path_nrmse": null,
        "loop_energy_pct_diff": null
      },
      {
        "layer_index": 3,
        "z_mid_m": 14.0,
        "sw_gamma_max": 0.00031603894476,
        "ref_gamma_max": 0.0002599749714841779,
        "gamma_max_pct_diff": 21.565142581132726,
        "sw_tau_peak_kpa": 74.957010138,
        "ref_tau_peak_kpa": 74.7,
        "tau_peak_pct_diff": 0.3440564096385519,
        "sw_secant_g_over_gmax": 0.5003728272,
        "ref_secant_g_over_gmax": 0.5637519610572196,
        "secant_g_over_gmax_pct_diff": -11.24237931489639,
        "stress_path_nrmse": null,
        "loop_energy_pct_diff": null
      },
      {
        "layer_index": 4,
        "z_mid_m": 18.0,
        "sw_gamma_max": 0.00034650882423,
        "ref_gamma_max": 0.000301760267240939,
        "gamma_max_pct_diff": 14.829174628657036,
        "sw_tau_peak_kpa": 84.696593359,
        "ref_tau_peak_kpa": 84.9,
        "tau_peak_pct_diff": -0.2395837938751482,
        "sw_secant_g_over_gmax": 0.49280055896,
        "ref_secant_g_over_gmax": 0.5520070668117482,
        "secant_g_over_gmax_pct_diff": -10.725679327569084,
        "stress_path_nrmse": null,
        "loop_energy_pct_diff": null
      }
    ]
  },
  "artifacts": {
    "output_dir": "H:\\Drive'\u0131m\\GitHub_Repo\\Deepsoil\\1DSRA\\output\\baseline_iter\\reload_2p0\\run-1f27fd0edc1e\\compare",
    "json_path": "H:\\Drive'\u0131m\\GitHub_Repo\\Deepsoil\\1DSRA\\output\\baseline_iter\\reload_2p0\\run-1f27fd0edc1e\\compare\\deepsoil_compare.json",
    "markdown_path": "H:\\Drive'\u0131m\\GitHub_Repo\\Deepsoil\\1DSRA\\output\\baseline_iter\\reload_2p0\\run-1f27fd0edc1e\\compare\\deepsoil_compare.md",
    "layer_parity_csv": "H:\\Drive'\u0131m\\GitHub_Repo\\Deepsoil\\1DSRA\\output\\baseline_iter\\reload_2p0\\run-1f27fd0edc1e\\compare\\layer_parity.csv"
  }
}