{
  "run_id": "run-35ad543c456f",
  "run_dir": "H:\\Drive'\u0131m\\GitHub_Repo\\Deepsoil\\1DSRA\\output\\baseline_iter\\reload_1p0\\run-35ad543c456f",
  "stratawave_dt_s": 0.004999999999999893,
  "deepsoil_dt_s": 0.004999999999999893,
  "overlap_duration_s": 29.989999999999363,
  "overlap_samples": 5999,
  "stratawave_pga_m_s2": 2.461063274292446,
  "deepsoil_pga_m_s2": 3.0161205902380765,
  "pga_ratio": 0.8159697865721551,
  "pga_pct_diff": -18.403021342784488,
  "surface_rmse_m_s2": 0.2721944486206912,
  "surface_nrmse": 0.09024654037436715,
  "surface_corrcoef": 0.7915089458704797,
  "psa_point_count": 80,
  "psa_rmse_m_s2": 0.8309248980988676,
  "psa_nrmse": 0.07389470473046691,
  "psa_max_abs_diff_m_s2": 2.564213931708382,
  "psa_pct_diff_at_peak": -22.803725316556232,
  "psa_peak_period_s": 0.16941210201752382,
  "used_reference_psa_csv": true,
  "surface_psa_peak_period_diff_pct": 11.732494130275942,
  "arias_intensity_sw": 0.9389563432501828,
  "arias_intensity_ref": 0.7032391887594881,
  "arias_intensity_ratio": 1.3351877401862362,
  "xcorr_lag_samples": 1,
  "xcorr_lag_s": 0.004999999999999893,
  "xcorr_peak_coeff": 0.7962306922419182,
  "input_history_nrmse": 0.021913421177076252,
  "input_psa_nrmse": 0.014235384034179578,
  "applied_input_history_nrmse": 0.021913421177076252,
  "applied_input_psa_nrmse": 0.00012250314068310337,
  "input_dt_used_s": 0.004999999999999893,
  "input_pga_loaded_m_s2": 2.1460672722560035,
  "applied_input_pga_loaded_m_s2": 1.0730336361280017,
  "boundary_condition": "rigid",
  "motion_input_type": "outcrop",
  "damping_mode": "frequency_independent",
  "base_motion_semantics_ok": true,
  "reference_kind": "primary_gqh",
  "warnings": [],
  "profile": {
    "depth_points": 5,
    "compared_metrics": [
      "effective_stress_kpa",
      "pga_g",
      "max_displacement_m",
      "max_strain_pct",
      "max_stress_ratio",
      "mobilized_strength_kpa",
      "mobilized_friction_angle_deg"
    ],
    "gamma_max_nrmse": null,
    "ru_max_nrmse": null,
    "sigma_v_eff_min_nrmse": null,
    "effective_stress_kpa_nrmse": 0.614482167294058,
    "pga_g_nrmse": 0.1315896580127307,
    "max_displacement_m_nrmse": 0.3512668306260109,
    "max_strain_pct_nrmse": 0.13487726777347173,
    "max_stress_ratio_nrmse": 0.5397299394253315,
    "vs_m_s_nrmse": null,
    "implied_strength_kpa_nrmse": null,
    "normalized_implied_strength_nrmse": null,
    "implied_friction_angle_deg_nrmse": null,
    "mobilized_strength_nrmse": 0.137557471220769,
    "mobilized_friction_angle_deg_nrmse": 0.5154784964820098
  },
  "hysteresis": {
    "layer_index": 0,
    "point_count": 240,
    "sw_gamma_peak": 2.2888872577448422e-05,
    "ref_gamma_peak": 2.6860040502993477e-05,
    "gamma_peak_pct_diff": -14.784668418882239,
    "sw_tau_peak_kpa": 7.6144010680184415,
    "ref_tau_peak_kpa": 10.957557413672664,
    "tau_peak_pct_diff": -30.510050912283475,
    "sw_loop_energy": 0.000246020125863912,
    "ref_loop_energy": 0.00011449206940372935,
    "loop_energy_pct_diff": 114.87962192069385,
    "stress_path_nrmse": 0.26986019501478636
  },
  "layer_parity": {
    "row_count": 5,
    "gamma_max_nrmse": 0.13487726777347173,
    "tau_peak_kpa_nrmse": 0.137557471220769,
    "secant_g_over_gmax_nrmse": 0.1853372162902245,
    "worst_gamma_layer_index": 0,
    "worst_tau_layer_index": 4,
    "worst_secant_layer_index": 3,
    "rows": [
      {
        "layer_index": 0,
        "z_mid_m": 2.0,
        "sw_gamma_max": 4.6176730709e-05,
        "ref_gamma_max": 2.9259805780019977e-05,
        "gamma_max_pct_diff": 57.816258440552346,
        "sw_tau_peak_kpa": 10.056258856,
        "ref_tau_peak_kpa": 12.1,
        "tau_peak_pct_diff": -16.890422677685955,
        "sw_secant_g_over_gmax": 0.68064376109,
        "ref_secant_g_over_gmax": 0.8113587690390948,
        "secant_g_over_gmax_pct_diff": -16.11062983936226,
        "stress_path_nrmse": 0.26986019501478636,
        "loop_energy_pct_diff": 114.87962192069385
      },
      {
        "layer_index": 1,
        "z_mid_m": 6.0,
        "sw_gamma_max": 0.00013413013123,
        "ref_gamma_max": 0.00010238136840577661,
        "gamma_max_pct_diff": 31.010293492455457,
        "sw_tau_peak_kpa": 29.76060842,
        "ref_tau_peak_kpa": 36.1,
        "tau_peak_pct_diff": -17.560641495844877,
        "sw_secant_g_over_gmax": 0.54458368178,
        "ref_secant_g_over_gmax": 0.6918075144227482,
        "secant_g_over_gmax_pct_diff": -21.281039822990845,
        "stress_path_nrmse": null,
        "loop_energy_pct_diff": null
      },
      {
        "layer_index": 2,
        "z_mid_m": 10.0,
        "sw_gamma_max": 0.00023455217551,
        "ref_gamma_max": 0.0001855473392878404,
        "gamma_max_pct_diff": 26.410961434557766,
        "sw_tau_peak_kpa": 46.906532226,
        "ref_tau_peak_kpa": 57.6,
        "tau_peak_pct_diff": -18.565048218749997,
        "sw_secant_g_over_gmax": 0.45069579636,
        "ref_secant_g_over_gmax": 0.6090693643668219,
        "secant_g_over_gmax_pct_diff": -26.00255032880604,
        "stress_path_nrmse": null,
        "loop_energy_pct_diff": null
      },
      {
        "layer_index": 3,
        "z_mid_m": 14.0,
        "sw_gamma_max": 0.00031777806002,
        "ref_gamma_max": 0.0002599749714841779,
        "gamma_max_pct_diff": 22.234097461701236,
        "sw_tau_peak_kpa": 60.2068967,
        "ref_tau_peak_kpa": 74.7,
        "tau_peak_pct_diff": -19.401744712182065,
        "sw_secant_g_over_gmax": 0.4030637754,
        "ref_secant_g_over_gmax": 0.5637519610572196,
        "secant_g_over_gmax_pct_diff": -28.503348415121536,
        "stress_path_nrmse": null,
        "loop_energy_pct_diff": null
      },
      {
        "layer_index": 4,
        "z_mid_m": 18.0,
        "sw_gamma_max": 0.00033705696743,
        "ref_gamma_max": 0.000301760267240939,
        "gamma_max_pct_diff": 11.696934295487793,
        "sw_tau_peak_kpa": 67.202914007,
        "ref_tau_peak_kpa": 84.9,
        "tau_peak_pct_diff": -20.844624255594816,
        "sw_secant_g_over_gmax": 0.39903969683,
        "ref_secant_g_over_gmax": 0.5520070668117482,
        "secant_g_over_gmax_pct_diff": -27.711125305922007,
        "stress_path_nrmse": null,
        "loop_energy_pct_diff": null
      }
    ]
  },
  "artifacts": {
    "output_dir": "H:\\Drive'\u0131m\\GitHub_Repo\\Deepsoil\\1DSRA\\output\\baseline_iter\\reload_1p0\\run-35ad543c456f\\compare",
    "json_path": "H:\\Drive'\u0131m\\GitHub_Repo\\Deepsoil\\1DSRA\\output\\baseline_iter\\reload_1p0\\run-35ad543c456f\\compare\\deepsoil_compare.json",
    "markdown_path": "H:\\Drive'\u0131m\\GitHub_Repo\\Deepsoil\\1DSRA\\output\\baseline_iter\\reload_1p0\\run-35ad543c456f\\compare\\deepsoil_compare.md",
    "layer_parity_csv": "H:\\Drive'\u0131m\\GitHub_Repo\\Deepsoil\\1DSRA\\output\\baseline_iter\\reload_1p0\\run-35ad543c456f\\compare\\layer_parity.csv"
  }
}