{
  "run_id": "run-cabd2599f7e4",
  "run_dir": "H:\\Drive'\u0131m\\GitHub_Repo\\Deepsoil\\1DSRA\\output\\baseline_iter\\reload_follow_backbone_crossing_sweep\\rf_1p3\\run-cabd2599f7e4",
  "stratawave_dt_s": 0.004999999999999893,
  "deepsoil_dt_s": 0.004999999999999893,
  "overlap_duration_s": 29.99499999999936,
  "overlap_samples": 6000,
  "stratawave_pga_m_s2": 3.1371636349192062,
  "deepsoil_pga_m_s2": 3.0161205902380765,
  "pga_ratio": 1.0401320308852688,
  "pga_pct_diff": 4.013203088526882,
  "surface_rmse_m_s2": 0.33863001464756837,
  "surface_nrmse": 0.11227336723332883,
  "surface_corrcoef": 0.7481314498463847,
  "psa_point_count": 80,
  "psa_rmse_m_s2": 0.8016637098308357,
  "psa_nrmse": 0.07129248776467857,
  "psa_max_abs_diff_m_s2": 3.318244629491568,
  "psa_pct_diff_at_peak": -8.071147425247235,
  "psa_peak_period_s": 0.16941210201752382,
  "used_reference_psa_csv": true,
  "surface_psa_peak_period_diff_pct": 11.732494130275942,
  "arias_intensity_sw": 1.251043478061782,
  "arias_intensity_ref": 0.7032394850645711,
  "arias_intensity_ratio": 1.7789721775177512,
  "xcorr_lag_samples": 1,
  "xcorr_lag_s": 0.004999999999999893,
  "xcorr_peak_coeff": 0.7687595785075434,
  "input_history_nrmse": 3.9028023283585766e-05,
  "input_psa_nrmse": 0.014235105834099681,
  "applied_input_history_nrmse": 3.9028023283585766e-05,
  "applied_input_psa_nrmse": 0.00012773466201254687,
  "input_dt_used_s": 0.004999999999999893,
  "input_pga_loaded_m_s2": 2.146046870732979,
  "applied_input_pga_loaded_m_s2": 1.0730234353664896,
  "boundary_condition": "rigid",
  "motion_input_type": "outcrop",
  "damping_mode": "frequency_independent",
  "base_motion_semantics_ok": true,
  "reference_kind": "primary_gqh",
  "warnings": [],
  "profile": {
    "depth_points": 5,
    "compared_metrics": [
      "effective_stress_kpa",
      "pga_g",
      "max_displacement_m",
      "max_strain_pct",
      "max_stress_ratio",
      "mobilized_strength_kpa",
      "mobilized_friction_angle_deg"
    ],
    "gamma_max_nrmse": null,
    "ru_max_nrmse": null,
    "sigma_v_eff_min_nrmse": null,
    "effective_stress_kpa_nrmse": 0.614482167294058,
    "pga_g_nrmse": 0.06612420935730799,
    "max_displacement_m_nrmse": 0.35433413753210147,
    "max_strain_pct_nrmse": 0.2374908784023569,
    "max_stress_ratio_nrmse": 0.41656645254754254,
    "vs_m_s_nrmse": null,
    "implied_strength_kpa_nrmse": null,
    "normalized_implied_strength_nrmse": null,
    "implied_friction_angle_deg_nrmse": null,
    "mobilized_strength_nrmse": 0.08579824998864945,
    "mobilized_friction_angle_deg_nrmse": 0.39123240787023744
  },
  "hysteresis": {
    "layer_index": 0,
    "point_count": 240,
    "sw_gamma_peak": 3.290347220088835e-05,
    "ref_gamma_peak": 2.6860040502993477e-05,
    "gamma_peak_pct_diff": 22.49971178271808,
    "sw_tau_peak_kpa": 11.808042831029534,
    "ref_tau_peak_kpa": 10.957557413672664,
    "tau_peak_pct_diff": 7.761633229460864,
    "sw_loop_energy": 0.0002223327472118624,
    "ref_loop_energy": 0.00011449206940372935,
    "loop_energy_pct_diff": 94.190521989657,
    "stress_path_nrmse": 0.2980336262884322
  },
  "layer_parity": {
    "row_count": 5,
    "gamma_max_nrmse": 0.23749087840235683,
    "tau_peak_kpa_nrmse": 0.08579824998864945,
    "secant_g_over_gmax_nrmse": 0.10043030857519221,
    "worst_gamma_layer_index": 0,
    "worst_tau_layer_index": 0,
    "worst_secant_layer_index": 2,
    "rows": [
      {
        "layer_index": 0,
        "z_mid_m": 2.0,
        "sw_gamma_max": 6.3677138324e-05,
        "ref_gamma_max": 2.9259805780019977e-05,
        "gamma_max_pct_diff": 117.62666096533644,
        "sw_tau_peak_kpa": 14.626557229,
        "ref_tau_peak_kpa": 12.1,
        "tau_peak_pct_diff": 20.880638256198345,
        "sw_secant_g_over_gmax": 0.73181880729,
        "ref_secant_g_over_gmax": 0.8113587690390948,
        "secant_g_over_gmax_pct_diff": -9.80330339478492,
        "stress_path_nrmse": 0.2980336262884322,
        "loop_energy_pct_diff": 94.190521989657
      },
      {
        "layer_index": 1,
        "z_mid_m": 6.0,
        "sw_gamma_max": 0.00015885967158,
        "ref_gamma_max": 0.00010238136840577661,
        "gamma_max_pct_diff": 55.16463010181522,
        "sw_tau_peak_kpa": 42.803932254,
        "ref_tau_peak_kpa": 36.1,
        "tau_peak_pct_diff": 18.570449457063713,
        "sw_secant_g_over_gmax": 0.63588658185,
        "ref_secant_g_over_gmax": 0.6918075144227482,
        "secant_g_over_gmax_pct_diff": -8.083308059960762,
        "stress_path_nrmse": null,
        "loop_energy_pct_diff": null
      },
      {
        "layer_index": 2,
        "z_mid_m": 10.0,
        "sw_gamma_max": 0.0002876745782,
        "ref_gamma_max": 0.0001855473392878404,
        "gamma_max_pct_diff": 55.04106892836073,
        "sw_tau_peak_kpa": 59.976851065,
        "ref_tau_peak_kpa": 57.6,
        "tau_peak_pct_diff": 4.126477543402772,
        "sw_secant_g_over_gmax": 0.49239064313,
        "ref_secant_g_over_gmax": 0.6090693643668219,
        "secant_g_over_gmax_pct_diff": -19.156885580367202,
        "stress_path_nrmse": null,
        "loop_energy_pct_diff": null
      },
      {
        "layer_index": 3,
        "z_mid_m": 14.0,
        "sw_gamma_max": 0.00035307378686,
        "ref_gamma_max": 0.0002599749714841779,
        "gamma_max_pct_diff": 35.8106839455844,
        "sw_tau_peak_kpa": 78.448226975,
        "ref_tau_peak_kpa": 74.7,
        "tau_peak_pct_diff": 5.017706793842027,
        "sw_secant_g_over_gmax": 0.53566696725,
        "ref_secant_g_over_gmax": 0.5637519610572196,
        "secant_g_over_gmax_pct_diff": -4.98179975366313,
        "stress_path_nrmse": null,
        "loop_energy_pct_diff": null
      },
      {
        "layer_index": 4,
        "z_mid_m": 18.0,
        "sw_gamma_max": 0.00034874824544,
        "ref_gamma_max": 0.000301760267240939,
        "gamma_max_pct_diff": 15.571293937628862,
        "sw_tau_peak_kpa": 70.961627593,
        "ref_tau_peak_kpa": 84.9,
        "tau_peak_pct_diff": -16.417399772673736,
        "sw_secant_g_over_gmax": 0.45535000061,
        "ref_secant_g_over_gmax": 0.5520070668117482,
        "secant_g_over_gmax_pct_diff": -17.510113912130628,
        "stress_path_nrmse": null,
        "loop_energy_pct_diff": null
      }
    ]
  },
  "backbone_diagnostic": {
    "row_count": 5,
    "tau_peak_kpa_nrmse": 0.00032434026175287247,
    "secant_g_over_gmax_nrmse": 0.001194232004210919,
    "backbone_loop_energy_nrmse": 1.4303591295408211,
    "worst_tau_layer_index": 0,
    "worst_secant_layer_index": 0,
    "rows": [
      {
        "layer_index": 0,
        "z_mid_m": 2.0,
        "material": "gqh",
        "reload_factor": 1.3,
        "ref_gamma_max": 2.9259805780019977e-05,
        "ref_tau_peak_kpa": 12.1,
        "ref_secant_g_over_gmax": 0.8113587690390948,
        "sw_backbone_tau_peak_kpa": 12.129743532742133,
        "sw_backbone_tau_pct_diff": 0.24581432018291677,
        "sw_backbone_secant_g_over_gmax": 0.8133531985746272,
        "sw_backbone_secant_pct_diff": 0.2458135182164175,
        "sw_backbone_tangent_g_over_gmax": 0.6822728945235856,
        "backbone_masing_loop_energy": 0.00027825684613537493,
        "backbone_masing_loop_energy_pct_diff": 143.0359129540821
      },
      {
        "layer_index": 1,
        "z_mid_m": 6.0,
        "material": "gqh",
        "reload_factor": 1.3,
        "ref_gamma_max": 0.00010238136840577661,
        "ref_tau_peak_kpa": 36.1,
        "ref_secant_g_over_gmax": 0.6918075144227482,
        "sw_backbone_tau_peak_kpa": 36.058119371991374,
        "sw_backbone_tau_pct_diff": -0.11601281996849651,
        "sw_backbone_secant_g_over_gmax": 0.6910049234884731,
        "sw_backbone_secant_pct_diff": -0.1160136190403829,
        "sw_backbone_tangent_g_over_gmax": 0.4973337230797821,
        "backbone_masing_loop_energy": 0.0037939241580697593,
        "backbone_masing_loop_energy_pct_diff": null
      },
      {
        "layer_index": 2,
        "z_mid_m": 10.0,