{
  "run_id": "run-d99bed375e15",
  "run_dir": "H:\\Drive'\u0131m\\GitHub_Repo\\Deepsoil\\1DSRA\\output\\baseline_iter\\mrdf_local_ref\\run-d99bed375e15",
  "stratawave_dt_s": 0.004999999999999893,
  "deepsoil_dt_s": 0.004999999999999893,
  "overlap_duration_s": 29.99499999999936,
  "overlap_samples": 6000,
  "stratawave_pga_m_s2": 2.869336322584785,
  "deepsoil_pga_m_s2": 3.0161205902380765,
  "pga_ratio": 0.9513334221024283,
  "pga_pct_diff": -4.866657789757172,
  "surface_rmse_m_s2": 0.3294476148416705,
  "surface_nrmse": 0.1092289266908572,
  "surface_corrcoef": 0.765350034880639,
  "psa_point_count": 80,
  "psa_rmse_m_s2": 0.8574957117641929,
  "psa_nrmse": 0.07625766489057256,
  "psa_max_abs_diff_m_s2": 4.124677768721167,
  "psa_pct_diff_at_peak": -6.977598291179408,
  "psa_peak_period_s": 0.16941210201752382,
  "used_reference_psa_csv": true,
  "surface_psa_peak_period_diff_pct": 11.732494130275942,
  "arias_intensity_sw": 1.2576782305734242,
  "arias_intensity_ref": 0.7032394850645711,
  "arias_intensity_ratio": 1.7884067338140788,
  "xcorr_lag_samples": 1,
  "xcorr_lag_s": 0.004999999999999893,
  "xcorr_peak_coeff": 0.7802976427976157,
  "input_history_nrmse": 8.170042486602506e-07,
  "input_psa_nrmse": 0.014240944871516564,
  "applied_input_history_nrmse": 8.170042486602506e-07,
  "applied_input_psa_nrmse": 2.3215137809655103e-07,
  "input_dt_used_s": 0.004999999999999893,
  "input_pga_loaded_m_s2": 2.1467799709269246,
  "applied_input_pga_loaded_m_s2": 1.0733899854634623,
  "boundary_condition": "rigid",
  "motion_input_type": "outcrop",
  "damping_mode": "frequency_independent",
  "base_motion_semantics_ok": true,
  "reference_kind": "primary_gqh",
  "warnings": [],
  "profile": {
    "depth_points": 5,
    "compared_metrics": [
      "effective_stress_kpa",
      "pga_g",
      "max_displacement_m",
      "max_strain_pct",
      "max_stress_ratio",
      "mobilized_strength_kpa",
      "mobilized_friction_angle_deg"
    ],
    "gamma_max_nrmse": null,
    "ru_max_nrmse": null,
    "sigma_v_eff_min_nrmse": null,
    "effective_stress_kpa_nrmse": 0.614482167294058,
    "pga_g_nrmse": 0.059341409558830334,
    "max_displacement_m_nrmse": 0.34195601276858845,
    "max_strain_pct_nrmse": 0.15142569717829496,
    "max_stress_ratio_nrmse": 0.47574975079035536,
    "vs_m_s_nrmse": null,
    "implied_strength_kpa_nrmse": null,
    "normalized_implied_strength_nrmse": null,
    "implied_friction_angle_deg_nrmse": null,
    "mobilized_strength_nrmse": 0.04073632469583078,
    "mobilized_friction_angle_deg_nrmse": 0.4488217986452064
  },
  "hysteresis": {
    "layer_index": 0,
    "point_count": 240,
    "sw_gamma_peak": 2.7620484525679977e-05,
    "ref_gamma_peak": 2.6860040502993477e-05,
    "gamma_peak_pct_diff": 2.8311350558155395,
    "sw_tau_peak_kpa": 10.353733753606651,
    "ref_tau_peak_kpa": 10.957557413672664,
    "tau_peak_pct_diff": -5.510568069783247,
    "sw_loop_energy": 0.0002825377504373135,
    "ref_loop_energy": 0.00011449206940372935,
    "loop_energy_pct_diff": 146.7749529803768,
    "stress_path_nrmse": 0.31642513352346274
  },
  "layer_parity": {
    "row_count": 5,
    "gamma_max_nrmse": 0.15142569717829493,
    "tau_peak_kpa_nrmse": 0.04073632469583078,
    "secant_g_over_gmax_nrmse": 0.11738829720877794,
    "worst_gamma_layer_index": 0,
    "worst_tau_layer_index": 4,
    "worst_secant_layer_index": 3,
    "rows": [
      {
        "layer_index": 0,
        "z_mid_m": 2.0,
        "sw_gamma_max": 5.0653330966e-05,
        "ref_gamma_max": 2.9259805780019977e-05,
        "gamma_max_pct_diff": 73.11574569845081,
        "sw_tau_peak_kpa": 11.729455445,
        "ref_tau_peak_kpa": 12.1,
        "tau_peak_pct_diff": -3.0623516942148794,
        "sw_secant_g_over_gmax": 0.71811318448,
        "ref_secant_g_over_gmax": 0.8113587690390948,
        "secant_g_over_gmax_pct_diff": -11.49252194186882,
        "stress_path_nrmse": 0.31642513352346274,
        "loop_energy_pct_diff": 146.7749529803768
      },
      {
        "layer_index": 1,
        "z_mid_m": 6.0,
        "sw_gamma_max": 0.00013960791223,
        "ref_gamma_max": 0.00010238136840577661,
        "gamma_max_pct_diff": 36.36066249542623,
        "sw_tau_peak_kpa": 34.404256651,
        "ref_tau_peak_kpa": 36.1,
        "tau_peak_pct_diff": -4.697349997229929,
        "sw_secant_g_over_gmax": 0.59759715076,
        "ref_secant_g_over_gmax": 0.6918075144227482,
        "secant_g_over_gmax_pct_diff": -13.61800236318023,
        "stress_path_nrmse": null,
        "loop_energy_pct_diff": null
      },
      {
        "layer_index": 2,
        "z_mid_m": 10.0,
        "sw_gamma_max": 0.00024066255903,
        "ref_gamma_max": 0.0001855473392878404,
        "gamma_max_pct_diff": 29.70412831232201,
        "sw_tau_peak_kpa": 54.748448165,
        "ref_tau_peak_kpa": 57.6,
        "tau_peak_pct_diff": -4.950610824652782,
        "sw_secant_g_over_gmax": 0.50905042467,
        "ref_secant_g_over_gmax": 0.6090693643668219,
        "secant_g_over_gmax_pct_diff": -16.421600814022216,
        "stress_path_nrmse": null,
        "loop_energy_pct_diff": null
      },
      {
        "layer_index": 3,
        "z_mid_m": 14.0,
        "sw_gamma_max": 0.00031892905589,
        "ref_gamma_max": 0.0002599749714841779,
        "gamma_max_pct_diff": 22.676830800002637,
        "sw_tau_peak_kpa": 70.361034428,
        "ref_tau_peak_kpa": 74.7,
        "tau_peak_pct_diff": -5.808521515394921,
        "sw_secant_g_over_gmax": 0.46687743483,
        "ref_secant_g_over_gmax": 0.5637519610572196,
        "secant_g_over_gmax_pct_diff": -17.183891661422894,
        "stress_path_nrmse": null,
        "loop_energy_pct_diff": null
      },
      {
        "layer_index": 4,
        "z_mid_m": 18.0,
        "sw_gamma_max": 0.00034740078058,
        "ref_gamma_max": 0.000301760267240939,
        "gamma_max_pct_diff": 15.124759053391061,
        "sw_tau_peak_kpa": 79.437786583,
        "ref_tau_peak_kpa": 84.9,
        "tau_peak_pct_diff": -6.433702493521791,
        "sw_secant_g_over_gmax": 0.46036468003,
        "ref_secant_g_over_gmax": 0.5520070668117482,
        "secant_g_over_gmax_pct_diff": -16.601669125551457,
        "stress_path_nrmse": null,
        "loop_energy_pct_diff": null
      }
    ]
  },
  "artifacts": {
    "output_dir": "H:\\Drive'\u0131m\\GitHub_Repo\\Deepsoil\\1DSRA\\output\\baseline_iter\\mrdf_local_ref\\run-d99bed375e15\\compare_layer_parity",
    "json_path": "H:\\Drive'\u0131m\\GitHub_Repo\\Deepsoil\\1DSRA\\output\\baseline_iter\\mrdf_local_ref\\run-d99bed375e15\\compare_layer_parity\\deepsoil_compare.json",
    "markdown_path": "H:\\Drive'\u0131m\\GitHub_Repo\\Deepsoil\\1DSRA\\output\\baseline_iter\\mrdf_local_ref\\run-d99bed375e15\\compare_layer_parity\\deepsoil_compare.md",
    "layer_parity_csv": "H:\\Drive'\u0131m\\GitHub_Repo\\Deepsoil\\1DSRA\\output\\baseline_iter\\mrdf_local_ref\\run-d99bed375e15\\compare_layer_parity\\layer_parity.csv"
  }
}