{
  "run_id": "run-e7b004d5ad36",
  "run_dir": "H:\\Drive'\u0131m\\GitHub_Repo\\Deepsoil\\1DSRA\\output\\baseline_iter\\mode7_experimental\\run-e7b004d5ad36",
  "stratawave_dt_s": 0.004999999999999893,
  "deepsoil_dt_s": 0.004999999999999893,
  "overlap_duration_s": 29.99499999999936,
  "overlap_samples": 6000,
  "stratawave_pga_m_s2": 3.003010689508503,
  "deepsoil_pga_m_s2": 3.0161205902380765,
  "pga_ratio": 0.9956533897311649,
  "pga_pct_diff": -0.4346610268835042,
  "surface_rmse_m_s2": 0.35504170229401016,
  "surface_nrmse": 0.11771469066700418,
  "surface_corrcoef": 0.7145151970502168,
  "psa_point_count": 80,
  "psa_rmse_m_s2": 1.0670223000132228,
  "psa_nrmse": 0.09489100396522135,
  "psa_max_abs_diff_m_s2": 5.181572007100701,
  "psa_pct_diff_at_peak": -7.122104473012736,
  "psa_peak_period_s": 0.16941210201752382,
  "used_reference_psa_csv": true,
  "surface_psa_peak_period_diff_pct": 11.732494130275942,
  "arias_intensity_sw": 1.2329280235187536,
  "arias_intensity_ref": 0.7032394850645711,
  "arias_intensity_ratio": 1.7532121698279595,
  "xcorr_lag_samples": 2,
  "xcorr_lag_s": 0.009999999999999787,
  "xcorr_peak_coeff": 0.7654113466033086,
  "input_history_nrmse": 8.170042486602506e-07,
  "input_psa_nrmse": 0.014240944871516564,
  "applied_input_history_nrmse": 8.170042486602506e-07,
  "applied_input_psa_nrmse": 2.3215137809655103e-07,
  "input_dt_used_s": 0.004999999999999893,
  "input_pga_loaded_m_s2": 2.1467799709269246,
  "applied_input_pga_loaded_m_s2": 1.0733899854634623,
  "boundary_condition": "rigid",
  "motion_input_type": "outcrop",
  "damping_mode": "frequency_independent",
  "base_motion_semantics_ok": true,
  "reference_kind": "primary_gqh",
  "warnings": [],
  "profile": {
    "depth_points": 5,
    "compared_metrics": [
      "effective_stress_kpa",
      "pga_g",
      "max_displacement_m",
      "max_strain_pct",
      "max_stress_ratio",
      "mobilized_strength_kpa",
      "mobilized_friction_angle_deg"
    ],
    "gamma_max_nrmse": null,
    "ru_max_nrmse": null,
    "sigma_v_eff_min_nrmse": null,
    "effective_stress_kpa_nrmse": 0.614482167294058,
    "pga_g_nrmse": 0.05494940933985808,
    "max_displacement_m_nrmse": 0.3225762980133933,
    "max_strain_pct_nrmse": 0.18472123811880564,
    "max_stress_ratio_nrmse": 0.46993127270510887,
    "vs_m_s_nrmse": null,
    "implied_strength_kpa_nrmse": null,
    "normalized_implied_strength_nrmse": null,
    "implied_friction_angle_deg_nrmse": null,
    "mobilized_strength_nrmse": 0.04250721056015205,
    "mobilized_friction_angle_deg_nrmse": 0.44306785883969374
  },
  "hysteresis": {
    "layer_index": 0,
    "point_count": 240,
    "sw_gamma_peak": 2.9046686457062396e-05,
    "ref_gamma_peak": 2.6860040502993477e-05,
    "gamma_peak_pct_diff": 8.14088852109223,
    "sw_tau_peak_kpa": 9.90268308220047,
    "ref_tau_peak_kpa": 10.957557413672664,
    "tau_peak_pct_diff": -9.626911287327031,
    "sw_loop_energy": 0.0003553513892322028,
    "ref_loop_energy": 0.00011449206940372935,
    "loop_energy_pct_diff": 210.37205553437917,
    "stress_path_nrmse": 0.27785674787899906
  },
  "layer_parity": {
    "row_count": 5,
    "gamma_max_nrmse": 0.18472123811880561,
    "tau_peak_kpa_nrmse": 0.04250721056015205,
    "secant_g_over_gmax_nrmse": 0.1461020512759384,
    "worst_gamma_layer_index": 0,
    "worst_tau_layer_index": 4,
    "worst_secant_layer_index": 3,
    "rows": [
      {
        "layer_index": 0,
        "z_mid_m": 2.0,
        "sw_gamma_max": 5.5236888936e-05,
        "ref_gamma_max": 2.9259805780019977e-05,
        "gamma_max_pct_diff": 88.78077780584054,
        "sw_tau_peak_kpa": 12.094542489,
        "ref_tau_peak_kpa": 12.1,
        "tau_peak_pct_diff": -0.045103396694210506,
        "sw_secant_g_over_gmax": 0.68526783285,
        "ref_secant_g_over_gmax": 0.8113587690390948,
        "secant_g_over_gmax_pct_diff": -15.540712814187767,
        "stress_path_nrmse": 0.27785674787899906,
        "loop_energy_pct_diff": 210.37205553437917
      },
      {
        "layer_index": 1,
        "z_mid_m": 6.0,
        "sw_gamma_max": 0.00014947647652,
        "ref_gamma_max": 0.00010238136840577661,
        "gamma_max_pct_diff": 45.99968612215401,
        "sw_tau_peak_kpa": 35.26220624,
        "ref_tau_peak_kpa": 36.1,
        "tau_peak_pct_diff": -2.320758337950149,
        "sw_secant_g_over_gmax": 0.57165493579,
        "ref_secant_g_over_gmax": 0.6918075144227482,
        "secant_g_over_gmax_pct_diff": -17.367920429861883,
        "stress_path_nrmse": null,
        "loop_energy_pct_diff": null
      },
      {
        "layer_index": 2,
        "z_mid_m": 10.0,
        "sw_gamma_max": 0.00024971382719,
        "ref_gamma_max": 0.0001855473392878404,
        "gamma_max_pct_diff": 34.582273261605685,
        "sw_tau_peak_kpa": 55.099478476,
        "ref_tau_peak_kpa": 57.6,
        "tau_peak_pct_diff": -4.341183201388889,
        "sw_secant_g_over_gmax": 0.4917713901,
        "ref_secant_g_over_gmax": 0.6090693643668219,
        "secant_g_over_gmax_pct_diff": -19.25855758461319,
        "stress_path_nrmse": null,
        "loop_energy_pct_diff": null
      },
      {
        "layer_index": 3,
        "z_mid_m": 14.0,
        "sw_gamma_max": 0.00033308169587,
        "ref_gamma_max": 0.0002599749714841779,
        "gamma_max_pct_diff": 28.120677913131885,
        "sw_tau_peak_kpa": 70.466968652,
        "ref_tau_peak_kpa": 74.7,
        "tau_peak_pct_diff": -5.6667086318607724,
        "sw_secant_g_over_gmax": 0.44724318648,
        "ref_secant_g_over_gmax": 0.5637519610572196,
        "secant_g_over_gmax_pct_diff": -20.666673045132736,
        "stress_path_nrmse": null,
        "loop_energy_pct_diff": null
      },
      {
        "layer_index": 4,
        "z_mid_m": 18.0,
        "sw_gamma_max": 0.00035815974912,
        "ref_gamma_max": 0.000301760267240939,
        "gamma_max_pct_diff": 18.690161695154227,
        "sw_tau_peak_kpa": 78.555999638,
        "ref_tau_peak_kpa": 84.9,
        "tau_peak_pct_diff": -7.472320803298,
        "sw_secant_g_over_gmax": 0.43979574081,
        "ref_secant_g_over_gmax": 0.5520070668117482,
        "secant_g_over_gmax_pct_diff": -20.327878526963815,
        "stress_path_nrmse": null,
        "loop_energy_pct_diff": null
      }
    ]
  },
  "backbone_diagnostic": {
    "row_count": 5,
    "tau_peak_kpa_nrmse": 0.00032434026175287247,
    "secant_g_over_gmax_nrmse": 0.001194232004210919,
    "backbone_loop_energy_nrmse": 1.4303591295408211,
    "worst_tau_layer_index": 0,
    "worst_secant_layer_index": 0,
    "rows": [
      {
        "layer_index": 0,
        "z_mid_m": 2.0,
        "material": "gqh",
        "reload_factor": 1.1,
        "ref_gamma_max": 2.9259805780019977e-05,
        "ref_tau_peak_kpa": 12.1,
        "ref_secant_g_over_gmax": 0.8113587690390948,
        "sw_backbone_tau_peak_kpa": 12.129743532742133,
        "sw_backbone_tau_pct_diff": 0.24581432018291677,
        "sw_backbone_secant_g_over_gmax": 0.8133531985746272,
        "sw_backbone_secant_pct_diff": 0.2458135182164175,
        "sw_backbone_tangent_g_over_gmax": 0.6822728945235856,
        "backbone_masing_loop_energy": 0.00027825684613537493,
        "backbone_masing_loop_energy_pct_diff": 143.0359129540821
      },
      {
        "layer_index": 1,
        "z_mid_m": 6.0,
        "material": "gqh",
        "reload_factor": 1.1,
        "ref_gamma_max": 0.00010238136840577661,
        "ref_tau_peak_kpa": 36.1,
        "ref_secant_g_over_gmax": 0.6918075144227482,
        "sw_backbone_tau_peak_kpa": 36.058119371991374,
        "sw_backbone_tau_pct_diff": -0.11601281996849651,
        "sw_backbone_secant_g_over_gmax": 0.6910049234884731,
        "sw_backbone_secant_pct_diff": -0.1160136190403829,
        "sw_backbone_tangent_g_over_gmax": 0.4973337230797821,
        "backbone_masing_loop_energy": 0.0037939241580697593,
        "backbone_masing_loop_energy_pct_diff": null
      },
      {
        "layer_index": 2,
        "z_mid_m": 10.0,