{
  "run_id": "run-2eaf841761cb",
  "run_dir": "H:\\Drive'\u0131m\\GitHub_Repo\\Deepsoil\\1DSRA\\output\\baseline_iter\\reload_follow_backbone_crossing\\run-2eaf841761cb",
  "stratawave_dt_s": 0.004999999999999893,
  "deepsoil_dt_s": 0.004999999999999893,
  "overlap_duration_s": 29.99499999999936,
  "overlap_samples": 6000,
  "stratawave_pga_m_s2": 2.6084638416933723,
  "deepsoil_pga_m_s2": 3.0161205902380765,
  "pga_ratio": 0.8648406997173392,
  "pga_pct_diff": -13.515930028266078,
  "surface_rmse_m_s2": 0.3355107900483061,
  "surface_nrmse": 0.11123918292075191,
  "surface_corrcoef": 0.7460694029164265,
  "psa_point_count": 80,
  "psa_rmse_m_s2": 0.8236578168816188,
  "psa_nrmse": 0.07324843835665917,
  "psa_max_abs_diff_m_s2": 3.532235167572214,
  "psa_pct_diff_at_peak": -3.2623851188959527,
  "psa_peak_period_s": 0.16941210201752382,
  "used_reference_psa_csv": true,
  "surface_psa_peak_period_diff_pct": 11.732494130275942,
  "arias_intensity_sw": 1.2190781327550884,
  "arias_intensity_ref": 0.7032394850645711,
  "arias_intensity_ratio": 1.7335177541163707,
  "xcorr_lag_samples": 1,
  "xcorr_lag_s": 0.004999999999999893,
  "xcorr_peak_coeff": 0.767112278480306,
  "input_history_nrmse": 3.9028023283585766e-05,
  "input_psa_nrmse": 0.014235105834099681,
  "applied_input_history_nrmse": 3.9028023283585766e-05,
  "applied_input_psa_nrmse": 0.00012773466201254687,
  "input_dt_used_s": 0.004999999999999893,
  "input_pga_loaded_m_s2": 2.146046870732979,
  "applied_input_pga_loaded_m_s2": 1.0730234353664896,
  "boundary_condition": "rigid",
  "motion_input_type": "outcrop",
  "damping_mode": "frequency_independent",
  "base_motion_semantics_ok": true,
  "reference_kind": "primary_gqh",
  "warnings": [],
  "profile": {
    "depth_points": 5,
    "compared_metrics": [
      "effective_stress_kpa",
      "pga_g",
      "max_displacement_m",
      "max_strain_pct",
      "max_stress_ratio",
      "mobilized_strength_kpa",
      "mobilized_friction_angle_deg"
    ],
    "gamma_max_nrmse": null,
    "ru_max_nrmse": null,
    "sigma_v_eff_min_nrmse": null,
    "effective_stress_kpa_nrmse": 0.614482167294058,
    "pga_g_nrmse": 0.08107565939752233,
    "max_displacement_m_nrmse": 0.292558040288644,
    "max_strain_pct_nrmse": 0.24286419122578268,
    "max_stress_ratio_nrmse": 0.5003294143815629,
    "vs_m_s_nrmse": null,
    "implied_strength_kpa_nrmse": null,
    "normalized_implied_strength_nrmse": null,
    "implied_friction_angle_deg_nrmse": null,
    "mobilized_strength_nrmse": 0.0925717360833678,
    "mobilized_friction_angle_deg_nrmse": 0.4741074219500459
  },
  "hysteresis": {
    "layer_index": 0,
    "point_count": 240,
    "sw_gamma_peak": 3.2795231751297555e-05,
    "ref_gamma_peak": 2.6860040502993477e-05,
    "gamma_peak_pct_diff": 22.09673231000012,
    "sw_tau_peak_kpa": 11.227303035608893,
    "ref_tau_peak_kpa": 10.957557413672664,
    "tau_peak_pct_diff": 2.4617313124879896,
    "sw_loop_energy": 0.00021436048759624333,
    "ref_loop_energy": 0.00011449206940372935,
    "loop_energy_pct_diff": 87.22736754835962,
    "stress_path_nrmse": 0.3205239547473095
  },
  "layer_parity": {
    "row_count": 5,
    "gamma_max_nrmse": 0.24286419122578265,
    "tau_peak_kpa_nrmse": 0.0925717360833678,
    "secant_g_over_gmax_nrmse": 0.18329881597460365,
    "worst_gamma_layer_index": 0,
    "worst_tau_layer_index": 3,
    "worst_secant_layer_index": 3,
    "rows": [
      {
        "layer_index": 0,
        "z_mid_m": 2.0,
        "sw_gamma_max": 5.4881220257e-05,
        "ref_gamma_max": 2.9259805780019977e-05,
        "gamma_max_pct_diff": 87.56522401278403,
        "sw_tau_peak_kpa": 11.350485937,
        "ref_tau_peak_kpa": 12.1,
        "tau_peak_pct_diff": -6.194331099173549,
        "sw_secant_g_over_gmax": 0.67103732551,
        "ref_secant_g_over_gmax": 0.8113587690390948,
        "secant_g_over_gmax_pct_diff": -17.29462340011186,
        "stress_path_nrmse": 0.3205239547473095,
        "loop_energy_pct_diff": 87.22736754835962
      },
      {
        "layer_index": 1,
        "z_mid_m": 6.0,
        "sw_gamma_max": 0.00014883129502,
        "ref_gamma_max": 0.00010238136840577661,
        "gamma_max_pct_diff": 45.36951140379813,
        "sw_tau_peak_kpa": 30.870705742,
        "ref_tau_peak_kpa": 36.1,
        "tau_peak_pct_diff": -14.48557966204987,
        "sw_secant_g_over_gmax": 0.52286076775,
        "ref_secant_g_over_gmax": 0.6918075144227482,
        "secant_g_over_gmax_pct_diff": -24.42106267286201,
        "stress_path_nrmse": null,
        "loop_energy_pct_diff": null
      },
      {
        "layer_index": 2,
        "z_mid_m": 10.0,
        "sw_gamma_max": 0.0002119183268,
        "ref_gamma_max": 0.0001855473392878404,
        "gamma_max_pct_diff": 14.21253875877474,
        "sw_tau_peak_kpa": 53.878235124,
        "ref_tau_peak_kpa": 57.6,
        "tau_peak_pct_diff": -6.46139735416667,
        "sw_secant_g_over_gmax": 0.61953308173,
        "ref_secant_g_over_gmax": 0.6090693643668219,
        "secant_g_over_gmax_pct_diff": 1.7179845146301167,
        "stress_path_nrmse": null,
        "loop_energy_pct_diff": null
      },
      {
        "layer_index": 3,
        "z_mid_m": 14.0,
        "sw_gamma_max": 0.00033111998484,
        "ref_gamma_max": 0.0002599749714841779,
        "gamma_max_pct_diff": 27.366101032595765,
        "sw_tau_peak_kpa": 58.473251634,
        "ref_tau_peak_kpa": 74.7,
        "tau_peak_pct_diff": -21.72255470682731,
        "sw_secant_g_over_gmax": 0.34945444969,
        "ref_secant_g_over_gmax": 0.5637519610572196,
        "secant_g_over_gmax_pct_diff": -38.012730095934664,
        "stress_path_nrmse": null,
        "loop_energy_pct_diff": null
      },
      {
        "layer_index": 4,
        "z_mid_m": 18.0,
        "sw_gamma_max": 0.00043697732928,
        "ref_gamma_max": 0.000301760267240939,
        "gamma_max_pct_diff": 44.80943209501388,
        "sw_tau_peak_kpa": 86.844214754,
        "ref_tau_peak_kpa": 84.9,
        "tau_peak_pct_diff": 2.2900055995288584,
        "sw_secant_g_over_gmax": 0.42424241222,
        "ref_secant_g_over_gmax": 0.5520070668117482,
        "secant_g_over_gmax_pct_diff": -23.145474446492905,
        "stress_path_nrmse": null,
        "loop_energy_pct_diff": null
      }
    ]
  },
  "backbone_diagnostic": {
    "row_count": 5,
    "tau_peak_kpa_nrmse": 0.00032434026175287247,
    "secant_g_over_gmax_nrmse": 0.001194232004210919,
    "backbone_loop_energy_nrmse": 1.4303591295408211,
    "worst_tau_layer_index": 0,
    "worst_secant_layer_index": 0,
    "rows": [
      {
        "layer_index": 0,
        "z_mid_m": 2.0,
        "material": "gqh",
        "reload_factor": 1.2,
        "ref_gamma_max": 2.9259805780019977e-05,
        "ref_tau_peak_kpa": 12.1,
        "ref_secant_g_over_gmax": 0.8113587690390948,
        "sw_backbone_tau_peak_kpa": 12.129743532742133,
        "sw_backbone_tau_pct_diff": 0.24581432018291677,
        "sw_backbone_secant_g_over_gmax": 0.8133531985746272,
        "sw_backbone_secant_pct_diff": 0.2458135182164175,
        "sw_backbone_tangent_g_over_gmax": 0.6822728945235856,
        "backbone_masing_loop_energy": 0.00027825684613537493,
        "backbone_masing_loop_energy_pct_diff": 143.0359129540821
      },
      {
        "layer_index": 1,
        "z_mid_m": 6.0,
        "material": "gqh",
        "reload_factor": 1.2,
        "ref_gamma_max": 0.00010238136840577661,
        "ref_tau_peak_kpa": 36.1,
        "ref_secant_g_over_gmax": 0.6918075144227482,
        "sw_backbone_tau_peak_kpa": 36.058119371991374,
        "sw_backbone_tau_pct_diff": -0.11601281996849651,
        "sw_backbone_secant_g_over_gmax": 0.6910049234884731,
        "sw_backbone_secant_pct_diff": -0.1160136190403829,
        "sw_backbone_tangent_g_over_gmax": 0.4973337230797821,
        "backbone_masing_loop_energy": 0.0037939241580697593,
        "backbone_masing_loop_energy_pct_diff": null
      },
      {
        "layer_index": 2,
        "z_mid_m": 10.0,