{
  "run_id": "run-1fe7b0035263",
  "run_dir": "H:\\Drive'\u0131m\\GitHub_Repo\\Deepsoil\\1DSRA\\output\\baseline_iter\\reload_follow_backbone_crossing_sweep\\rf_1p1\\run-1fe7b0035263",
  "stratawave_dt_s": 0.004999999999999893,
  "deepsoil_dt_s": 0.004999999999999893,
  "overlap_duration_s": 29.99499999999936,
  "overlap_samples": 6000,
  "stratawave_pga_m_s2": 3.1360110376284807,
  "deepsoil_pga_m_s2": 3.0161205902380765,
  "pga_ratio": 1.0397498852593756,
  "pga_pct_diff": 3.974988525937572,
  "surface_rmse_m_s2": 0.3140229348275297,
  "surface_nrmse": 0.10411484734533143,
  "surface_corrcoef": 0.7556443006529235,
  "psa_point_count": 80,
  "psa_rmse_m_s2": 0.8541260228251696,
  "psa_nrmse": 0.07595799620841806,
  "psa_max_abs_diff_m_s2": 3.209191951822133,
  "psa_pct_diff_at_peak": -16.818341785466394,
  "psa_peak_period_s": 0.16941210201752382,
  "used_reference_psa_csv": true,
  "surface_psa_peak_period_diff_pct": 11.732494130275942,
  "arias_intensity_sw": 1.099157487181039,
  "arias_intensity_ref": 0.7032394850645711,
  "arias_intensity_ratio": 1.562991712673976,
  "xcorr_lag_samples": 2,
  "xcorr_lag_s": 0.009999999999999787,
  "xcorr_peak_coeff": 0.782445647624416,
  "input_history_nrmse": 3.9028023283585766e-05,
  "input_psa_nrmse": 0.014235105834099681,
  "applied_input_history_nrmse": 3.9028023283585766e-05,
  "applied_input_psa_nrmse": 0.00012773466201254687,
  "input_dt_used_s": 0.004999999999999893,
  "input_pga_loaded_m_s2": 2.146046870732979,
  "applied_input_pga_loaded_m_s2": 1.0730234353664896,
  "boundary_condition": "rigid",
  "motion_input_type": "outcrop",
  "damping_mode": "frequency_independent",
  "base_motion_semantics_ok": true,
  "reference_kind": "primary_gqh",
  "warnings": [],
  "profile": {
    "depth_points": 5,
    "compared_metrics": [
      "effective_stress_kpa",
      "pga_g",
      "max_displacement_m",
      "max_strain_pct",
      "max_stress_ratio",
      "mobilized_strength_kpa",
      "mobilized_friction_angle_deg"
    ],
    "gamma_max_nrmse": null,
    "ru_max_nrmse": null,
    "sigma_v_eff_min_nrmse": null,
    "effective_stress_kpa_nrmse": 0.614482167294058,
    "pga_g_nrmse": 0.10268548965293686,
    "max_displacement_m_nrmse": 0.3423763426861308,
    "max_strain_pct_nrmse": 0.2690474219398296,
    "max_stress_ratio_nrmse": 0.47261837164633885,
    "vs_m_s_nrmse": null,
    "implied_strength_kpa_nrmse": null,
    "normalized_implied_strength_nrmse": null,
    "implied_friction_angle_deg_nrmse": null,
    "mobilized_strength_nrmse": 0.05405124028688204,
    "mobilized_friction_angle_deg_nrmse": 0.4460982435616226
  },
  "hysteresis": {
    "layer_index": 0,
    "point_count": 240,
    "sw_gamma_peak": 3.1464691061473144e-05,
    "ref_gamma_peak": 2.6860040502993477e-05,
    "gamma_peak_pct_diff": 17.143125893523848,
    "sw_tau_peak_kpa": 10.036914935605658,
    "ref_tau_peak_kpa": 10.957557413672664,
    "tau_peak_pct_diff": -8.401895087661075,
    "sw_loop_energy": 0.0002689181100875912,
    "ref_loop_energy": 0.00011449206940372935,
    "loop_energy_pct_diff": 134.87924664835498,
    "stress_path_nrmse": 0.30196145228631976
  },
  "layer_parity": {
    "row_count": 5,
    "gamma_max_nrmse": 0.2690474219398296,
    "tau_peak_kpa_nrmse": 0.05405124028688204,
    "secant_g_over_gmax_nrmse": 0.181179239178588,
    "worst_gamma_layer_index": 0,
    "worst_tau_layer_index": 4,
    "worst_secant_layer_index": 2,
    "rows": [
      {
        "layer_index": 0,
        "z_mid_m": 2.0,
        "sw_gamma_max": 5.8572832863e-05,
        "ref_gamma_max": 2.9259805780019977e-05,
        "gamma_max_pct_diff": 100.18189219491126,
        "sw_tau_peak_kpa": 12.772005013,
        "ref_tau_peak_kpa": 12.1,
        "tau_peak_pct_diff": 5.553760438016527,
        "sw_secant_g_over_gmax": 0.67476411851,
        "ref_secant_g_over_gmax": 0.8113587690390948,
        "secant_g_over_gmax_pct_diff": -16.8352960171819,
        "stress_path_nrmse": 0.30196145228631976,
        "loop_energy_pct_diff": 134.87924664835498
      },
      {
        "layer_index": 1,
        "z_mid_m": 6.0,
        "sw_gamma_max": 0.00016234625873,
        "ref_gamma_max": 0.00010238136840577661,
        "gamma_max_pct_diff": 58.57011999151988,
        "sw_tau_peak_kpa": 34.072953726,
        "ref_tau_peak_kpa": 36.1,
        "tau_peak_pct_diff": -5.615086631578947,
        "sw_secant_g_over_gmax": 0.51623026416,
        "ref_secant_g_over_gmax": 0.6918075144227482,
        "secant_g_over_gmax_pct_diff": -25.379494527354456,
        "stress_path_nrmse": null,
        "loop_energy_pct_diff": null
      },
      {
        "layer_index": 2,
        "z_mid_m": 10.0,
        "sw_gamma_max": 0.00030594661048,
        "ref_gamma_max": 0.0001855473392878404,
        "gamma_max_pct_diff": 64.88870799994802,
        "sw_tau_peak_kpa": 53.818714175,
        "ref_tau_peak_kpa": 57.6,
        "tau_peak_pct_diff": -6.564732335069452,
        "sw_secant_g_over_gmax": 0.41697734102,
        "ref_secant_g_over_gmax": 0.6090693643668219,
        "secant_g_over_gmax_pct_diff": -31.538611952107864,
        "stress_path_nrmse": null,
        "loop_energy_pct_diff": null
      },
      {
        "layer_index": 3,
        "z_mid_m": 14.0,
        "sw_gamma_max": 0.00033688367033,
        "ref_gamma_max": 0.0002599749714841779,
        "gamma_max_pct_diff": 29.583116561858265,
        "sw_tau_peak_kpa": 68.828965644,
        "ref_tau_peak_kpa": 74.7,
        "tau_peak_pct_diff": -7.8594837429719,
        "sw_secant_g_over_gmax": 0.43046129473,
        "ref_secant_g_over_gmax": 0.5637519610572196,
        "secant_g_over_gmax_pct_diff": -23.643494929446618,
        "stress_path_nrmse": null,
        "loop_energy_pct_diff": null
      },
      {
        "layer_index": 4,
        "z_mid_m": 18.0,
        "sw_gamma_max": 0.00039171213254,
        "ref_gamma_max": 0.000301760267240939,
        "gamma_max_pct_diff": 29.809048792775414,
        "sw_tau_peak_kpa": 77.691348943,
        "ref_tau_peak_kpa": 84.9,
        "tau_peak_pct_diff": -8.490755073027103,
        "sw_secant_g_over_gmax": 0.48959080882,
        "ref_secant_g_over_gmax": 0.5520070668117482,
        "secant_g_over_gmax_pct_diff": -11.30714835812674,
        "stress_path_nrmse": null,
        "loop_energy_pct_diff": null
      }
    ]
  },
  "backbone_diagnostic": {
    "row_count": 5,
    "tau_peak_kpa_nrmse": 0.00032434026175287247,
    "secant_g_over_gmax_nrmse": 0.001194232004210919,
    "backbone_loop_energy_nrmse": 1.4303591295408211,
    "worst_tau_layer_index": 0,
    "worst_secant_layer_index": 0,
    "rows": [
      {
        "layer_index": 0,
        "z_mid_m": 2.0,
        "material": "gqh",
        "reload_factor": 1.1,
        "ref_gamma_max": 2.9259805780019977e-05,
        "ref_tau_peak_kpa": 12.1,
        "ref_secant_g_over_gmax": 0.8113587690390948,
        "sw_backbone_tau_peak_kpa": 12.129743532742133,
        "sw_backbone_tau_pct_diff": 0.24581432018291677,
        "sw_backbone_secant_g_over_gmax": 0.8133531985746272,
        "sw_backbone_secant_pct_diff": 0.2458135182164175,
        "sw_backbone_tangent_g_over_gmax": 0.6822728945235856,
        "backbone_masing_loop_energy": 0.00027825684613537493,
        "backbone_masing_loop_energy_pct_diff": 143.0359129540821
      },
      {
        "layer_index": 1,
        "z_mid_m": 6.0,
        "material": "gqh",
        "reload_factor": 1.1,
        "ref_gamma_max": 0.00010238136840577661,
        "ref_tau_peak_kpa": 36.1,
        "ref_secant_g_over_gmax": 0.6918075144227482,
        "sw_backbone_tau_peak_kpa": 36.058119371991374,
        "sw_backbone_tau_pct_diff": -0.11601281996849651,
        "sw_backbone_secant_g_over_gmax": 0.6910049234884731,
        "sw_backbone_secant_pct_diff": -0.1160136190403829,
        "sw_backbone_tangent_g_over_gmax": 0.4973337230797821,
        "backbone_masing_loop_energy": 0.0037939241580697593,
        "backbone_masing_loop_energy_pct_diff": null
      },
      {
        "layer_index": 2,
        "z_mid_m": 10.0,