{
  "run_id": "run-5245592c6ff1",
  "run_dir": "H:\\Drive'\u0131m\\GitHub_Repo\\Deepsoil\\1DSRA\\output\\baseline_iter\\reload_branch_blend_sweep\\blend_1_0\\run-5245592c6ff1",
  "stratawave_dt_s": 0.004999999999999893,
  "deepsoil_dt_s": 0.004999999999999893,
  "overlap_duration_s": 29.99499999999936,
  "overlap_samples": 6000,
  "stratawave_pga_m_s2": 3.0647741668428754,
  "deepsoil_pga_m_s2": 3.0161205902380765,
  "pga_ratio": 1.0161311775007504,
  "pga_pct_diff": 1.6131177500750524,
  "surface_rmse_m_s2": 0.4540742121136779,
  "surface_nrmse": 0.15054909063770283,
  "surface_corrcoef": 0.6945988253124221,
  "psa_point_count": 80,
  "psa_rmse_m_s2": 1.5244192412814352,
  "psa_nrmse": 0.1355676186592387,
  "psa_max_abs_diff_m_s2": 7.897063250928479,
  "psa_pct_diff_at_peak": 14.339275438301158,
  "psa_peak_period_s": 0.16941210201752382,
  "used_reference_psa_csv": true,
  "surface_psa_peak_period_diff_pct": 11.732494130275942,
  "arias_intensity_sw": 1.887860833260148,
  "arias_intensity_ref": 0.7032394850645711,
  "arias_intensity_ratio": 2.6845205272949166,
  "xcorr_lag_samples": 1,
  "xcorr_lag_s": 0.004999999999999893,
  "xcorr_peak_coeff": 0.7082852864627927,
  "input_history_nrmse": 3.9028023283585766e-05,
  "input_psa_nrmse": 0.014235105834099681,
  "applied_input_history_nrmse": 0.057151003838187726,
  "applied_input_psa_nrmse": 0.1872332908040134,
  "input_dt_used_s": 0.004999999999999893,
  "input_pga_loaded_m_s2": 2.146046870732979,
  "applied_input_pga_loaded_m_s2": 1.0730234353664896,
  "boundary_condition": "",
  "motion_input_type": "",
  "damping_mode": "",
  "base_motion_semantics_ok": null,
  "reference_kind": "primary_gqh",
  "warnings": [],
  "profile": {
    "depth_points": 5,
    "compared_metrics": [
      "pga_g",
      "max_displacement_m",
      "max_strain_pct"
    ],
    "gamma_max_nrmse": null,
    "ru_max_nrmse": null,
    "sigma_v_eff_min_nrmse": null,
    "effective_stress_kpa_nrmse": null,
    "pga_g_nrmse": 0.059793267783169055,
    "max_displacement_m_nrmse": 0.3295456344399345,
    "max_strain_pct_nrmse": 0.16906541087495255,
    "max_stress_ratio_nrmse": null,
    "vs_m_s_nrmse": null,
    "implied_strength_kpa_nrmse": null,
    "normalized_implied_strength_nrmse": null,
    "implied_friction_angle_deg_nrmse": null,
    "mobilized_strength_nrmse": null,
    "mobilized_friction_angle_deg_nrmse": null
  },
  "hysteresis": {
    "layer_index": 0,
    "point_count": 240,
    "sw_gamma_peak": 3.258051378851765e-05,
    "ref_gamma_peak": 2.6860040502993477e-05,
    "gamma_peak_pct_diff": 21.297336781330024,
    "sw_tau_peak_kpa": 12.4547120630737,
    "ref_tau_peak_kpa": 10.957557413672664,
    "tau_peak_pct_diff": 13.66321519367912,
    "sw_loop_energy": 0.0003730539833360232,
    "ref_loop_energy": 0.00011449206940372935,
    "loop_energy_pct_diff": 225.83390734299343,
    "stress_path_nrmse": 0.3641471781154397
  },
  "layer_parity": {
    "row_count": 5,
    "gamma_max_nrmse": 0.16906541087495255,
    "tau_peak_kpa_nrmse": 0.031173003972831077,
    "secant_g_over_gmax_nrmse": 0.06964188060554397,
    "worst_gamma_layer_index": 0,
    "worst_tau_layer_index": 3,
    "worst_secant_layer_index": 3,
    "rows": [
      {
        "layer_index": 0,
        "z_mid_m": 2.0,
        "sw_gamma_max": 5.1405449835e-05,
        "ref_gamma_max": 2.9259805780019977e-05,
        "gamma_max_pct_diff": 75.68623052891945,
        "sw_tau_peak_kpa": 12.512058941,
        "ref_tau_peak_kpa": 12.1,
        "tau_peak_pct_diff": 3.4054457933884277,
        "sw_secant_g_over_gmax": 0.75067883884,
        "ref_secant_g_over_gmax": 0.8113587690390948,
        "secant_g_over_gmax_pct_diff": -7.478803769010718,
        "stress_path_nrmse": 0.3641471781154397,
        "loop_energy_pct_diff": 225.83390734299343
      },
      {
        "layer_index": 1,
        "z_mid_m": 6.0,
        "sw_gamma_max": 0.00013978267393,
        "ref_gamma_max": 0.00010238136840577661,
        "gamma_max_pct_diff": 36.531359276218765,
        "sw_tau_peak_kpa": 36.769260693,
        "ref_tau_peak_kpa": 36.1,
        "tau_peak_pct_diff": 1.8539077368421004,
        "sw_secant_g_over_gmax": 0.63667144801,
        "ref_secant_g_over_gmax": 0.6918075144227482,
        "secant_g_over_gmax_pct_diff": -7.969856537154616,
        "stress_path_nrmse": null,
        "loop_energy_pct_diff": null
      },
      {
        "layer_index": 2,
        "z_mid_m": 10.0,
        "sw_gamma_max": 0.00024515985134,
        "ref_gamma_max": 0.0001855473392878404,
        "gamma_max_pct_diff": 32.1279261028273,
        "sw_tau_peak_kpa": 60.022776176,
        "ref_tau_peak_kpa": 57.6,
        "tau_peak_pct_diff": 4.206208638888888,
        "sw_secant_g_over_gmax": 0.55004548859,
        "ref_secant_g_over_gmax": 0.6090693643668219,
        "secant_g_over_gmax_pct_diff": -9.690829851240688,
        "stress_path_nrmse": null,
        "loop_energy_pct_diff": null
      },
      {
        "layer_index": 3,
        "z_mid_m": 14.0,
        "sw_gamma_max": 0.00032745985646,
        "ref_gamma_max": 0.0002599749714841779,
        "gamma_max_pct_diff": 25.95822382076085,
        "sw_tau_peak_kpa": 78.514661689,
        "ref_tau_peak_kpa": 74.7,
        "tau_peak_pct_diff": 5.1066421539491165,
        "sw_secant_g_over_gmax": 0.50844254429,
        "ref_secant_g_over_gmax": 0.5637519610572196,
        "secant_g_over_gmax_pct_diff": -9.810948890270163,
        "stress_path_nrmse": null,
        "loop_energy_pct_diff": null
      },
      {
        "layer_index": 4,
        "z_mid_m": 18.0,
        "sw_gamma_max": 0.00035668418738,
        "ref_gamma_max": 0.000301760267240939,
        "gamma_max_pct_diff": 18.20117692804376,
        "sw_tau_peak_kpa": 88.639378364,
        "ref_tau_peak_kpa": 84.9,
        "tau_peak_pct_diff": 4.404450369846866,
        "sw_secant_g_over_gmax": 0.5000567838,
        "ref_secant_g_over_gmax": 0.5520070668117482,
        "secant_g_over_gmax_pct_diff": -9.411162670760678,
        "stress_path_nrmse": null,
        "loop_energy_pct_diff": null
      }
    ]
  },
  "backbone_diagnostic": null,
  "reload_diagnostic": null,
  "envelope_diagnostic": null,
  "artifacts": {
    "output_dir": "H:\\Drive'\u0131m\\GitHub_Repo\\Deepsoil\\1DSRA\\output\\baseline_iter\\reload_branch_blend_sweep\\blend_1_0\\run-5245592c6ff1\\compare",
    "json_path": "H:\\Drive'\u0131m\\GitHub_Repo\\Deepsoil\\1DSRA\\output\\baseline_iter\\reload_branch_blend_sweep\\blend_1_0\\run-5245592c6ff1\\compare\\deepsoil_compare.json",
    "markdown_path": "H:\\Drive'\u0131m\\GitHub_Repo\\Deepsoil\\1DSRA\\output\\baseline_iter\\reload_branch_blend_sweep\\blend_1_0\\run-5245592c6ff1\\compare\\deepsoil_compare.md",
    "layer_parity_csv": "H:\\Drive'\u0131m\\GitHub_Repo\\Deepsoil\\1DSRA\\output\\baseline_iter\\reload_branch_blend_sweep\\blend_1_0\\run-5245592c6ff1\\compare\\layer_parity.csv",
    "backbone_diagnostic_csv": null,
    "hysteresis_envelope_csv": null
  }
}