{
  "run_id": "run-65d4ce5f6fe0",
  "run_dir": "H:\\Drive'\u0131m\\GitHub_Repo\\Deepsoil\\1DSRA\\output\\baseline_iter\\reload_1p4\\run-65d4ce5f6fe0",
  "stratawave_dt_s": 0.004999999999999893,
  "deepsoil_dt_s": 0.004999999999999893,
  "overlap_duration_s": 29.989999999999363,
  "overlap_samples": 5999,
  "stratawave_pga_m_s2": 2.7476848087014463,
  "deepsoil_pga_m_s2": 3.0161205902380765,
  "pga_ratio": 0.910999652200431,
  "pga_pct_diff": -8.900034779956904,
  "surface_rmse_m_s2": 0.3040343795698344,
  "surface_nrmse": 0.10080312456805554,
  "surface_corrcoef": 0.7854605205348171,
  "psa_point_count": 80,
  "psa_rmse_m_s2": 0.8147084258785003,
  "psa_nrmse": 0.07245256305287902,
  "psa_max_abs_diff_m_s2": 3.488029237339589,
  "psa_pct_diff_at_peak": -12.18444759957311,
  "psa_peak_period_s": 0.16941210201752382,
  "used_reference_psa_csv": true,
  "surface_psa_peak_period_diff_pct": 11.732494130275942,
  "arias_intensity_sw": 1.158884506125108,
  "arias_intensity_ref": 0.7032391887594881,
  "arias_intensity_ratio": 1.6479236718439667,
  "xcorr_lag_samples": 0,
  "xcorr_lag_s": 0.0,
  "xcorr_peak_coeff": 0.7854605097916302,
  "input_history_nrmse": 0.021913421177076252,
  "input_psa_nrmse": 0.014235384034179578,
  "applied_input_history_nrmse": 0.021913421177076252,
  "applied_input_psa_nrmse": 0.00012250314068310337,
  "input_dt_used_s": 0.004999999999999893,
  "input_pga_loaded_m_s2": 2.1460672722560035,
  "applied_input_pga_loaded_m_s2": 1.0730336361280017,
  "boundary_condition": "rigid",
  "motion_input_type": "outcrop",
  "damping_mode": "frequency_independent",
  "base_motion_semantics_ok": true,
  "reference_kind": "primary_gqh",
  "warnings": [],
  "profile": {
    "depth_points": 5,
    "compared_metrics": [
      "effective_stress_kpa",
      "pga_g",
      "max_displacement_m",
      "max_strain_pct",
      "max_stress_ratio",
      "mobilized_strength_kpa",
      "mobilized_friction_angle_deg"
    ],
    "gamma_max_nrmse": null,
    "ru_max_nrmse": null,
    "sigma_v_eff_min_nrmse": null,
    "effective_stress_kpa_nrmse": 0.614482167294058,
    "pga_g_nrmse": 0.07372123467987328,
    "max_displacement_m_nrmse": 0.3422580904047174,
    "max_strain_pct_nrmse": 0.1504527835659583,
    "max_stress_ratio_nrmse": 0.49456456295863827,
    "vs_m_s_nrmse": null,
    "implied_strength_kpa_nrmse": null,
    "normalized_implied_strength_nrmse": null,
    "implied_friction_angle_deg_nrmse": null,
    "mobilized_strength_nrmse": 0.06774475401593014,
    "mobilized_friction_angle_deg_nrmse": 0.46826605446520125
  },
  "hysteresis": {
    "layer_index": 0,
    "point_count": 240,
    "sw_gamma_peak": 2.8557733700211552e-05,
    "ref_gamma_peak": 2.6860040502993477e-05,
    "gamma_peak_pct_diff": 6.3205161475049625,
    "sw_tau_peak_kpa": 9.869551906552946,
    "ref_tau_peak_kpa": 10.957557413672664,
    "tau_peak_pct_diff": -9.929270420815882,
    "sw_loop_energy": 0.0002728031830563252,
    "ref_loop_energy": 0.00011449206940372935,
    "loop_energy_pct_diff": 138.2725585073923,
    "stress_path_nrmse": 0.30626910886567243
  },
  "layer_parity": {
    "row_count": 5,
    "gamma_max_nrmse": 0.1504527835659582,
    "tau_peak_kpa_nrmse": 0.06774475401593014,
    "secant_g_over_gmax_nrmse": 0.13868985717145058,
    "worst_gamma_layer_index": 0,
    "worst_tau_layer_index": 4,
    "worst_secant_layer_index": 3,
    "rows": [
      {
        "layer_index": 0,
        "z_mid_m": 2.0,
        "sw_gamma_max": 4.9597504434e-05,
        "ref_gamma_max": 2.9259805780019977e-05,
        "gamma_max_pct_diff": 69.50729204042631,
        "sw_tau_peak_kpa": 11.20528165,
        "ref_tau_peak_kpa": 12.1,
        "tau_peak_pct_diff": -7.394366528925618,
        "sw_secant_g_over_gmax": 0.70356036465,
        "ref_secant_g_over_gmax": 0.8113587690390948,
        "secant_g_over_gmax_pct_diff": -13.28615755478456,
        "stress_path_nrmse": 0.30626910886567243,
        "loop_energy_pct_diff": 138.2725585073923
      },
      {
        "layer_index": 1,
        "z_mid_m": 6.0,
        "sw_gamma_max": 0.00013814129106,
        "ref_gamma_max": 0.00010238136840577661,
        "gamma_max_pct_diff": 34.92815461548933,
        "sw_tau_peak_kpa": 32.98844395,
        "ref_tau_peak_kpa": 36.1,
        "tau_peak_pct_diff": -8.619268836565109,
        "sw_secant_g_over_gmax": 0.5807387797,
        "ref_secant_g_over_gmax": 0.6918075144227482,
        "secant_g_over_gmax_pct_diff": -16.054860984767593,
        "stress_path_nrmse": null,
        "loop_energy_pct_diff": null
      },
      {
        "layer_index": 2,
        "z_mid_m": 10.0,
        "sw_gamma_max": 0.00023898710214,
        "ref_gamma_max": 0.0001855473392878404,
        "gamma_max_pct_diff": 28.801147490052802,
        "sw_tau_peak_kpa": 52.429839937,
        "ref_tau_peak_kpa": 57.6,
        "tau_peak_pct_diff": -8.975972331597228,
        "sw_secant_g_over_gmax": 0.49272567854,
        "ref_secant_g_over_gmax": 0.6090693643668219,
        "secant_g_over_gmax_pct_diff": -19.10187782105423,
        "stress_path_nrmse": null,
        "loop_energy_pct_diff": null
      },
      {
        "layer_index": 3,
        "z_mid_m": 14.0,
        "sw_gamma_max": 0.00032120866413,
        "ref_gamma_max": 0.0002599749714841779,
        "gamma_max_pct_diff": 23.553687609327728,
        "sw_tau_peak_kpa": 67.615309041,
        "ref_tau_peak_kpa": 74.7,
        "tau_peak_pct_diff": -9.484191377510038,
        "sw_secant_g_over_gmax": 0.44753367248,
        "ref_secant_g_over_gmax": 0.5637519610572196,
        "secant_g_over_gmax_pct_diff": -20.615145774264317,
        "stress_path_nrmse": null,
        "loop_energy_pct_diff": null
      },
      {
        "layer_index": 4,
        "z_mid_m": 18.0,
        "sw_gamma_max": 0.00034657474868,
        "ref_gamma_max": 0.000301760267240939,
        "gamma_max_pct_diff": 14.851021258964847,
        "sw_tau_peak_kpa": 76.068535706,
        "ref_tau_peak_kpa": 84.9,
        "tau_peak_pct_diff": -10.402195870435806,
        "sw_secant_g_over_gmax": 0.44104497499,
        "ref_secant_g_over_gmax": 0.5520070668117482,
        "secant_g_over_gmax_pct_diff": -20.101570884343356,
        "stress_path_nrmse": null,
        "loop_energy_pct_diff": null
      }
    ]
  },
  "artifacts": {
    "output_dir": "H:\\Drive'\u0131m\\GitHub_Repo\\Deepsoil\\1DSRA\\output\\baseline_iter\\reload_1p4\\run-65d4ce5f6fe0\\compare",
    "json_path": "H:\\Drive'\u0131m\\GitHub_Repo\\Deepsoil\\1DSRA\\output\\baseline_iter\\reload_1p4\\run-65d4ce5f6fe0\\compare\\deepsoil_compare.json",
    "markdown_path": "H:\\Drive'\u0131m\\GitHub_Repo\\Deepsoil\\1DSRA\\output\\baseline_iter\\reload_1p4\\run-65d4ce5f6fe0\\compare\\deepsoil_compare.md",
    "layer_parity_csv": "H:\\Drive'\u0131m\\GitHub_Repo\\Deepsoil\\1DSRA\\output\\baseline_iter\\reload_1p4\\run-65d4ce5f6fe0\\compare\\layer_parity.csv"
  }
}