{
  "run_id": "run-fd7dbb202262",
  "run_dir": "H:\\Drive'\u0131m\\GitHub_Repo\\Deepsoil\\1DSRA\\output\\baseline_iter\\reload_factor_compare_exact\\rf_1p6\\run-fd7dbb202262",
  "stratawave_dt_s": 0.004999999999999893,
  "deepsoil_dt_s": 0.004999999999999893,
  "overlap_duration_s": 29.99499999999936,
  "overlap_samples": 6000,
  "stratawave_pga_m_s2": 2.8687720527326217,
  "deepsoil_pga_m_s2": 3.0161205902380765,
  "pga_ratio": 0.9511463374566784,
  "pga_pct_diff": -4.8853662543321565,
  "surface_rmse_m_s2": 0.32938670712627977,
  "surface_nrmse": 0.10920873263244059,
  "surface_corrcoef": 0.7653451696496005,
  "psa_point_count": 80,
  "psa_rmse_m_s2": 0.8571413506701446,
  "psa_nrmse": 0.07622615132241187,
  "psa_max_abs_diff_m_s2": 4.12213281639759,
  "psa_pct_diff_at_peak": -6.982978718867121,
  "psa_peak_period_s": 0.16941210201752382,
  "used_reference_psa_csv": true,
  "surface_psa_peak_period_diff_pct": 11.732494130275942,
  "arias_intensity_sw": 1.2572060807863954,
  "arias_intensity_ref": 0.7032394850645711,
  "arias_intensity_ratio": 1.7877353412130426,
  "xcorr_lag_samples": 1,
  "xcorr_lag_s": 0.004999999999999893,
  "xcorr_peak_coeff": 0.7802757427582714,
  "input_history_nrmse": 3.9028023283585766e-05,
  "input_psa_nrmse": 0.014235105834099681,
  "applied_input_history_nrmse": 3.9028023283585766e-05,
  "applied_input_psa_nrmse": 0.00012773466201254687,
  "input_dt_used_s": 0.004999999999999893,
  "input_pga_loaded_m_s2": 2.146046870732979,
  "applied_input_pga_loaded_m_s2": 1.0730234353664896,
  "boundary_condition": "rigid",
  "motion_input_type": "outcrop",
  "damping_mode": "frequency_independent",
  "base_motion_semantics_ok": true,
  "reference_kind": "primary_gqh",
  "warnings": [],
  "profile": {
    "depth_points": 5,
    "compared_metrics": [
      "effective_stress_kpa",
      "pga_g",
      "max_displacement_m",
      "max_strain_pct",
      "max_stress_ratio",
      "mobilized_strength_kpa",
      "mobilized_friction_angle_deg"
    ],
    "gamma_max_nrmse": null,
    "ru_max_nrmse": null,
    "sigma_v_eff_min_nrmse": null,
    "effective_stress_kpa_nrmse": 0.614482167294058,
    "pga_g_nrmse": 0.059491937355052996,
    "max_displacement_m_nrmse": 0.3421188312109442,
    "max_strain_pct_nrmse": 0.15115796966074813,
    "max_stress_ratio_nrmse": 0.47583666291776494,
    "vs_m_s_nrmse": null,
    "implied_strength_kpa_nrmse": null,
    "normalized_implied_strength_nrmse": null,
    "implied_friction_angle_deg_nrmse": null,
    "mobilized_strength_nrmse": 0.0408624144223456,
    "mobilized_friction_angle_deg_nrmse": 0.4489113976512777
  },
  "hysteresis": {
    "layer_index": 0,
    "point_count": 240,
    "sw_gamma_peak": 2.7569819449816396e-05,
    "ref_gamma_peak": 2.6860040502993477e-05,
    "gamma_peak_pct_diff": 2.6425088478322167,
    "sw_tau_peak_kpa": 10.337825306428643,
    "ref_tau_peak_kpa": 10.957557413672664,
    "tau_peak_pct_diff": -5.655750491169948,
    "sw_loop_energy": 0.00028242203442573494,
    "ref_loop_energy": 0.00011449206940372935,
    "loop_energy_pct_diff": 146.67388396120268,
    "stress_path_nrmse": 0.3163792924440307
  },
  "layer_parity": {
    "row_count": 5,
    "gamma_max_nrmse": 0.15115796966074813,
    "tau_peak_kpa_nrmse": 0.0408624144223456,
    "secant_g_over_gmax_nrmse": 0.1173155108532125,
    "worst_gamma_layer_index": 0,
    "worst_tau_layer_index": 4,
    "worst_secant_layer_index": 3,
    "rows": [
      {
        "layer_index": 0,
        "z_mid_m": 2.0,
        "sw_gamma_max": 5.064089948e-05,
        "ref_gamma_max": 2.9259805780019977e-05,
        "gamma_max_pct_diff": 73.07325913482336,
        "sw_tau_peak_kpa": 11.727196461,
        "ref_tau_peak_kpa": 12.1,
        "tau_peak_pct_diff": -3.0810209834710705,
        "sw_secant_g_over_gmax": 0.71815185132,
        "ref_secant_g_over_gmax": 0.8113587690390948,
        "secant_g_over_gmax_pct_diff": -11.487756252327339,
        "stress_path_nrmse": 0.3163792924440307,
        "loop_energy_pct_diff": 146.67388396120268
      },
      {
        "layer_index": 1,
        "z_mid_m": 6.0,
        "sw_gamma_max": 0.00013956630965,
        "ref_gamma_max": 0.00010238136840577661,
        "gamma_max_pct_diff": 36.3200275824066,
        "sw_tau_peak_kpa": 34.397462764,
        "ref_tau_peak_kpa": 36.1,
        "tau_peak_pct_diff": -4.716169628808878,
        "sw_secant_g_over_gmax": 0.59765228104,
        "ref_secant_g_over_gmax": 0.6918075144227482,
        "secant_g_over_gmax_pct_diff": -13.610033343062542,
        "stress_path_nrmse": null,
        "loop_energy_pct_diff": null
      },
      {
        "layer_index": 2,
        "z_mid_m": 10.0,
        "sw_gamma_max": 0.00024057895591,
        "ref_gamma_max": 0.0001855473392878404,
        "gamma_max_pct_diff": 29.6590707435523,
        "sw_tau_peak_kpa": 54.737635668,
        "ref_tau_peak_kpa": 57.6,
        "tau_peak_pct_diff": -4.969382520833331,
        "sw_secant_g_over_gmax": 0.50912358243,
        "ref_secant_g_over_gmax": 0.6090693643668219,
        "secant_g_over_gmax_pct_diff": -16.409589413633345,
        "stress_path_nrmse": null,
        "loop_energy_pct_diff": null
      },
      {
        "layer_index": 3,
        "z_mid_m": 14.0,
        "sw_gamma_max": 0.00031881979402,
        "ref_gamma_max": 0.0002599749714841779,
        "gamma_max_pct_diff": 22.634802958100693,
        "sw_tau_peak_kpa": 70.347872977,
        "ref_tau_peak_kpa": 74.7,
        "tau_peak_pct_diff": -5.826140593038833,
        "sw_secant_g_over_gmax": 0.46693210688,
        "ref_secant_g_over_gmax": 0.5637519610572196,
        "secant_g_over_gmax_pct_diff": -17.174193770545944,
        "stress_path_nrmse": null,
        "loop_energy_pct_diff": null
      },
      {
        "layer_index": 4,
        "z_mid_m": 18.0,
        "sw_gamma_max": 0.000347278175,
        "ref_gamma_max": 0.000301760267240939,
        "gamma_max_pct_diff": 15.084128926329944,
        "sw_tau_peak_kpa": 79.422258942,
        "ref_tau_peak_kpa": 84.9,
        "tau_peak_pct_diff": -6.451991823321562,
        "sw_secant_g_over_gmax": 0.46043791183,
        "ref_secant_g_over_gmax": 0.5520070668117482,
        "secant_g_over_gmax_pct_diff": -16.588402664956487,
        "stress_path_nrmse": null,
        "loop_energy_pct_diff": null
      }
    ]
  },
  "backbone_diagnostic": {
    "row_count": 5,
    "tau_peak_kpa_nrmse": 0.00032434026175287247,
    "secant_g_over_gmax_nrmse": 0.001194232004210919,
    "backbone_loop_energy_nrmse": 1.4303591295408211,
    "worst_tau_layer_index": 0,
    "worst_secant_layer_index": 0,
    "rows": [
      {
        "layer_index": 0,
        "z_mid_m": 2.0,
        "material": "gqh",
        "reload_factor": 1.6,
        "ref_gamma_max": 2.9259805780019977e-05,
        "ref_tau_peak_kpa": 12.1,
        "ref_secant_g_over_gmax": 0.8113587690390948,
        "sw_backbone_tau_peak_kpa": 12.129743532742133,
        "sw_backbone_tau_pct_diff": 0.24581432018291677,
        "sw_backbone_secant_g_over_gmax": 0.8133531985746272,
        "sw_backbone_secant_pct_diff": 0.2458135182164175,
        "sw_backbone_tangent_g_over_gmax": 0.6822728945235856,
        "backbone_masing_loop_energy": 0.00027825684613537493,
        "backbone_masing_loop_energy_pct_diff": 143.0359129540821
      },
      {
        "layer_index": 1,
        "z_mid_m": 6.0,
        "material": "gqh",
        "reload_factor": 1.6,
        "ref_gamma_max": 0.00010238136840577661,
        "ref_tau_peak_kpa": 36.1,
        "ref_secant_g_over_gmax": 0.6918075144227482,
        "sw_backbone_tau_peak_kpa": 36.058119371991374,
        "sw_backbone_tau_pct_diff": -0.11601281996849651,
        "sw_backbone_secant_g_over_gmax": 0.6910049234884731,
        "sw_backbone_secant_pct_diff": -0.1160136190403829,
        "sw_backbone_tangent_g_over_gmax": 0.4973337230797821,
        "backbone_masing_loop_energy": 0.0037939241580697593,
        "backbone_masing_loop_energy_pct_diff": null
      },
      {
        "layer_index": 2,
        "z_mid_m": 10.0,