{
  "run_id": "run-44de20d52a3b",
  "run_dir": "H:\\Drive'\u0131m\\GitHub_Repo\\Deepsoil\\1DSRA\\output\\baseline_iter\\variant_runs_refit_mps2\\mrd_default_refit\\run-44de20d52a3b",
  "stratawave_dt_s": 0.004999999999999893,
  "deepsoil_dt_s": 0.004999999999999893,
  "overlap_duration_s": 29.99499999999936,
  "overlap_samples": 6000,
  "stratawave_pga_m_s2": 3.4831258791969133,
  "deepsoil_pga_m_s2": 3.0161205902380765,
  "pga_ratio": 1.1548364115381653,
  "pga_pct_diff": 15.483641153816528,
  "surface_rmse_m_s2": 0.6101577204829348,
  "surface_nrmse": 0.20229884788366398,
  "surface_corrcoef": 0.6518747008533119,
  "psa_point_count": 80,
  "psa_rmse_m_s2": 2.6674695285820293,
  "psa_nrmse": 0.23721984218197478,
  "psa_max_abs_diff_m_s2": 12.876482856651403,
  "psa_pct_diff_at_peak": 65.8097939058666,
  "psa_peak_period_s": 0.16941210201752382,
  "used_reference_psa_csv": true,
  "surface_psa_peak_period_diff_pct": 11.732494130275942,
  "arias_intensity_sw": 2.968993948166583,
  "arias_intensity_ref": 0.7032394850645711,
  "arias_intensity_ratio": 4.221881750416746,
  "xcorr_lag_samples": 36,
  "xcorr_lag_s": 0.17999999999999616,
  "xcorr_peak_coeff": 0.6682460996319508,
  "input_history_nrmse": 8.170042486602506e-07,
  "input_psa_nrmse": 0.014240944871516564,
  "applied_input_history_nrmse": 8.170042486602506e-07,
  "applied_input_psa_nrmse": 2.3215137809655103e-07,
  "input_dt_used_s": 0.004999999999999893,
  "input_pga_loaded_m_s2": 2.1467799709269246,
  "applied_input_pga_loaded_m_s2": 1.0733899854634623,
  "boundary_condition": "rigid",
  "motion_input_type": "outcrop",
  "damping_mode": "frequency_independent",
  "base_motion_semantics_ok": true,
  "reference_kind": "primary_gqh",
  "warnings": [],
  "profile": {
    "depth_points": 5,
    "compared_metrics": [
      "effective_stress_kpa",
      "pga_g",
      "max_displacement_m",
      "max_strain_pct",
      "max_stress_ratio",
      "mobilized_strength_kpa",
      "mobilized_friction_angle_deg"
    ],
    "gamma_max_nrmse": null,
    "ru_max_nrmse": null,
    "sigma_v_eff_min_nrmse": null,
    "effective_stress_kpa_nrmse": 0.0,
    "pga_g_nrmse": 0.10859935028425018,
    "max_displacement_m_nrmse": 0.38462290630140256,
    "max_strain_pct_nrmse": 0.08802692455232437,
    "max_stress_ratio_nrmse": 0.15329747501271324,
    "vs_m_s_nrmse": null,
    "implied_strength_kpa_nrmse": null,
    "normalized_implied_strength_nrmse": null,
    "implied_friction_angle_deg_nrmse": null,
    "mobilized_strength_nrmse": 0.11365862653482212,
    "mobilized_friction_angle_deg_nrmse": 0.12467207244091713
  },
  "hysteresis": {
    "layer_index": 0,
    "point_count": 240,
    "gamma_peak_pct_diff": 13.613587067665085,
    "tau_peak_pct_diff": 19.13990905031237,
    "loop_energy_pct_diff": 238.04506679262278,
    "stress_path_nrmse": 0.403214074333602
  },
  "artifacts": null
}