{
  "run_id": "run-98e2a52adda1",
  "run_dir": "H:\\Drive'\u0131m\\GitHub_Repo\\Deepsoil\\1DSRA\\output\\baseline_iter\\reload_factor_compare_exact\\rf_1p4\\run-98e2a52adda1",
  "stratawave_dt_s": 0.004999999999999893,
  "deepsoil_dt_s": 0.004999999999999893,
  "overlap_duration_s": 29.99499999999936,
  "overlap_samples": 6000,
  "stratawave_pga_m_s2": 2.747672279862276,
  "deepsoil_pga_m_s2": 3.0161205902380765,
  "pga_ratio": 0.9109954982421274,
  "pga_pct_diff": -8.900450175787254,
  "surface_rmse_m_s2": 0.31565909952367677,
  "surface_nrmse": 0.10465732058113102,
  "surface_corrcoef": 0.7662536111478863,
  "psa_point_count": 80,
  "psa_rmse_m_s2": 0.8147118158155865,
  "psa_nrmse": 0.07245286452224238,
  "psa_max_abs_diff_m_s2": 3.4878598048555514,
  "psa_pct_diff_at_peak": -12.184197858557214,
  "psa_peak_period_s": 0.16941210201752382,
  "used_reference_psa_csv": true,
  "surface_psa_peak_period_diff_pct": 11.732494130275942,
  "arias_intensity_sw": 1.1588845515669337,
  "arias_intensity_ref": 0.7032394850645711,
  "arias_intensity_ratio": 1.647923042120602,
  "xcorr_lag_samples": 1,
  "xcorr_lag_s": 0.004999999999999893,
  "xcorr_peak_coeff": 0.7854612963552832,
  "input_history_nrmse": 3.9028023283585766e-05,
  "input_psa_nrmse": 0.014235105834099681,
  "applied_input_history_nrmse": 3.9028023283585766e-05,
  "applied_input_psa_nrmse": 0.00012773466201254687,
  "input_dt_used_s": 0.004999999999999893,
  "input_pga_loaded_m_s2": 2.146046870732979,
  "applied_input_pga_loaded_m_s2": 1.0730234353664896,
  "boundary_condition": "rigid",
  "motion_input_type": "outcrop",
  "damping_mode": "frequency_independent",
  "base_motion_semantics_ok": true,
  "reference_kind": "primary_gqh",
  "warnings": [],
  "profile": {
    "depth_points": 5,
    "compared_metrics": [
      "effective_stress_kpa",
      "pga_g",
      "max_displacement_m",
      "max_strain_pct",
      "max_stress_ratio",
      "mobilized_strength_kpa",
      "mobilized_friction_angle_deg"
    ],
    "gamma_max_nrmse": null,
    "ru_max_nrmse": null,
    "sigma_v_eff_min_nrmse": null,
    "effective_stress_kpa_nrmse": 0.614482167294058,
    "pga_g_nrmse": 0.07372078914768818,
    "max_displacement_m_nrmse": 0.3422740835008576,
    "max_strain_pct_nrmse": 0.15042733027272004,
    "max_stress_ratio_nrmse": 0.49456857258498,
    "vs_m_s_nrmse": null,
    "implied_strength_kpa_nrmse": null,
    "normalized_implied_strength_nrmse": null,
    "implied_friction_angle_deg_nrmse": null,
    "mobilized_strength_nrmse": 0.06774835430979519,
    "mobilized_friction_angle_deg_nrmse": 0.4682701651282735
  },
  "hysteresis": {
    "layer_index": 0,
    "point_count": 240,
    "sw_gamma_peak": 2.9360771624805494e-05,
    "ref_gamma_peak": 2.6860040502993477e-05,
    "gamma_peak_pct_diff": 9.310228409868996,
    "sw_tau_peak_kpa": 10.2626981292561,
    "ref_tau_peak_kpa": 10.957557413672664,
    "tau_peak_pct_diff": -6.341370235938988,
    "sw_loop_energy": 0.00027438444883757336,
    "ref_loop_energy": 0.00011449206940372935,
    "loop_energy_pct_diff": 139.65367231683197,
    "stress_path_nrmse": 0.30466262351116696
  },
  "layer_parity": {
    "row_count": 5,
    "gamma_max_nrmse": 0.15042733027272004,
    "tau_peak_kpa_nrmse": 0.06774835430979519,
    "secant_g_over_gmax_nrmse": 0.13867807828964024,
    "worst_gamma_layer_index": 0,
    "worst_tau_layer_index": 4,
    "worst_secant_layer_index": 3,
    "rows": [
      {
        "layer_index": 0,
        "z_mid_m": 2.0,
        "sw_gamma_max": 4.95960602e-05,
        "ref_gamma_max": 2.9259805780019977e-05,
        "gamma_max_pct_diff": 69.5023561430015,
        "sw_tau_peak_kpa": 11.205030727,
        "ref_tau_peak_kpa": 12.1,
        "tau_peak_pct_diff": -7.396440272727267,
        "sw_secant_g_over_gmax": 0.70356259542,
        "ref_secant_g_over_gmax": 0.8113587690390948,
        "secant_g_over_gmax_pct_diff": -13.285882612294868,
        "stress_path_nrmse": 0.30466262351116696,
        "loop_energy_pct_diff": 139.65367231683197
      },
      {
        "layer_index": 1,
        "z_mid_m": 6.0,
        "sw_gamma_max": 0.00013813789553,
        "ref_gamma_max": 0.00010238136840577661,
        "gamma_max_pct_diff": 34.92483806478006,
        "sw_tau_peak_kpa": 32.988252663,
        "ref_tau_peak_kpa": 36.1,
        "tau_peak_pct_diff": -8.619798717451534,
        "sw_secant_g_over_gmax": 0.58074827368,
        "ref_secant_g_over_gmax": 0.6918075144227482,
        "secant_g_over_gmax_pct_diff": -16.05348864061086,
        "stress_path_nrmse": null,
        "loop_energy_pct_diff": null
      },
      {
        "layer_index": 2,
        "z_mid_m": 10.0,
        "sw_gamma_max": 0.00023898045255,
        "ref_gamma_max": 0.0001855473392878404,
        "gamma_max_pct_diff": 28.79756371998876,
        "sw_tau_peak_kpa": 52.429650514,
        "ref_tau_peak_kpa": 57.6,
        "tau_peak_pct_diff": -8.97630119097222,
        "sw_secant_g_over_gmax": 0.49273669929,
        "ref_secant_g_over_gmax": 0.6090693643668219,
        "secant_g_over_gmax_pct_diff": -19.100068380185128,
        "stress_path_nrmse": null,
        "loop_energy_pct_diff": null
      },
      {
        "layer_index": 3,
        "z_mid_m": 14.0,
        "sw_gamma_max": 0.0003211981266,
        "ref_gamma_max": 0.0002599749714841779,
        "gamma_max_pct_diff": 23.54963432299026,
        "sw_tau_peak_kpa": 67.614876919,
        "ref_tau_peak_kpa": 74.7,
        "tau_peak_pct_diff": -9.484769854083007,
        "sw_secant_g_over_gmax": 0.4475450394,
        "ref_secant_g_over_gmax": 0.5637519610572196,
        "secant_g_over_gmax_pct_diff": -20.61312947617841,
        "stress_path_nrmse": null,
        "loop_energy_pct_diff": null
      },
      {
        "layer_index": 4,
        "z_mid_m": 18.0,
        "sw_gamma_max": 0.00034656153444,
        "ref_gamma_max": 0.000301760267240939,
        "gamma_max_pct_diff": 14.846642206639375,
        "sw_tau_peak_kpa": 76.068090743,
        "ref_tau_peak_kpa": 84.9,
        "tau_peak_pct_diff": -10.402719972909312,
        "sw_secant_g_over_gmax": 0.44105830291,
        "ref_secant_g_over_gmax": 0.5520070668117482,
        "secant_g_over_gmax_pct_diff": -20.09915643699272,
        "stress_path_nrmse": null,
        "loop_energy_pct_diff": null
      }
    ]
  },
  "backbone_diagnostic": {
    "row_count": 5,
    "tau_peak_kpa_nrmse": 0.00032434026175287247,
    "secant_g_over_gmax_nrmse": 0.001194232004210919,
    "backbone_loop_energy_nrmse": 1.4303591295408211,
    "worst_tau_layer_index": 0,
    "worst_secant_layer_index": 0,
    "rows": [
      {
        "layer_index": 0,
        "z_mid_m": 2.0,
        "material": "gqh",
        "reload_factor": 1.4,
        "ref_gamma_max": 2.9259805780019977e-05,
        "ref_tau_peak_kpa": 12.1,
        "ref_secant_g_over_gmax": 0.8113587690390948,
        "sw_backbone_tau_peak_kpa": 12.129743532742133,
        "sw_backbone_tau_pct_diff": 0.24581432018291677,
        "sw_backbone_secant_g_over_gmax": 0.8133531985746272,
        "sw_backbone_secant_pct_diff": 0.2458135182164175,
        "sw_backbone_tangent_g_over_gmax": 0.6822728945235856,
        "backbone_masing_loop_energy": 0.00027825684613537493,
        "backbone_masing_loop_energy_pct_diff": 143.0359129540821
      },
      {
        "layer_index": 1,
        "z_mid_m": 6.0,
        "material": "gqh",
        "reload_factor": 1.4,
        "ref_gamma_max": 0.00010238136840577661,
        "ref_tau_peak_kpa": 36.1,
        "ref_secant_g_over_gmax": 0.6918075144227482,
        "sw_backbone_tau_peak_kpa": 36.058119371991374,
        "sw_backbone_tau_pct_diff": -0.11601281996849651,
        "sw_backbone_secant_g_over_gmax": 0.6910049234884731,
        "sw_backbone_secant_pct_diff": -0.1160136190403829,
        "sw_backbone_tangent_g_over_gmax": 0.4973337230797821,
        "backbone_masing_loop_energy": 0.0037939241580697593,
        "backbone_masing_loop_energy_pct_diff": null
      },
      {
        "layer_index": 2,
        "z_mid_m": 10.0,