{
  "run_id": "run-a5d128877e23",
  "run_dir": "H:\\Drive'\u0131m\\GitHub_Repo\\Deepsoil\\1DSRA\\output\\baseline_iter\\semantics_check\\literal_rigid_outcrop\\run-a5d128877e23",
  "stratawave_dt_s": 0.004999999999999893,
  "deepsoil_dt_s": 0.004999999999999893,
  "overlap_duration_s": 29.99499999999936,
  "overlap_samples": 6000,
  "stratawave_pga_m_s2": 3.0712831967514047,
  "deepsoil_pga_m_s2": 3.0161205902380765,
  "pga_ratio": 1.018289257628447,
  "pga_pct_diff": 1.8289257628447115,
  "surface_rmse_m_s2": 0.4763414013771206,
  "surface_nrmse": 0.15793181576332538,
  "surface_corrcoef": 0.6760698854705126,
  "psa_point_count": 80,
  "psa_rmse_m_s2": 1.6401015465165316,
  "psa_nrmse": 0.14585532312861432,
  "psa_max_abs_diff_m_s2": 8.350579823292918,
  "psa_pct_diff_at_peak": 12.121111178423861,
  "psa_peak_period_s": 0.16941210201752382,
  "used_reference_psa_csv": true,
  "surface_psa_peak_period_diff_pct": 11.732494130275942,
  "arias_intensity_sw": 1.9837655437473365,
  "arias_intensity_ref": 0.7032394850645711,
  "arias_intensity_ratio": 2.8208961326527167,
  "xcorr_lag_samples": 1,
  "xcorr_lag_s": 0.004999999999999893,
  "xcorr_peak_coeff": 0.6933018046752081,
  "input_history_nrmse": 8.170042486602506e-07,
  "input_psa_nrmse": 0.014240944871516564,
  "applied_input_history_nrmse": 8.170042486602506e-07,
  "applied_input_psa_nrmse": 2.3215137809655103e-07,
  "input_dt_used_s": 0.004999999999999893,
  "input_pga_loaded_m_s2": 2.1467799709269246,
  "applied_input_pga_loaded_m_s2": 1.0733899854634623,
  "boundary_condition": "rigid",
  "motion_input_type": "outcrop",
  "damping_mode": "frequency_independent",
  "base_motion_semantics_ok": true,
  "reference_kind": "primary_gqh",
  "warnings": [],
  "profile": {
    "depth_points": 5,
    "compared_metrics": [
      "effective_stress_kpa",
      "pga_g",
      "max_displacement_m",
      "max_strain_pct",
      "max_stress_ratio",
      "mobilized_strength_kpa",
      "mobilized_friction_angle_deg"
    ],
    "gamma_max_nrmse": null,
    "ru_max_nrmse": null,
    "sigma_v_eff_min_nrmse": null,
    "effective_stress_kpa_nrmse": 0.614482167294058,
    "pga_g_nrmse": 0.06796387273525906,
    "max_displacement_m_nrmse": 0.314370938578447,
    "max_strain_pct_nrmse": 0.1937540966925158,
    "max_stress_ratio_nrmse": 0.4330589264655593,
    "vs_m_s_nrmse": null,
    "implied_strength_kpa_nrmse": null,
    "normalized_implied_strength_nrmse": null,
    "implied_friction_angle_deg_nrmse": null,
    "mobilized_strength_nrmse": 0.0356734522630859,
    "mobilized_friction_angle_deg_nrmse": 0.4047818266762956
  },
  "hysteresis": {
    "layer_index": 0,
    "point_count": 240,
    "gamma_peak_pct_diff": 12.1725378790779,
    "tau_peak_pct_diff": 4.794335146513238,
    "loop_energy_pct_diff": 229.48498098115977,
    "stress_path_nrmse": 0.34319660083599096
  },
  "artifacts": null
}