{
  "run_id": "run-2eaf841761cb",
  "run_dir": "H:\\Drive'\u0131m\\GitHub_Repo\\Deepsoil\\1DSRA\\output\\baseline_iter\\reload_follow_backbone_trial\\run-2eaf841761cb",
  "stratawave_dt_s": 0.004999999999999893,
  "deepsoil_dt_s": 0.004999999999999893,
  "overlap_duration_s": 29.99499999999936,
  "overlap_samples": 6000,
  "stratawave_pga_m_s2": 3.3701832680735615,
  "deepsoil_pga_m_s2": 3.0161205902380765,
  "pga_ratio": 1.1173900934138503,
  "pga_pct_diff": 11.739009341385024,
  "surface_rmse_m_s2": 0.5291672091544669,
  "surface_nrmse": 0.17544630372788428,
  "surface_corrcoef": 0.643740201581912,
  "psa_point_count": 80,
  "psa_rmse_m_s2": 1.8849380056851026,
  "psa_nrmse": 0.16762879254673962,
  "psa_max_abs_diff_m_s2": 9.973705332056287,
  "psa_pct_diff_at_peak": 21.38972277560694,
  "psa_peak_period_s": 0.16941210201752382,
  "used_reference_psa_csv": true,
  "surface_psa_peak_period_diff_pct": 11.732494130275942,
  "arias_intensity_sw": 2.267759442139364,
  "arias_intensity_ref": 0.7032394850645711,
  "arias_intensity_ratio": 3.2247328119397896,
  "xcorr_lag_samples": 1,
  "xcorr_lag_s": 0.004999999999999893,
  "xcorr_peak_coeff": 0.6574364931998362,
  "input_history_nrmse": 3.9028023283585766e-05,
  "input_psa_nrmse": 0.014235105834099681,
  "applied_input_history_nrmse": 3.9028023283585766e-05,
  "applied_input_psa_nrmse": 0.00012773466201254687,
  "input_dt_used_s": 0.004999999999999893,
  "input_pga_loaded_m_s2": 2.146046870732979,
  "applied_input_pga_loaded_m_s2": 1.0730234353664896,
  "boundary_condition": "rigid",
  "motion_input_type": "outcrop",
  "damping_mode": "frequency_independent",
  "base_motion_semantics_ok": true,
  "reference_kind": "primary_gqh",
  "warnings": [],
  "profile": {
    "depth_points": 5,
    "compared_metrics": [
      "effective_stress_kpa",
      "pga_g",
      "max_displacement_m",
      "max_strain_pct",
      "max_stress_ratio",
      "mobilized_strength_kpa",
      "mobilized_friction_angle_deg"
    ],
    "gamma_max_nrmse": null,
    "ru_max_nrmse": null,
    "sigma_v_eff_min_nrmse": null,
    "effective_stress_kpa_nrmse": 0.614482167294058,
    "pga_g_nrmse": 0.1291604969208698,
    "max_displacement_m_nrmse": 0.347493153505718,
    "max_strain_pct_nrmse": 0.14230802473550175,
    "max_stress_ratio_nrmse": 0.44145019149486214,
    "vs_m_s_nrmse": null,
    "implied_strength_kpa_nrmse": null,
    "normalized_implied_strength_nrmse": null,
    "implied_friction_angle_deg_nrmse": null,
    "mobilized_strength_nrmse": 0.04979464549561689,
    "mobilized_friction_angle_deg_nrmse": 0.41385458121711804
  },
  "hysteresis": {
    "layer_index": 0,
    "point_count": 240,
    "sw_gamma_peak": 3.216971881065691e-05,
    "ref_gamma_peak": 2.6860040502993477e-05,
    "gamma_peak_pct_diff": 19.76794602030359,
    "sw_tau_peak_kpa": 11.499706731349992,
    "ref_tau_peak_kpa": 10.957557413672664,
    "tau_peak_pct_diff": 4.94772052940232,
    "sw_loop_energy": 0.00040057799480383344,
    "ref_loop_energy": 0.00011449206940372935,
    "loop_energy_pct_diff": 249.87401039218653,
    "stress_path_nrmse": 0.3509104056398193
  },
  "layer_parity": {
    "row_count": 5,
    "gamma_max_nrmse": 0.14230802473550172,
    "tau_peak_kpa_nrmse": 0.04979464549561689,
    "secant_g_over_gmax_nrmse": 0.15051970181323818,
    "worst_gamma_layer_index": 0,
    "worst_tau_layer_index": 3,
    "worst_secant_layer_index": 1,
    "rows": [
      {
        "layer_index": 0,
        "z_mid_m": 2.0,
        "sw_gamma_max": 5.4674557681e-05,
        "ref_gamma_max": 2.9259805780019977e-05,
        "gamma_max_pct_diff": 86.85892207232098,
        "sw_tau_peak_kpa": 13.089779565,
        "ref_tau_peak_kpa": 12.1,
        "tau_peak_pct_diff": 8.179996404958686,
        "sw_secant_g_over_gmax": 0.65181907557,
        "ref_secant_g_over_gmax": 0.8113587690390948,
        "secant_g_over_gmax_pct_diff": -19.663273456456288,
        "stress_path_nrmse": 0.3509104056398193,
        "loop_energy_pct_diff": 249.87401039218653
      },
      {
        "layer_index": 1,
        "z_mid_m": 6.0,
        "sw_gamma_max": 0.00013687648734,
        "ref_gamma_max": 0.00010238136840577661,
        "gamma_max_pct_diff": 33.69276995547277,
        "sw_tau_peak_kpa": 35.828206623,
        "ref_tau_peak_kpa": 36.1,
        "tau_peak_pct_diff": -0.7528902409972343,
        "sw_secant_g_over_gmax": 0.50479276469,
        "ref_secant_g_over_gmax": 0.6918075144227482,
        "secant_g_over_gmax_pct_diff": -27.032772242839165,
        "stress_path_nrmse": null,
        "loop_energy_pct_diff": null
      },
      {
        "layer_index": 2,
        "z_mid_m": 10.0,
        "sw_gamma_max": 0.00023874173739,
        "ref_gamma_max": 0.0001855473392878404,
        "gamma_max_pct_diff": 28.668909134632692,
        "sw_tau_peak_kpa": 62.034389808,
        "ref_tau_peak_kpa": 57.6,
        "tau_peak_pct_diff": 7.698593416666664,
        "sw_secant_g_over_gmax": 0.58132967919,
        "ref_secant_g_over_gmax": 0.6090693643668219,
        "secant_g_over_gmax_pct_diff": -4.554437770098584,
        "stress_path_nrmse": null,
        "loop_energy_pct_diff": null
      },
      {
        "layer_index": 3,
        "z_mid_m": 14.0,
        "sw_gamma_max": 0.0003148045991,
        "ref_gamma_max": 0.0002599749714841779,
        "gamma_max_pct_diff": 21.090348545017168,
        "sw_tau_peak_kpa": 68.271081589,
        "ref_tau_peak_kpa": 74.7,
        "tau_peak_pct_diff": -8.606316480589019,
        "sw_secant_g_over_gmax": 0.44997178707,
        "ref_secant_g_over_gmax": 0.5637519610572196,
        "secant_g_over_gmax_pct_diff": -20.182665754961537,
        "stress_path_nrmse": null,
        "loop_energy_pct_diff": null
      },
      {
        "layer_index": 4,
        "z_mid_m": 18.0,
        "sw_gamma_max": 0.00034111394123,
        "ref_gamma_max": 0.000301760267240939,
        "gamma_max_pct_diff": 13.041370339733716,
        "sw_tau_peak_kpa": 90.126203788,
        "ref_tau_peak_kpa": 84.9,
        "tau_peak_pct_diff": 6.155717064782087,
        "sw_secant_g_over_gmax": 0.53126301309,
        "ref_secant_g_over_gmax": 0.5520070668117482,
        "secant_g_over_gmax_pct_diff": -3.7579326369063537,
        "stress_path_nrmse": null,
        "loop_energy_pct_diff": null
      }
    ]
  },
  "backbone_diagnostic": {
    "row_count": 5,
    "tau_peak_kpa_nrmse": 0.00032434026175287247,
    "secant_g_over_gmax_nrmse": 0.001194232004210919,
    "backbone_loop_energy_nrmse": 1.4303591295408211,
    "worst_tau_layer_index": 0,
    "worst_secant_layer_index": 0,
    "rows": [
      {
        "layer_index": 0,
        "z_mid_m": 2.0,
        "material": "gqh",
        "reload_factor": 1.2,
        "ref_gamma_max": 2.9259805780019977e-05,
        "ref_tau_peak_kpa": 12.1,
        "ref_secant_g_over_gmax": 0.8113587690390948,
        "sw_backbone_tau_peak_kpa": 12.129743532742133,
        "sw_backbone_tau_pct_diff": 0.24581432018291677,
        "sw_backbone_secant_g_over_gmax": 0.8133531985746272,
        "sw_backbone_secant_pct_diff": 0.2458135182164175,
        "sw_backbone_tangent_g_over_gmax": 0.6822728945235856,
        "backbone_masing_loop_energy": 0.00027825684613537493,
        "backbone_masing_loop_energy_pct_diff": 143.0359129540821
      },
      {
        "layer_index": 1,
        "z_mid_m": 6.0,
        "material": "gqh",
        "reload_factor": 1.2,
        "ref_gamma_max": 0.00010238136840577661,
        "ref_tau_peak_kpa": 36.1,
        "ref_secant_g_over_gmax": 0.6918075144227482,
        "sw_backbone_tau_peak_kpa": 36.058119371991374,
        "sw_backbone_tau_pct_diff": -0.11601281996849651,
        "sw_backbone_secant_g_over_gmax": 0.6910049234884731,
        "sw_backbone_secant_pct_diff": -0.1160136190403829,
        "sw_backbone_tangent_g_over_gmax": 0.4973337230797821,
        "backbone_masing_loop_energy": 0.0037939241580697593,
        "backbone_masing_loop_energy_pct_diff": null
      },
      {
        "layer_index": 2,
        "z_mid_m": 10.0,