{
  "run_id": "run-2ef16c347d21",
  "run_dir": "output\\baseline_iter\\mode3_current\\run-2ef16c347d21",
  "stratawave_dt_s": 0.004999999999999893,
  "deepsoil_dt_s": 0.004999999999999893,
  "overlap_duration_s": 29.99499999999936,
  "overlap_samples": 6000,
  "stratawave_pga_m_s2": 2.615135078779974,
  "deepsoil_pga_m_s2": 3.0161205902380765,
  "pga_ratio": 0.8670525599155666,
  "pga_pct_diff": -13.294744008443336,
  "surface_rmse_m_s2": 0.29770889337438794,
  "surface_nrmse": 0.09870589867598616,
  "surface_corrcoef": 0.7675573104997447,
  "psa_point_count": 80,
  "psa_rmse_m_s2": 0.7993789318279465,
  "psa_nrmse": 0.07108930093481652,
  "psa_max_abs_diff_m_s2": 2.639381526817827,
  "psa_pct_diff_at_peak": -17.0088467438072,
  "psa_peak_period_s": 0.16941210201752382,
  "used_reference_psa_csv": true,
  "surface_psa_peak_period_diff_pct": 11.732494130275942,
  "arias_intensity_sw": 1.0273080452665655,
  "arias_intensity_ref": 0.7032394850645711,
  "arias_intensity_ratio": 1.4608224752514267,
  "xcorr_lag_samples": 2,
  "xcorr_lag_s": 0.009999999999999787,
  "xcorr_peak_coeff": 0.7926434359045367,
  "input_history_nrmse": 8.170042486602506e-07,
  "input_psa_nrmse": 0.014240944871516564,
  "applied_input_history_nrmse": 8.170042486602506e-07,
  "applied_input_psa_nrmse": 2.3215137809655103e-07,
  "input_dt_used_s": 0.004999999999999893,
  "input_pga_loaded_m_s2": 2.1467799709269246,
  "applied_input_pga_loaded_m_s2": 1.0733899854634623,
  "boundary_condition": "rigid",
  "motion_input_type": "outcrop",
  "damping_mode": "frequency_independent",
  "base_motion_semantics_ok": true,
  "reference_kind": "primary_gqh",
  "warnings": [],
  "profile": {
    "depth_points": 5,
    "compared_metrics": [
      "effective_stress_kpa",
      "pga_g",
      "max_displacement_m",
      "max_strain_pct",
      "max_stress_ratio",
      "mobilized_strength_kpa",
      "mobilized_friction_angle_deg"
    ],
    "gamma_max_nrmse": null,
    "ru_max_nrmse": null,
    "sigma_v_eff_min_nrmse": null,
    "effective_stress_kpa_nrmse": 0.614482167294058,
    "pga_g_nrmse": 0.10435880316401804,
    "max_displacement_m_nrmse": 0.34541421104246733,
    "max_strain_pct_nrmse": 0.14464029225429245,
    "max_stress_ratio_nrmse": 0.516747210145937,
    "vs_m_s_nrmse": null,
    "implied_strength_kpa_nrmse": null,
    "normalized_implied_strength_nrmse": null,
    "implied_friction_angle_deg_nrmse": null,
    "mobilized_strength_nrmse": 0.10232834869925202,
    "mobilized_friction_angle_deg_nrmse": 0.49138680872058244
  },
  "hysteresis": {
    "layer_index": 0,
    "point_count": 240,
    "sw_gamma_peak": 2.399009099139036e-05,
    "ref_gamma_peak": 2.6860040502993477e-05,
    "gamma_peak_pct_diff": -10.68482942638627,
    "sw_tau_peak_kpa": 8.31189860500496,
    "ref_tau_peak_kpa": 10.957557413672664,
    "tau_peak_pct_diff": -24.144603662915735,
    "sw_loop_energy": 0.00027458502938620575,
    "ref_loop_energy": 0.00011449206940372935,
    "loop_energy_pct_diff": 139.8288639695613,
    "stress_path_nrmse": 0.28814503592641405
  },
  "layer_parity": {
    "row_count": 5,
    "gamma_max_nrmse": 0.14464029225429248,
    "tau_peak_kpa_nrmse": 0.10232834869925202,
    "secant_g_over_gmax_nrmse": 0.16772921218927922,
    "worst_gamma_layer_index": 0,
    "worst_tau_layer_index": 4,
    "worst_secant_layer_index": 3,
    "rows": [
      {
        "layer_index": 0,
        "z_mid_m": 2.0,
        "sw_gamma_max": 4.8930984923e-05,
        "ref_gamma_max": 2.9259805780019977e-05,
        "gamma_max_pct_diff": 67.22935651340673,
        "sw_tau_peak_kpa": 10.65119128,
        "ref_tau_peak_kpa": 12.1,
        "tau_peak_pct_diff": -11.973625785123959,
        "sw_secant_g_over_gmax": 0.6799838983,
        "ref_secant_g_over_gmax": 0.8113587690390948,
        "secant_g_over_gmax_pct_diff": -16.19195795402374,
        "stress_path_nrmse": 0.28814503592641405,
        "loop_energy_pct_diff": 139.8288639695613
      },
      {
        "layer_index": 1,
        "z_mid_m": 6.0,
        "sw_gamma_max": 0.00013721118925,
        "ref_gamma_max": 0.00010238136840577661,
        "gamma_max_pct_diff": 34.019686771698,
        "sw_tau_peak_kpa": 31.386616131,
        "ref_tau_peak_kpa": 36.1,
        "tau_peak_pct_diff": -13.056465011080334,
        "sw_secant_g_over_gmax": 0.55634295399,
        "ref_secant_g_over_gmax": 0.6918075144227482,
        "secant_g_over_gmax_pct_diff": -19.58125021896898,
        "stress_path_nrmse": null,
        "loop_energy_pct_diff": null
      },
      {
        "layer_index": 2,
        "z_mid_m": 10.0,
        "sw_gamma_max": 0.00023865778921,
        "ref_gamma_max": 0.0001855473392878404,
        "gamma_max_pct_diff": 28.623665597149373,
        "sw_tau_peak_kpa": 49.812544187,
        "ref_tau_peak_kpa": 57.6,
        "tau_peak_pct_diff": -13.519888564236114,
        "sw_secant_g_over_gmax": 0.46769370093,
        "ref_secant_g_over_gmax": 0.6090693643668219,
        "secant_g_over_gmax_pct_diff": -23.21175086253002,
        "stress_path_nrmse": null,
        "loop_energy_pct_diff": null
      },
      {
        "layer_index": 3,
        "z_mid_m": 14.0,
        "sw_gamma_max": 0.00031782511715,
        "ref_gamma_max": 0.0002599749714841779,
        "gamma_max_pct_diff": 22.252198100286307,
        "sw_tau_peak_kpa": 63.774880546,
        "ref_tau_peak_kpa": 74.7,
        "tau_peak_pct_diff": -14.625327247657301,
        "sw_secant_g_over_gmax": 0.42470833078,
        "ref_secant_g_over_gmax": 0.5637519610572196,
        "secant_g_over_gmax_pct_diff": -24.663972789818285,
        "stress_path_nrmse": null,
        "loop_energy_pct_diff": null
      },
      {
        "layer_index": 4,
        "z_mid_m": 18.0,
        "sw_gamma_max": 0.00034368565576,
        "ref_gamma_max": 0.000301760267240939,
        "gamma_max_pct_diff": 13.89360796316696,
        "sw_tau_peak_kpa": 71.744738544,
        "ref_tau_peak_kpa": 84.9,
        "tau_peak_pct_diff": -15.495007604240287,
        "sw_secant_g_over_gmax": 0.41907747118,
        "ref_secant_g_over_gmax": 0.5520070668117482,
        "secant_g_over_gmax_pct_diff": -24.081140192555065,
        "stress_path_nrmse": null,
        "loop_energy_pct_diff": null
      }
    ]
  },
  "backbone_diagnostic": {
    "row_count": 5,
    "tau_peak_kpa_nrmse": 0.00032434026175287247,
    "secant_g_over_gmax_nrmse": 0.001194232004210919,
    "backbone_loop_energy_nrmse": 1.4303591295408211,
    "worst_tau_layer_index": 0,
    "worst_secant_layer_index": 0,
    "rows": [
      {
        "layer_index": 0,
        "z_mid_m": 2.0,
        "material": "gqh",
        "reload_factor": 1.1,
        "ref_gamma_max": 2.9259805780019977e-05,
        "ref_tau_peak_kpa": 12.1,
        "ref_secant_g_over_gmax": 0.8113587690390948,
        "sw_backbone_tau_peak_kpa": 12.129743532742133,
        "sw_backbone_tau_pct_diff": 0.24581432018291677,
        "sw_backbone_secant_g_over_gmax": 0.8133531985746272,
        "sw_backbone_secant_pct_diff": 0.2458135182164175,
        "sw_backbone_tangent_g_over_gmax": 0.6822728945235856,
        "backbone_masing_loop_energy": 0.00027825684613537493,
        "backbone_masing_loop_energy_pct_diff": 143.0359129540821
      },
      {
        "layer_index": 1,
        "z_mid_m": 6.0,
        "material": "gqh",
        "reload_factor": 1.1,
        "ref_gamma_max": 0.00010238136840577661,
        "ref_tau_peak_kpa": 36.1,
        "ref_secant_g_over_gmax": 0.6918075144227482,
        "sw_backbone_tau_peak_kpa": 36.058119371991374,
        "sw_backbone_tau_pct_diff": -0.11601281996849651,
        "sw_backbone_secant_g_over_gmax": 0.6910049234884731,
        "sw_backbone_secant_pct_diff": -0.1160136190403829,
        "sw_backbone_tangent_g_over_gmax": 0.4973337230797821,
        "backbone_masing_loop_energy": 0.0037939241580697593,
        "backbone_masing_loop_energy_pct_diff": null
      },
      {
        "layer_index": 2,
        "z_mid_m": 10.0,
        "material": "gqh",
        "reload_factor": 1.1,