{
  "run_id": "run-8046912724c6",
  "run_dir": "H:\\Drive'\u0131m\\GitHub_Repo\\Deepsoil\\1DSRA\\output\\baseline_iter\\reload_branch_blend_sweep\\blend_0_75\\run-8046912724c6",
  "stratawave_dt_s": 0.004999999999999893,
  "deepsoil_dt_s": 0.004999999999999893,
  "overlap_duration_s": 29.99499999999936,
  "overlap_samples": 6000,
  "stratawave_pga_m_s2": 3.0222490325821347,
  "deepsoil_pga_m_s2": 3.0161205902380765,
  "pga_ratio": 1.002031895662227,
  "pga_pct_diff": 0.20318956622269654,
  "surface_rmse_m_s2": 0.4157159065246238,
  "surface_nrmse": 0.1378313280544591,
  "surface_corrcoef": 0.7155404907834586,
  "psa_point_count": 80,
  "psa_rmse_m_s2": 1.2935776832671586,
  "psa_nrmse": 0.1150387251238373,
  "psa_max_abs_diff_m_s2": 6.781081584862278,
  "psa_pct_diff_at_peak": 7.991848217649568,
  "psa_peak_period_s": 0.16941210201752382,
  "used_reference_psa_csv": true,
  "surface_psa_peak_period_diff_pct": 11.732494130275942,
  "arias_intensity_sw": 1.6845202640833363,
  "arias_intensity_ref": 0.7032394850645711,
  "arias_intensity_ratio": 2.3953721312003187,
  "xcorr_lag_samples": 1,
  "xcorr_lag_s": 0.004999999999999893,
  "xcorr_peak_coeff": 0.729581958436888,
  "input_history_nrmse": 3.9028023283585766e-05,
  "input_psa_nrmse": 0.014235105834099681,
  "applied_input_history_nrmse": 0.057151003838187726,
  "applied_input_psa_nrmse": 0.1872332908040134,
  "input_dt_used_s": 0.004999999999999893,
  "input_pga_loaded_m_s2": 2.146046870732979,
  "applied_input_pga_loaded_m_s2": 1.0730234353664896,
  "boundary_condition": "",
  "motion_input_type": "",
  "damping_mode": "",
  "base_motion_semantics_ok": null,
  "reference_kind": "primary_gqh",
  "warnings": [],
  "profile": {
    "depth_points": 5,
    "compared_metrics": [
      "pga_g",
      "max_displacement_m",
      "max_strain_pct"
    ],
    "gamma_max_nrmse": null,
    "ru_max_nrmse": null,
    "sigma_v_eff_min_nrmse": null,
    "effective_stress_kpa_nrmse": null,
    "pga_g_nrmse": 0.04769685782245845,
    "max_displacement_m_nrmse": 0.32710925058158913,
    "max_strain_pct_nrmse": 0.17499174731019232,
    "max_stress_ratio_nrmse": null,
    "vs_m_s_nrmse": null,
    "implied_strength_kpa_nrmse": null,
    "normalized_implied_strength_nrmse": null,
    "implied_friction_angle_deg_nrmse": null,
    "mobilized_strength_nrmse": null,
    "mobilized_friction_angle_deg_nrmse": null
  },
  "hysteresis": {
    "layer_index": 0,
    "point_count": 240,
    "sw_gamma_peak": 2.827243300896589e-05,
    "ref_gamma_peak": 2.6860040502993477e-05,
    "gamma_peak_pct_diff": 5.258340938893986,
    "sw_tau_peak_kpa": 10.692974514848563,
    "ref_tau_peak_kpa": 10.957557413672664,
    "tau_peak_pct_diff": -2.4146156742373814,
    "sw_loop_energy": 0.00034182707587685943,
    "ref_loop_energy": 0.00011449206940372935,
    "loop_energy_pct_diff": 198.5596099861613,
    "stress_path_nrmse": 0.33233900895846763
  },
  "layer_parity": {
    "row_count": 5,
    "gamma_max_nrmse": 0.17499174731019232,
    "tau_peak_kpa_nrmse": 0.01543555831602521,
    "secant_g_over_gmax_nrmse": 0.09038305400568375,
    "worst_gamma_layer_index": 0,
    "worst_tau_layer_index": 3,
    "worst_secant_layer_index": 4,
    "rows": [
      {
        "layer_index": 0,
        "z_mid_m": 2.0,
        "sw_gamma_max": 5.3043801431e-05,
        "ref_gamma_max": 2.9259805780019977e-05,
        "gamma_max_pct_diff": 81.28555544692267,
        "sw_tau_peak_kpa": 12.338952877,
        "ref_tau_peak_kpa": 12.1,
        "tau_peak_pct_diff": 1.9748171652892637,
        "sw_secant_g_over_gmax": 0.72258651346,
        "ref_secant_g_over_gmax": 0.8113587690390948,
        "secant_g_over_gmax_pct_diff": -10.941183970221848,
        "stress_path_nrmse": 0.33233900895846763,
        "loop_energy_pct_diff": 198.5596099861613
      },
      {
        "layer_index": 1,
        "z_mid_m": 6.0,
        "sw_gamma_max": 0.0001420023236,
        "ref_gamma_max": 0.00010238136840577661,
        "gamma_max_pct_diff": 38.69938037670131,
        "sw_tau_peak_kpa": 36.422434432,
        "ref_tau_peak_kpa": 36.1,
        "tau_peak_pct_diff": 0.8931701717451563,
        "sw_secant_g_over_gmax": 0.6225374517,
        "ref_secant_g_over_gmax": 0.6918075144227482,
        "secant_g_over_gmax_pct_diff": -10.01290984538495,
        "stress_path_nrmse": null,
        "loop_energy_pct_diff": null
      },
      {
        "layer_index": 2,
        "z_mid_m": 10.0,
        "sw_gamma_max": 0.00024613670916,
        "ref_gamma_max": 0.0001855473392878404,
        "gamma_max_pct_diff": 32.65439973686018,
        "sw_tau_peak_kpa": 58.914239499,
        "ref_tau_peak_kpa": 57.6,
        "tau_peak_pct_diff": 2.2816657968749925,
        "sw_secant_g_over_gmax": 0.53757524508,
        "ref_secant_g_over_gmax": 0.6090693643668219,
        "secant_g_over_gmax_pct_diff": -11.738255684743885,
        "stress_path_nrmse": null,
        "loop_energy_pct_diff": null
      },
      {
        "layer_index": 3,
        "z_mid_m": 14.0,
        "sw_gamma_max": 0.00032768442551,
        "ref_gamma_max": 0.0002599749714841779,
        "gamma_max_pct_diff": 26.04460484764125,
        "sw_tau_peak_kpa": 76.683824332,
        "ref_tau_peak_kpa": 74.7,
        "tau_peak_pct_diff": 2.6557219973226203,
        "sw_secant_g_over_gmax": 0.49584440127,
        "ref_secant_g_over_gmax": 0.5637519610572196,
        "secant_g_over_gmax_pct_diff": -12.045644978311145,
        "stress_path_nrmse": null,
        "loop_energy_pct_diff": null
      },
      {
        "layer_index": 4,
        "z_mid_m": 18.0,
        "sw_gamma_max": 0.00036135048041,
        "ref_gamma_max": 0.000301760267240939,
        "gamma_max_pct_diff": 19.74753459556075,
        "sw_tau_peak_kpa": 86.562205724,
        "ref_tau_peak_kpa": 84.9,
        "tau_peak_pct_diff": 1.9578394864546393,
        "sw_secant_g_over_gmax": 0.48502195716,
        "ref_secant_g_over_gmax": 0.5520070668117482,
        "secant_g_over_gmax_pct_diff": -12.134828280122758,
        "stress_path_nrmse": null,
        "loop_energy_pct_diff": null
      }
    ]
  },
  "backbone_diagnostic": null,
  "reload_diagnostic": null,
  "envelope_diagnostic": null,
  "artifacts": {
    "output_dir": "H:\\Drive'\u0131m\\GitHub_Repo\\Deepsoil\\1DSRA\\output\\baseline_iter\\reload_branch_blend_sweep\\blend_0_75\\run-8046912724c6\\compare",
    "json_path": "H:\\Drive'\u0131m\\GitHub_Repo\\Deepsoil\\1DSRA\\output\\baseline_iter\\reload_branch_blend_sweep\\blend_0_75\\run-8046912724c6\\compare\\deepsoil_compare.json",
    "markdown_path": "H:\\Drive'\u0131m\\GitHub_Repo\\Deepsoil\\1DSRA\\output\\baseline_iter\\reload_branch_blend_sweep\\blend_0_75\\run-8046912724c6\\compare\\deepsoil_compare.md",
    "layer_parity_csv": "H:\\Drive'\u0131m\\GitHub_Repo\\Deepsoil\\1DSRA\\output\\baseline_iter\\reload_branch_blend_sweep\\blend_0_75\\run-8046912724c6\\compare\\layer_parity.csv",
    "backbone_diagnostic_csv": null,
    "hysteresis_envelope_csv": null
  }
}