{
  "run_id": "run-b38a5b342981",
  "run_dir": "H:\\Drive'\u0131m\\GitHub_Repo\\Deepsoil\\1DSRA\\output\\baseline_iter\\semantics_check\\literal_rigid_within\\run-b38a5b342981",
  "stratawave_dt_s": 0.004999999999999893,
  "deepsoil_dt_s": 0.004999999999999893,
  "overlap_duration_s": 29.99499999999936,
  "overlap_samples": 6000,
  "stratawave_pga_m_s2": 4.865911821710975,
  "deepsoil_pga_m_s2": 3.0161205902380765,
  "pga_ratio": 1.613301483189996,
  "pga_pct_diff": 61.330148318999605,
  "surface_rmse_m_s2": 0.7344975666952799,
  "surface_nrmse": 0.24352393902055944,
  "surface_corrcoef": 0.6402940847189029,
  "psa_point_count": 80,
  "psa_rmse_m_s2": 4.0670185467932445,
  "psa_nrmse": 0.36168266871798654,
  "psa_max_abs_diff_m_s2": 14.692736760923314,
  "psa_pct_diff_at_peak": 44.475246204254375,
  "psa_peak_period_s": 0.16941210201752382,
  "used_reference_psa_csv": true,
  "surface_psa_peak_period_diff_pct": 11.732494130275942,
  "arias_intensity_sw": 4.049234442389564,
  "arias_intensity_ref": 0.7032394850645711,
  "arias_intensity_ratio": 5.757973675237769,
  "xcorr_lag_samples": 3,
  "xcorr_lag_s": 0.01499999999999968,
  "xcorr_peak_coeff": 0.7203829538143522,
  "input_history_nrmse": 8.170042486602506e-07,
  "input_psa_nrmse": 0.014240944871516564,
  "applied_input_history_nrmse": 8.170042486602506e-07,
  "applied_input_psa_nrmse": 2.3215137809655103e-07,
  "input_dt_used_s": 0.004999999999999893,
  "input_pga_loaded_m_s2": 2.1467799709269246,
  "applied_input_pga_loaded_m_s2": 2.1467799709269246,
  "boundary_condition": "rigid",
  "motion_input_type": "within",
  "damping_mode": "frequency_independent",
  "base_motion_semantics_ok": false,
  "reference_kind": "primary_gqh",
  "warnings": [],
  "profile": {
    "depth_points": 5,
    "compared_metrics": [
      "effective_stress_kpa",
      "pga_g",
      "max_displacement_m",
      "max_strain_pct",
      "max_stress_ratio",
      "mobilized_strength_kpa",
      "mobilized_friction_angle_deg"
    ],
    "gamma_max_nrmse": null,
    "ru_max_nrmse": null,
    "sigma_v_eff_min_nrmse": null,
    "effective_stress_kpa_nrmse": 0.614482167294058,
    "pga_g_nrmse": 0.5802245549755363,
    "max_displacement_m_nrmse": 0.5362946816160735,
    "max_strain_pct_nrmse": 1.068860838640862,
    "max_stress_ratio_nrmse": 0.18614513072425015,
    "vs_m_s_nrmse": null,
    "implied_strength_kpa_nrmse": null,
    "normalized_implied_strength_nrmse": null,
    "implied_friction_angle_deg_nrmse": null,
    "mobilized_strength_nrmse": 0.3716367165626417,
    "mobilized_friction_angle_deg_nrmse": 0.16577639304485658
  },
  "hysteresis": {
    "layer_index": 0,
    "point_count": 240,
    "gamma_peak_pct_diff": 104.71320946677903,
    "tau_peak_pct_diff": 63.13557291700162,
    "loop_energy_pct_diff": 744.2331108269309,
    "stress_path_nrmse": 0.41786976737265086
  },
  "artifacts": null
}