{
  "run_id": "run-6503cd660105",
  "run_dir": "H:\\Drive'\u0131m\\GitHub_Repo\\Deepsoil\\1DSRA\\output\\baseline_iter\\variant_runs_refit\\mrd_wide_refit\\run-6503cd660105",
  "stratawave_dt_s": 0.004999999999999893,
  "deepsoil_dt_s": 0.004999999999999893,
  "overlap_duration_s": 29.99499999999936,
  "overlap_samples": 6000,
  "stratawave_pga_m_s2": 16.107933227173273,
  "deepsoil_pga_m_s2": 3.0161205902380765,
  "pga_ratio": 5.340613130425862,
  "pga_pct_diff": 434.0613130425862,
  "surface_rmse_m_s2": 2.5337771407405674,
  "surface_nrmse": 0.8400781947986794,
  "surface_corrcoef": 0.5647399969354051,
  "psa_point_count": 80,
  "psa_rmse_m_s2": 19.590976310711277,
  "psa_nrmse": 1.7422385743570907,
  "psa_max_abs_diff_m_s2": 42.9780804676229,
  "psa_pct_diff_at_peak": 329.1071195960433,
  "psa_peak_period_s": 0.16941210201752382,
  "used_reference_psa_csv": true,
  "surface_psa_peak_period_diff_pct": 39.48852439231403,
  "arias_intensity_sw": 35.803927518933655,
  "arias_intensity_ref": 0.7032394850645711,
  "arias_intensity_ratio": 50.912851566698016,
  "xcorr_lag_samples": 3,
  "xcorr_lag_s": 0.01499999999999968,
  "xcorr_peak_coeff": 0.6443306620690616,
  "input_history_nrmse": 1.0062741449790598,
  "input_psa_nrmse": 3.4412024257890197,
  "applied_input_history_nrmse": 1.0062741449790598,
  "applied_input_psa_nrmse": 3.296672167787897,
  "input_dt_used_s": 0.004999999999999893,
  "input_pga_loaded_m_s2": 21.052719801890525,
  "applied_input_pga_loaded_m_s2": 10.526359900945263,
  "boundary_condition": "rigid",
  "motion_input_type": "outcrop",
  "damping_mode": "frequency_independent",
  "base_motion_semantics_ok": true,
  "reference_kind": "primary_gqh",
  "warnings": [],
  "profile": {
    "depth_points": 5,
    "compared_metrics": [
      "effective_stress_kpa",
      "pga_g",
      "max_displacement_m",
      "max_strain_pct",
      "max_stress_ratio",
      "mobilized_strength_kpa",
      "mobilized_friction_angle_deg"
    ],
    "gamma_max_nrmse": null,
    "ru_max_nrmse": null,
    "sigma_v_eff_min_nrmse": null,
    "effective_stress_kpa_nrmse": 0.0,
    "pga_g_nrmse": 3.7660638836417935,
    "max_displacement_m_nrmse": 5.51025408686436,
    "max_strain_pct_nrmse": 7.973269514252634,
    "max_stress_ratio_nrmse": 2.5356938001027083,
    "vs_m_s_nrmse": null,
    "implied_strength_kpa_nrmse": null,
    "normalized_implied_strength_nrmse": null,
    "implied_friction_angle_deg_nrmse": null,
    "mobilized_strength_nrmse": 1.5962072332296813,
    "mobilized_friction_angle_deg_nrmse": 1.1000697045790109
  },
  "hysteresis": {
    "layer_index": 0,
    "point_count": 240,
    "gamma_peak_pct_diff": 684.0032118714882,
    "tau_peak_pct_diff": 436.0625304992567,
    "loop_energy_pct_diff": 4832.269386598568,
    "stress_path_nrmse": 1.1178564431764877
  },
  "artifacts": null
}